[2025-03-17 19:42:25] local.ERROR: Call to undefined method Illuminate\Contracts\Pagination\Paginator::useBootstrapFive() {"exception":"[object] (Error(code: 0): Call to undefined method Illuminate\\Contracts\\Pagination\\Paginator::useBootstrapFive() at C:\\Users\\PC\\Desktop\\gestion-bibliotheque\\laravel-backend\\app\\Providers\\AppServiceProvider.php:26)
[stacktrace]
#0 C:\\Users\\PC\\Desktop\\gestion-bibliotheque\\laravel-backend\\vendor\\laravel\\framework\\src\\Illuminate\\Container\\BoundMethod.php(36): App\\Providers\\AppServiceProvider->boot()
#1 C:\\Users\\PC\\Desktop\\gestion-bibliotheque\\laravel-backend\\vendor\\laravel\\framework\\src\\Illuminate\\Container\\Util.php(43): Illuminate\\Container\\BoundMethod::Illuminate\\Container\\{closure}()
#2 C:\\Users\\PC\\Desktop\\gestion-bibliotheque\\laravel-backend\\vendor\\laravel\\framework\\src\\Illuminate\\Container\\BoundMethod.php(95): Illuminate\\Container\\Util::unwrapIfClosure(Object(Closure))
#3 C:\\Users\\PC\\Desktop\\gestion-bibliotheque\\laravel-backend\\vendor\\laravel\\framework\\src\\Illuminate\\Container\\BoundMethod.php(35): Illuminate\\Container\\BoundMethod::callBoundMethod(Object(Illuminate\\Foundation\\Application), Array, Object(Closure))
#4 C:\\Users\\PC\\Desktop\\gestion-bibliotheque\\laravel-backend\\vendor\\laravel\\framework\\src\\Illuminate\\Container\\Container.php(694): Illuminate\\Container\\BoundMethod::call(Object(Illuminate\\Foundation\\Application), Array, Array, NULL)
#5 C:\\Users\\PC\\Desktop\\gestion-bibliotheque\\laravel-backend\\vendor\\laravel\\framework\\src\\Illuminate\\Foundation\\Application.php(1147): Illuminate\\Container\\Container->call(Array)
#6 C:\\Users\\PC\\Desktop\\gestion-bibliotheque\\laravel-backend\\vendor\\laravel\\framework\\src\\Illuminate\\Foundation\\Application.php(1128): Illuminate\\Foundation\\Application->bootProvider(Object(App\\Providers\\AppServiceProvider))
#7 [internal function]: Illuminate\\Foundation\\Application->Illuminate\\Foundation\\{closure}(Object(App\\Providers\\AppServiceProvider), 'App\\\\Providers\\\\A...')
#8 C:\\Users\\PC\\Desktop\\gestion-bibliotheque\\laravel-backend\\vendor\\laravel\\framework\\src\\Illuminate\\Foundation\\Application.php(1127): array_walk(Array, Object(Closure))
#9 C:\\Users\\PC\\Desktop\\gestion-bibliotheque\\laravel-backend\\vendor\\laravel\\framework\\src\\Illuminate\\Foundation\\Bootstrap\\BootProviders.php(17): Illuminate\\Foundation\\Application->boot()
#10 C:\\Users\\PC\\Desktop\\gestion-bibliotheque\\laravel-backend\\vendor\\laravel\\framework\\src\\Illuminate\\Foundation\\Application.php(342): Illuminate\\Foundation\\Bootstrap\\BootProviders->bootstrap(Object(Illuminate\\Foundation\\Application))
#11 C:\\Users\\PC\\Desktop\\gestion-bibliotheque\\laravel-backend\\vendor\\laravel\\framework\\src\\Illuminate\\Foundation\\Console\\Kernel.php(474): Illuminate\\Foundation\\Application->bootstrapWith(Array)
#12 C:\\Users\\PC\\Desktop\\gestion-bibliotheque\\laravel-backend\\vendor\\laravel\\framework\\src\\Illuminate\\Foundation\\Console\\Kernel.php(196): Illuminate\\Foundation\\Console\\Kernel->bootstrap()
#13 Command line code(1): Illuminate\\Foundation\\Console\\Kernel->handle(Object(Symfony\\Component\\Console\\Input\\ArgvInput), Object(Symfony\\Component\\Console\\Output\\ConsoleOutput))
#14 {main}
"} 
[2025-03-17 19:42:25] local.ERROR: Call to undefined method Illuminate\Contracts\Pagination\Paginator::useBootstrapFive() {"exception":"[object] (Error(code: 0): Call to undefined method Illuminate\\Contracts\\Pagination\\Paginator::useBootstrapFive() at C:\\Users\\PC\\Desktop\\gestion-bibliotheque\\laravel-backend\\app\\Providers\\AppServiceProvider.php:26)
[stacktrace]
#0 C:\\Users\\PC\\Desktop\\gestion-bibliotheque\\laravel-backend\\vendor\\laravel\\framework\\src\\Illuminate\\Container\\BoundMethod.php(36): App\\Providers\\AppServiceProvider->boot()
#1 C:\\Users\\PC\\Desktop\\gestion-bibliotheque\\laravel-backend\\vendor\\laravel\\framework\\src\\Illuminate\\Container\\Util.php(43): Illuminate\\Container\\BoundMethod::Illuminate\\Container\\{closure}()
#2 C:\\Users\\PC\\Desktop\\gestion-bibliotheque\\laravel-backend\\vendor\\laravel\\framework\\src\\Illuminate\\Container\\BoundMethod.php(95): Illuminate\\Container\\Util::unwrapIfClosure(Object(Closure))
#3 C:\\Users\\PC\\Desktop\\gestion-bibliotheque\\laravel-backend\\vendor\\laravel\\framework\\src\\Illuminate\\Container\\BoundMethod.php(35): Illuminate\\Container\\BoundMethod::callBoundMethod(Object(Illuminate\\Foundation\\Application), Array, Object(Closure))
#4 C:\\Users\\PC\\Desktop\\gestion-bibliotheque\\laravel-backend\\vendor\\laravel\\framework\\src\\Illuminate\\Container\\Container.php(694): Illuminate\\Container\\BoundMethod::call(Object(Illuminate\\Foundation\\Application), Array, Array, NULL)
#5 C:\\Users\\PC\\Desktop\\gestion-bibliotheque\\laravel-backend\\vendor\\laravel\\framework\\src\\Illuminate\\Foundation\\Application.php(1147): Illuminate\\Container\\Container->call(Array)
#6 C:\\Users\\PC\\Desktop\\gestion-bibliotheque\\laravel-backend\\vendor\\laravel\\framework\\src\\Illuminate\\Foundation\\Application.php(1128): Illuminate\\Foundation\\Application->bootProvider(Object(App\\Providers\\AppServiceProvider))
#7 [internal function]: Illuminate\\Foundation\\Application->Illuminate\\Foundation\\{closure}(Object(App\\Providers\\AppServiceProvider), 'App\\\\Providers\\\\A...')
#8 C:\\Users\\PC\\Desktop\\gestion-bibliotheque\\laravel-backend\\vendor\\laravel\\framework\\src\\Illuminate\\Foundation\\Application.php(1127): array_walk(Array, Object(Closure))
#9 C:\\Users\\PC\\Desktop\\gestion-bibliotheque\\laravel-backend\\vendor\\laravel\\framework\\src\\Illuminate\\Foundation\\Bootstrap\\BootProviders.php(17): Illuminate\\Foundation\\Application->boot()
#10 C:\\Users\\PC\\Desktop\\gestion-bibliotheque\\laravel-backend\\vendor\\laravel\\framework\\src\\Illuminate\\Foundation\\Application.php(342): Illuminate\\Foundation\\Bootstrap\\BootProviders->bootstrap(Object(Illuminate\\Foundation\\Application))
#11 C:\\Users\\PC\\Desktop\\gestion-bibliotheque\\laravel-backend\\vendor\\laravel\\framework\\src\\Illuminate\\Foundation\\Console\\Kernel.php(474): Illuminate\\Foundation\\Application->bootstrapWith(Array)
#12 C:\\Users\\PC\\Desktop\\gestion-bibliotheque\\laravel-backend\\vendor\\laravel\\framework\\src\\Illuminate\\Foundation\\Console\\Kernel.php(196): Illuminate\\Foundation\\Console\\Kernel->bootstrap()
#13 Command line code(1): Illuminate\\Foundation\\Console\\Kernel->handle(Object(Symfony\\Component\\Console\\Input\\ArgvInput), Object(Symfony\\Component\\Console\\Output\\ConsoleOutput))
#14 {main}
"} 
[2025-03-17 19:49:34] local.ERROR: Call to a member function delete() on string {"userId":1,"exception":"[object] (Error(code: 0): Call to a member function delete() on string at C:\\Users\\PC\\Desktop\\gestion-bibliotheque\\laravel-backend\\app\\Http\\Controllers\\LoansController.php:130)
[stacktrace]
#0 C:\\Users\\PC\\Desktop\\gestion-bibliotheque\\laravel-backend\\vendor\\laravel\\framework\\src\\Illuminate\\Routing\\ControllerDispatcher.php(47): App\\Http\\Controllers\\LoansController->destroy(Object(Illuminate\\Http\\Request), '13')
#1 C:\\Users\\PC\\Desktop\\gestion-bibliotheque\\laravel-backend\\vendor\\laravel\\framework\\src\\Illuminate\\Routing\\Route.php(266): Illuminate\\Routing\\ControllerDispatcher->dispatch(Object(Illuminate\\Routing\\Route), Object(App\\Http\\Controllers\\LoansController), 'destroy')
#2 C:\\Users\\PC\\Desktop\\gestion-bibliotheque\\laravel-backend\\vendor\\laravel\\framework\\src\\Illuminate\\Routing\\Route.php(212): Illuminate\\Routing\\Route->runController()
#3 C:\\Users\\PC\\Desktop\\gestion-bibliotheque\\laravel-backend\\vendor\\laravel\\framework\\src\\Illuminate\\Routing\\Router.php(808): Illuminate\\Routing\\Route->run()
#4 C:\\Users\\PC\\Desktop\\gestion-bibliotheque\\laravel-backend\\vendor\\laravel\\framework\\src\\Illuminate\\Pipeline\\Pipeline.php(170): Illuminate\\Routing\\Router->Illuminate\\Routing\\{closure}(Object(Illuminate\\Http\\Request))
#5 C:\\Users\\PC\\Desktop\\gestion-bibliotheque\\laravel-backend\\vendor\\laravel\\framework\\src\\Illuminate\\Routing\\Middleware\\SubstituteBindings.php(51): Illuminate\\Pipeline\\Pipeline->Illuminate\\Pipeline\\{closure}(Object(Illuminate\\Http\\Request))
#6 C:\\Users\\PC\\Desktop\\gestion-bibliotheque\\laravel-backend\\vendor\\laravel\\framework\\src\\Illuminate\\Pipeline\\Pipeline.php(209): Illuminate\\Routing\\Middleware\\SubstituteBindings->handle(Object(Illuminate\\Http\\Request), Object(Closure))
#7 C:\\Users\\PC\\Desktop\\gestion-bibliotheque\\laravel-backend\\vendor\\laravel\\framework\\src\\Illuminate\\Auth\\Middleware\\Authenticate.php(64): Illuminate\\Pipeline\\Pipeline->Illuminate\\Pipeline\\{closure}(Object(Illuminate\\Http\\Request))
#8 C:\\Users\\PC\\Desktop\\gestion-bibliotheque\\laravel-backend\\vendor\\laravel\\framework\\src\\Illuminate\\Pipeline\\Pipeline.php(209): Illuminate\\Auth\\Middleware\\Authenticate->handle(Object(Illuminate\\Http\\Request), Object(Closure))
#9 C:\\Users\\PC\\Desktop\\gestion-bibliotheque\\laravel-backend\\vendor\\laravel\\framework\\src\\Illuminate\\Foundation\\Http\\Middleware\\VerifyCsrfToken.php(88): Illuminate\\Pipeline\\Pipeline->Illuminate\\Pipeline\\{closure}(Object(Illuminate\\Http\\Request))
#10 C:\\Users\\PC\\Desktop\\gestion-bibliotheque\\laravel-backend\\vendor\\laravel\\framework\\src\\Illuminate\\Pipeline\\Pipeline.php(209): Illuminate\\Foundation\\Http\\Middleware\\VerifyCsrfToken->handle(Object(Illuminate\\Http\\Request), Object(Closure))
#11 C:\\Users\\PC\\Desktop\\gestion-bibliotheque\\laravel-backend\\vendor\\laravel\\framework\\src\\Illuminate\\View\\Middleware\\ShareErrorsFromSession.php(49): Illuminate\\Pipeline\\Pipeline->Illuminate\\Pipeline\\{closure}(Object(Illuminate\\Http\\Request))
#12 C:\\Users\\PC\\Desktop\\gestion-bibliotheque\\laravel-backend\\vendor\\laravel\\framework\\src\\Illuminate\\Pipeline\\Pipeline.php(209): Illuminate\\View\\Middleware\\ShareErrorsFromSession->handle(Object(Illuminate\\Http\\Request), Object(Closure))
#13 C:\\Users\\PC\\Desktop\\gestion-bibliotheque\\laravel-backend\\vendor\\laravel\\framework\\src\\Illuminate\\Session\\Middleware\\StartSession.php(121): Illuminate\\Pipeline\\Pipeline->Illuminate\\Pipeline\\{closure}(Object(Illuminate\\Http\\Request))
#14 C:\\Users\\PC\\Desktop\\gestion-bibliotheque\\laravel-backend\\vendor\\laravel\\framework\\src\\Illuminate\\Session\\Middleware\\StartSession.php(64): Illuminate\\Session\\Middleware\\StartSession->handleStatefulRequest(Object(Illuminate\\Http\\Request), Object(Illuminate\\Session\\Store), Object(Closure))
#15 C:\\Users\\PC\\Desktop\\gestion-bibliotheque\\laravel-backend\\vendor\\laravel\\framework\\src\\Illuminate\\Pipeline\\Pipeline.php(209): Illuminate\\Session\\Middleware\\StartSession->handle(Object(Illuminate\\Http\\Request), Object(Closure))
#16 C:\\Users\\PC\\Desktop\\gestion-bibliotheque\\laravel-backend\\vendor\\laravel\\framework\\src\\Illuminate\\Cookie\\Middleware\\AddQueuedCookiesToResponse.php(37): Illuminate\\Pipeline\\Pipeline->Illuminate\\Pipeline\\{closure}(Object(Illuminate\\Http\\Request))
#17 C:\\Users\\PC\\Desktop\\gestion-bibliotheque\\laravel-backend\\vendor\\laravel\\framework\\src\\Illuminate\\Pipeline\\Pipeline.php(209): Illuminate\\Cookie\\Middleware\\AddQueuedCookiesToResponse->handle(Object(Illuminate\\Http\\Request), Object(Closure))
#18 C:\\Users\\PC\\Desktop\\gestion-bibliotheque\\laravel-backend\\vendor\\laravel\\framework\\src\\Illuminate\\Cookie\\Middleware\\EncryptCookies.php(75): Illuminate\\Pipeline\\Pipeline->Illuminate\\Pipeline\\{closure}(Object(Illuminate\\Http\\Request))
#19 C:\\Users\\PC\\Desktop\\gestion-bibliotheque\\laravel-backend\\vendor\\laravel\\framework\\src\\Illuminate\\Pipeline\\Pipeline.php(209): Illuminate\\Cookie\\Middleware\\EncryptCookies->handle(Object(Illuminate\\Http\\Request), Object(Closure))
#20 C:\\Users\\PC\\Desktop\\gestion-bibliotheque\\laravel-backend\\vendor\\laravel\\framework\\src\\Illuminate\\Pipeline\\Pipeline.php(127): Illuminate\\Pipeline\\Pipeline->Illuminate\\Pipeline\\{closure}(Object(Illuminate\\Http\\Request))
#21 C:\\Users\\PC\\Desktop\\gestion-bibliotheque\\laravel-backend\\vendor\\laravel\\framework\\src\\Illuminate\\Routing\\Router.php(807): Illuminate\\Pipeline\\Pipeline->then(Object(Closure))
#22 C:\\Users\\PC\\Desktop\\gestion-bibliotheque\\laravel-backend\\vendor\\laravel\\framework\\src\\Illuminate\\Routing\\Router.php(786): Illuminate\\Routing\\Router->runRouteWithinStack(Object(Illuminate\\Routing\\Route), Object(Illuminate\\Http\\Request))
#23 C:\\Users\\PC\\Desktop\\gestion-bibliotheque\\laravel-backend\\vendor\\laravel\\framework\\src\\Illuminate\\Routing\\Router.php(750): Illuminate\\Routing\\Router->runRoute(Object(Illuminate\\Http\\Request), Object(Illuminate\\Routing\\Route))
#24 C:\\Users\\PC\\Desktop\\gestion-bibliotheque\\laravel-backend\\vendor\\laravel\\framework\\src\\Illuminate\\Routing\\Router.php(739): Illuminate\\Routing\\Router->dispatchToRoute(Object(Illuminate\\Http\\Request))
#25 C:\\Users\\PC\\Desktop\\gestion-bibliotheque\\laravel-backend\\vendor\\laravel\\framework\\src\\Illuminate\\Foundation\\Http\\Kernel.php(201): Illuminate\\Routing\\Router->dispatch(Object(Illuminate\\Http\\Request))
#26 C:\\Users\\PC\\Desktop\\gestion-bibliotheque\\laravel-backend\\vendor\\laravel\\framework\\src\\Illuminate\\Pipeline\\Pipeline.php(170): Illuminate\\Foundation\\Http\\Kernel->Illuminate\\Foundation\\Http\\{closure}(Object(Illuminate\\Http\\Request))
#27 C:\\Users\\PC\\Desktop\\gestion-bibliotheque\\laravel-backend\\vendor\\laravel\\framework\\src\\Illuminate\\Foundation\\Http\\Middleware\\TransformsRequest.php(21): Illuminate\\Pipeline\\Pipeline->Illuminate\\Pipeline\\{closure}(Object(Illuminate\\Http\\Request))
#28 C:\\Users\\PC\\Desktop\\gestion-bibliotheque\\laravel-backend\\vendor\\laravel\\framework\\src\\Illuminate\\Foundation\\Http\\Middleware\\ConvertEmptyStringsToNull.php(31): Illuminate\\Foundation\\Http\\Middleware\\TransformsRequest->handle(Object(Illuminate\\Http\\Request), Object(Closure))
#29 C:\\Users\\PC\\Desktop\\gestion-bibliotheque\\laravel-backend\\vendor\\laravel\\framework\\src\\Illuminate\\Pipeline\\Pipeline.php(209): Illuminate\\Foundation\\Http\\Middleware\\ConvertEmptyStringsToNull->handle(Object(Illuminate\\Http\\Request), Object(Closure))
#30 C:\\Users\\PC\\Desktop\\gestion-bibliotheque\\laravel-backend\\vendor\\laravel\\framework\\src\\Illuminate\\Foundation\\Http\\Middleware\\TransformsRequest.php(21): Illuminate\\Pipeline\\Pipeline->Illuminate\\Pipeline\\{closure}(Object(Illuminate\\Http\\Request))
#31 C:\\Users\\PC\\Desktop\\gestion-bibliotheque\\laravel-backend\\vendor\\laravel\\framework\\src\\Illuminate\\Foundation\\Http\\Middleware\\TrimStrings.php(51): Illuminate\\Foundation\\Http\\Middleware\\TransformsRequest->handle(Object(Illuminate\\Http\\Request), Object(Closure))
#32 C:\\Users\\PC\\Desktop\\gestion-bibliotheque\\laravel-backend\\vendor\\laravel\\framework\\src\\Illuminate\\Pipeline\\Pipeline.php(209): Illuminate\\Foundation\\Http\\Middleware\\TrimStrings->handle(Object(Illuminate\\Http\\Request), Object(Closure))
#33 C:\\Users\\PC\\Desktop\\gestion-bibliotheque\\laravel-backend\\vendor\\laravel\\framework\\src\\Illuminate\\Http\\Middleware\\ValidatePostSize.php(27): Illuminate\\Pipeline\\Pipeline->Illuminate\\Pipeline\\{closure}(Object(Illuminate\\Http\\Request))
#34 C:\\Users\\PC\\Desktop\\gestion-bibliotheque\\laravel-backend\\vendor\\laravel\\framework\\src\\Illuminate\\Pipeline\\Pipeline.php(209): Illuminate\\Http\\Middleware\\ValidatePostSize->handle(Object(Illuminate\\Http\\Request), Object(Closure))
#35 C:\\Users\\PC\\Desktop\\gestion-bibliotheque\\laravel-backend\\vendor\\laravel\\framework\\src\\Illuminate\\Foundation\\Http\\Middleware\\PreventRequestsDuringMaintenance.php(110): Illuminate\\Pipeline\\Pipeline->Illuminate\\Pipeline\\{closure}(Object(Illuminate\\Http\\Request))
#36 C:\\Users\\PC\\Desktop\\gestion-bibliotheque\\laravel-backend\\vendor\\laravel\\framework\\src\\Illuminate\\Pipeline\\Pipeline.php(209): Illuminate\\Foundation\\Http\\Middleware\\PreventRequestsDuringMaintenance->handle(Object(Illuminate\\Http\\Request), Object(Closure))
#37 C:\\Users\\PC\\Desktop\\gestion-bibliotheque\\laravel-backend\\vendor\\laravel\\framework\\src\\Illuminate\\Http\\Middleware\\HandleCors.php(49): Illuminate\\Pipeline\\Pipeline->Illuminate\\Pipeline\\{closure}(Object(Illuminate\\Http\\Request))
#38 C:\\Users\\PC\\Desktop\\gestion-bibliotheque\\laravel-backend\\vendor\\laravel\\framework\\src\\Illuminate\\Pipeline\\Pipeline.php(209): Illuminate\\Http\\Middleware\\HandleCors->handle(Object(Illuminate\\Http\\Request), Object(Closure))
#39 C:\\Users\\PC\\Desktop\\gestion-bibliotheque\\laravel-backend\\vendor\\laravel\\framework\\src\\Illuminate\\Http\\Middleware\\TrustProxies.php(58): Illuminate\\Pipeline\\Pipeline->Illuminate\\Pipeline\\{closure}(Object(Illuminate\\Http\\Request))
#40 C:\\Users\\PC\\Desktop\\gestion-bibliotheque\\laravel-backend\\vendor\\laravel\\framework\\src\\Illuminate\\Pipeline\\Pipeline.php(209): Illuminate\\Http\\Middleware\\TrustProxies->handle(Object(Illuminate\\Http\\Request), Object(Closure))
#41 C:\\Users\\PC\\Desktop\\gestion-bibliotheque\\laravel-backend\\vendor\\laravel\\framework\\src\\Illuminate\\Foundation\\Http\\Middleware\\InvokeDeferredCallbacks.php(22): Illuminate\\Pipeline\\Pipeline->Illuminate\\Pipeline\\{closure}(Object(Illuminate\\Http\\Request))
#42 C:\\Users\\PC\\Desktop\\gestion-bibliotheque\\laravel-backend\\vendor\\laravel\\framework\\src\\Illuminate\\Pipeline\\Pipeline.php(209): Illuminate\\Foundation\\Http\\Middleware\\InvokeDeferredCallbacks->handle(Object(Illuminate\\Http\\Request), Object(Closure))
#43 C:\\Users\\PC\\Desktop\\gestion-bibliotheque\\laravel-backend\\vendor\\laravel\\framework\\src\\Illuminate\\Pipeline\\Pipeline.php(127): Illuminate\\Pipeline\\Pipeline->Illuminate\\Pipeline\\{closure}(Object(Illuminate\\Http\\Request))
#44 C:\\Users\\PC\\Desktop\\gestion-bibliotheque\\laravel-backend\\vendor\\laravel\\framework\\src\\Illuminate\\Foundation\\Http\\Kernel.php(176): Illuminate\\Pipeline\\Pipeline->then(Object(Closure))
#45 C:\\Users\\PC\\Desktop\\gestion-bibliotheque\\laravel-backend\\vendor\\laravel\\framework\\src\\Illuminate\\Foundation\\Http\\Kernel.php(145): Illuminate\\Foundation\\Http\\Kernel->sendRequestThroughRouter(Object(Illuminate\\Http\\Request))
#46 C:\\Users\\PC\\Desktop\\gestion-bibliotheque\\laravel-backend\\vendor\\laravel\\framework\\src\\Illuminate\\Foundation\\Application.php(1216): Illuminate\\Foundation\\Http\\Kernel->handle(Object(Illuminate\\Http\\Request))
#47 C:\\Users\\PC\\Desktop\\gestion-bibliotheque\\laravel-backend\\public\\index.php(17): Illuminate\\Foundation\\Application->handleRequest(Object(Illuminate\\Http\\Request))
#48 C:\\Users\\PC\\Desktop\\gestion-bibliotheque\\laravel-backend\\vendor\\laravel\\framework\\src\\Illuminate\\Foundation\\resources\\server.php(23): require_once('C:\\\\Users\\\\PC\\\\Des...')
#49 {main}
"} 
[2025-03-17 19:59:03] local.ERROR: Call to a member function delete() on string {"userId":1,"exception":"[object] (Error(code: 0): Call to a member function delete() on string at C:\\Users\\PC\\Desktop\\gestion-bibliotheque\\laravel-backend\\app\\Http\\Controllers\\LoansController.php:131)
[stacktrace]
#0 C:\\Users\\PC\\Desktop\\gestion-bibliotheque\\laravel-backend\\vendor\\laravel\\framework\\src\\Illuminate\\Routing\\ControllerDispatcher.php(47): App\\Http\\Controllers\\LoansController->destroy('13')
#1 C:\\Users\\PC\\Desktop\\gestion-bibliotheque\\laravel-backend\\vendor\\laravel\\framework\\src\\Illuminate\\Routing\\Route.php(266): Illuminate\\Routing\\ControllerDispatcher->dispatch(Object(Illuminate\\Routing\\Route), Object(App\\Http\\Controllers\\LoansController), 'destroy')
#2 C:\\Users\\PC\\Desktop\\gestion-bibliotheque\\laravel-backend\\vendor\\laravel\\framework\\src\\Illuminate\\Routing\\Route.php(212): Illuminate\\Routing\\Route->runController()
#3 C:\\Users\\PC\\Desktop\\gestion-bibliotheque\\laravel-backend\\vendor\\laravel\\framework\\src\\Illuminate\\Routing\\Router.php(808): Illuminate\\Routing\\Route->run()
#4 C:\\Users\\PC\\Desktop\\gestion-bibliotheque\\laravel-backend\\vendor\\laravel\\framework\\src\\Illuminate\\Pipeline\\Pipeline.php(170): Illuminate\\Routing\\Router->Illuminate\\Routing\\{closure}(Object(Illuminate\\Http\\Request))
#5 C:\\Users\\PC\\Desktop\\gestion-bibliotheque\\laravel-backend\\vendor\\laravel\\framework\\src\\Illuminate\\Routing\\Middleware\\SubstituteBindings.php(51): Illuminate\\Pipeline\\Pipeline->Illuminate\\Pipeline\\{closure}(Object(Illuminate\\Http\\Request))
#6 C:\\Users\\PC\\Desktop\\gestion-bibliotheque\\laravel-backend\\vendor\\laravel\\framework\\src\\Illuminate\\Pipeline\\Pipeline.php(209): Illuminate\\Routing\\Middleware\\SubstituteBindings->handle(Object(Illuminate\\Http\\Request), Object(Closure))
#7 C:\\Users\\PC\\Desktop\\gestion-bibliotheque\\laravel-backend\\vendor\\laravel\\framework\\src\\Illuminate\\Auth\\Middleware\\Authenticate.php(64): Illuminate\\Pipeline\\Pipeline->Illuminate\\Pipeline\\{closure}(Object(Illuminate\\Http\\Request))
#8 C:\\Users\\PC\\Desktop\\gestion-bibliotheque\\laravel-backend\\vendor\\laravel\\framework\\src\\Illuminate\\Pipeline\\Pipeline.php(209): Illuminate\\Auth\\Middleware\\Authenticate->handle(Object(Illuminate\\Http\\Request), Object(Closure))
#9 C:\\Users\\PC\\Desktop\\gestion-bibliotheque\\laravel-backend\\vendor\\laravel\\framework\\src\\Illuminate\\Foundation\\Http\\Middleware\\VerifyCsrfToken.php(88): Illuminate\\Pipeline\\Pipeline->Illuminate\\Pipeline\\{closure}(Object(Illuminate\\Http\\Request))
#10 C:\\Users\\PC\\Desktop\\gestion-bibliotheque\\laravel-backend\\vendor\\laravel\\framework\\src\\Illuminate\\Pipeline\\Pipeline.php(209): Illuminate\\Foundation\\Http\\Middleware\\VerifyCsrfToken->handle(Object(Illuminate\\Http\\Request), Object(Closure))
#11 C:\\Users\\PC\\Desktop\\gestion-bibliotheque\\laravel-backend\\vendor\\laravel\\framework\\src\\Illuminate\\View\\Middleware\\ShareErrorsFromSession.php(49): Illuminate\\Pipeline\\Pipeline->Illuminate\\Pipeline\\{closure}(Object(Illuminate\\Http\\Request))
#12 C:\\Users\\PC\\Desktop\\gestion-bibliotheque\\laravel-backend\\vendor\\laravel\\framework\\src\\Illuminate\\Pipeline\\Pipeline.php(209): Illuminate\\View\\Middleware\\ShareErrorsFromSession->handle(Object(Illuminate\\Http\\Request), Object(Closure))
#13 C:\\Users\\PC\\Desktop\\gestion-bibliotheque\\laravel-backend\\vendor\\laravel\\framework\\src\\Illuminate\\Session\\Middleware\\StartSession.php(121): Illuminate\\Pipeline\\Pipeline->Illuminate\\Pipeline\\{closure}(Object(Illuminate\\Http\\Request))
#14 C:\\Users\\PC\\Desktop\\gestion-bibliotheque\\laravel-backend\\vendor\\laravel\\framework\\src\\Illuminate\\Session\\Middleware\\StartSession.php(64): Illuminate\\Session\\Middleware\\StartSession->handleStatefulRequest(Object(Illuminate\\Http\\Request), Object(Illuminate\\Session\\Store), Object(Closure))
#15 C:\\Users\\PC\\Desktop\\gestion-bibliotheque\\laravel-backend\\vendor\\laravel\\framework\\src\\Illuminate\\Pipeline\\Pipeline.php(209): Illuminate\\Session\\Middleware\\StartSession->handle(Object(Illuminate\\Http\\Request), Object(Closure))
#16 C:\\Users\\PC\\Desktop\\gestion-bibliotheque\\laravel-backend\\vendor\\laravel\\framework\\src\\Illuminate\\Cookie\\Middleware\\AddQueuedCookiesToResponse.php(37): Illuminate\\Pipeline\\Pipeline->Illuminate\\Pipeline\\{closure}(Object(Illuminate\\Http\\Request))
#17 C:\\Users\\PC\\Desktop\\gestion-bibliotheque\\laravel-backend\\vendor\\laravel\\framework\\src\\Illuminate\\Pipeline\\Pipeline.php(209): Illuminate\\Cookie\\Middleware\\AddQueuedCookiesToResponse->handle(Object(Illuminate\\Http\\Request), Object(Closure))
#18 C:\\Users\\PC\\Desktop\\gestion-bibliotheque\\laravel-backend\\vendor\\laravel\\framework\\src\\Illuminate\\Cookie\\Middleware\\EncryptCookies.php(75): Illuminate\\Pipeline\\Pipeline->Illuminate\\Pipeline\\{closure}(Object(Illuminate\\Http\\Request))
#19 C:\\Users\\PC\\Desktop\\gestion-bibliotheque\\laravel-backend\\vendor\\laravel\\framework\\src\\Illuminate\\Pipeline\\Pipeline.php(209): Illuminate\\Cookie\\Middleware\\EncryptCookies->handle(Object(Illuminate\\Http\\Request), Object(Closure))
#20 C:\\Users\\PC\\Desktop\\gestion-bibliotheque\\laravel-backend\\vendor\\laravel\\framework\\src\\Illuminate\\Pipeline\\Pipeline.php(127): Illuminate\\Pipeline\\Pipeline->Illuminate\\Pipeline\\{closure}(Object(Illuminate\\Http\\Request))
#21 C:\\Users\\PC\\Desktop\\gestion-bibliotheque\\laravel-backend\\vendor\\laravel\\framework\\src\\Illuminate\\Routing\\Router.php(807): Illuminate\\Pipeline\\Pipeline->then(Object(Closure))
#22 C:\\Users\\PC\\Desktop\\gestion-bibliotheque\\laravel-backend\\vendor\\laravel\\framework\\src\\Illuminate\\Routing\\Router.php(786): Illuminate\\Routing\\Router->runRouteWithinStack(Object(Illuminate\\Routing\\Route), Object(Illuminate\\Http\\Request))
#23 C:\\Users\\PC\\Desktop\\gestion-bibliotheque\\laravel-backend\\vendor\\laravel\\framework\\src\\Illuminate\\Routing\\Router.php(750): Illuminate\\Routing\\Router->runRoute(Object(Illuminate\\Http\\Request), Object(Illuminate\\Routing\\Route))
#24 C:\\Users\\PC\\Desktop\\gestion-bibliotheque\\laravel-backend\\vendor\\laravel\\framework\\src\\Illuminate\\Routing\\Router.php(739): Illuminate\\Routing\\Router->dispatchToRoute(Object(Illuminate\\Http\\Request))
#25 C:\\Users\\PC\\Desktop\\gestion-bibliotheque\\laravel-backend\\vendor\\laravel\\framework\\src\\Illuminate\\Foundation\\Http\\Kernel.php(201): Illuminate\\Routing\\Router->dispatch(Object(Illuminate\\Http\\Request))
#26 C:\\Users\\PC\\Desktop\\gestion-bibliotheque\\laravel-backend\\vendor\\laravel\\framework\\src\\Illuminate\\Pipeline\\Pipeline.php(170): Illuminate\\Foundation\\Http\\Kernel->Illuminate\\Foundation\\Http\\{closure}(Object(Illuminate\\Http\\Request))
#27 C:\\Users\\PC\\Desktop\\gestion-bibliotheque\\laravel-backend\\vendor\\laravel\\framework\\src\\Illuminate\\Foundation\\Http\\Middleware\\TransformsRequest.php(21): Illuminate\\Pipeline\\Pipeline->Illuminate\\Pipeline\\{closure}(Object(Illuminate\\Http\\Request))
#28 C:\\Users\\PC\\Desktop\\gestion-bibliotheque\\laravel-backend\\vendor\\laravel\\framework\\src\\Illuminate\\Foundation\\Http\\Middleware\\ConvertEmptyStringsToNull.php(31): Illuminate\\Foundation\\Http\\Middleware\\TransformsRequest->handle(Object(Illuminate\\Http\\Request), Object(Closure))
#29 C:\\Users\\PC\\Desktop\\gestion-bibliotheque\\laravel-backend\\vendor\\laravel\\framework\\src\\Illuminate\\Pipeline\\Pipeline.php(209): Illuminate\\Foundation\\Http\\Middleware\\ConvertEmptyStringsToNull->handle(Object(Illuminate\\Http\\Request), Object(Closure))
#30 C:\\Users\\PC\\Desktop\\gestion-bibliotheque\\laravel-backend\\vendor\\laravel\\framework\\src\\Illuminate\\Foundation\\Http\\Middleware\\TransformsRequest.php(21): Illuminate\\Pipeline\\Pipeline->Illuminate\\Pipeline\\{closure}(Object(Illuminate\\Http\\Request))
#31 C:\\Users\\PC\\Desktop\\gestion-bibliotheque\\laravel-backend\\vendor\\laravel\\framework\\src\\Illuminate\\Foundation\\Http\\Middleware\\TrimStrings.php(51): Illuminate\\Foundation\\Http\\Middleware\\TransformsRequest->handle(Object(Illuminate\\Http\\Request), Object(Closure))
#32 C:\\Users\\PC\\Desktop\\gestion-bibliotheque\\laravel-backend\\vendor\\laravel\\framework\\src\\Illuminate\\Pipeline\\Pipeline.php(209): Illuminate\\Foundation\\Http\\Middleware\\TrimStrings->handle(Object(Illuminate\\Http\\Request), Object(Closure))
#33 C:\\Users\\PC\\Desktop\\gestion-bibliotheque\\laravel-backend\\vendor\\laravel\\framework\\src\\Illuminate\\Http\\Middleware\\ValidatePostSize.php(27): Illuminate\\Pipeline\\Pipeline->Illuminate\\Pipeline\\{closure}(Object(Illuminate\\Http\\Request))
#34 C:\\Users\\PC\\Desktop\\gestion-bibliotheque\\laravel-backend\\vendor\\laravel\\framework\\src\\Illuminate\\Pipeline\\Pipeline.php(209): Illuminate\\Http\\Middleware\\ValidatePostSize->handle(Object(Illuminate\\Http\\Request), Object(Closure))
#35 C:\\Users\\PC\\Desktop\\gestion-bibliotheque\\laravel-backend\\vendor\\laravel\\framework\\src\\Illuminate\\Foundation\\Http\\Middleware\\PreventRequestsDuringMaintenance.php(110): Illuminate\\Pipeline\\Pipeline->Illuminate\\Pipeline\\{closure}(Object(Illuminate\\Http\\Request))
#36 C:\\Users\\PC\\Desktop\\gestion-bibliotheque\\laravel-backend\\vendor\\laravel\\framework\\src\\Illuminate\\Pipeline\\Pipeline.php(209): Illuminate\\Foundation\\Http\\Middleware\\PreventRequestsDuringMaintenance->handle(Object(Illuminate\\Http\\Request), Object(Closure))
#37 C:\\Users\\PC\\Desktop\\gestion-bibliotheque\\laravel-backend\\vendor\\laravel\\framework\\src\\Illuminate\\Http\\Middleware\\HandleCors.php(49): Illuminate\\Pipeline\\Pipeline->Illuminate\\Pipeline\\{closure}(Object(Illuminate\\Http\\Request))
#38 C:\\Users\\PC\\Desktop\\gestion-bibliotheque\\laravel-backend\\vendor\\laravel\\framework\\src\\Illuminate\\Pipeline\\Pipeline.php(209): Illuminate\\Http\\Middleware\\HandleCors->handle(Object(Illuminate\\Http\\Request), Object(Closure))
#39 C:\\Users\\PC\\Desktop\\gestion-bibliotheque\\laravel-backend\\vendor\\laravel\\framework\\src\\Illuminate\\Http\\Middleware\\TrustProxies.php(58): Illuminate\\Pipeline\\Pipeline->Illuminate\\Pipeline\\{closure}(Object(Illuminate\\Http\\Request))
#40 C:\\Users\\PC\\Desktop\\gestion-bibliotheque\\laravel-backend\\vendor\\laravel\\framework\\src\\Illuminate\\Pipeline\\Pipeline.php(209): Illuminate\\Http\\Middleware\\TrustProxies->handle(Object(Illuminate\\Http\\Request), Object(Closure))
#41 C:\\Users\\PC\\Desktop\\gestion-bibliotheque\\laravel-backend\\vendor\\laravel\\framework\\src\\Illuminate\\Foundation\\Http\\Middleware\\InvokeDeferredCallbacks.php(22): Illuminate\\Pipeline\\Pipeline->Illuminate\\Pipeline\\{closure}(Object(Illuminate\\Http\\Request))
#42 C:\\Users\\PC\\Desktop\\gestion-bibliotheque\\laravel-backend\\vendor\\laravel\\framework\\src\\Illuminate\\Pipeline\\Pipeline.php(209): Illuminate\\Foundation\\Http\\Middleware\\InvokeDeferredCallbacks->handle(Object(Illuminate\\Http\\Request), Object(Closure))
#43 C:\\Users\\PC\\Desktop\\gestion-bibliotheque\\laravel-backend\\vendor\\laravel\\framework\\src\\Illuminate\\Pipeline\\Pipeline.php(127): Illuminate\\Pipeline\\Pipeline->Illuminate\\Pipeline\\{closure}(Object(Illuminate\\Http\\Request))
#44 C:\\Users\\PC\\Desktop\\gestion-bibliotheque\\laravel-backend\\vendor\\laravel\\framework\\src\\Illuminate\\Foundation\\Http\\Kernel.php(176): Illuminate\\Pipeline\\Pipeline->then(Object(Closure))
#45 C:\\Users\\PC\\Desktop\\gestion-bibliotheque\\laravel-backend\\vendor\\laravel\\framework\\src\\Illuminate\\Foundation\\Http\\Kernel.php(145): Illuminate\\Foundation\\Http\\Kernel->sendRequestThroughRouter(Object(Illuminate\\Http\\Request))
#46 C:\\Users\\PC\\Desktop\\gestion-bibliotheque\\laravel-backend\\vendor\\laravel\\framework\\src\\Illuminate\\Foundation\\Application.php(1216): Illuminate\\Foundation\\Http\\Kernel->handle(Object(Illuminate\\Http\\Request))
#47 C:\\Users\\PC\\Desktop\\gestion-bibliotheque\\laravel-backend\\public\\index.php(17): Illuminate\\Foundation\\Application->handleRequest(Object(Illuminate\\Http\\Request))
#48 C:\\Users\\PC\\Desktop\\gestion-bibliotheque\\laravel-backend\\vendor\\laravel\\framework\\src\\Illuminate\\Foundation\\resources\\server.php(23): require_once('C:\\\\Users\\\\PC\\\\Des...')
#49 {main}
"} 
[2025-03-17 20:03:01] local.ERROR: Call to a member function delete() on string {"userId":1,"exception":"[object] (Error(code: 0): Call to a member function delete() on string at C:\\Users\\PC\\Desktop\\gestion-bibliotheque\\laravel-backend\\app\\Http\\Controllers\\LoansController.php:132)
[stacktrace]
#0 C:\\Users\\PC\\Desktop\\gestion-bibliotheque\\laravel-backend\\vendor\\laravel\\framework\\src\\Illuminate\\Routing\\ControllerDispatcher.php(47): App\\Http\\Controllers\\LoansController->destroy('13')
#1 C:\\Users\\PC\\Desktop\\gestion-bibliotheque\\laravel-backend\\vendor\\laravel\\framework\\src\\Illuminate\\Routing\\Route.php(266): Illuminate\\Routing\\ControllerDispatcher->dispatch(Object(Illuminate\\Routing\\Route), Object(App\\Http\\Controllers\\LoansController), 'destroy')
#2 C:\\Users\\PC\\Desktop\\gestion-bibliotheque\\laravel-backend\\vendor\\laravel\\framework\\src\\Illuminate\\Routing\\Route.php(212): Illuminate\\Routing\\Route->runController()
#3 C:\\Users\\PC\\Desktop\\gestion-bibliotheque\\laravel-backend\\vendor\\laravel\\framework\\src\\Illuminate\\Routing\\Router.php(808): Illuminate\\Routing\\Route->run()
#4 C:\\Users\\PC\\Desktop\\gestion-bibliotheque\\laravel-backend\\vendor\\laravel\\framework\\src\\Illuminate\\Pipeline\\Pipeline.php(170): Illuminate\\Routing\\Router->Illuminate\\Routing\\{closure}(Object(Illuminate\\Http\\Request))
#5 C:\\Users\\PC\\Desktop\\gestion-bibliotheque\\laravel-backend\\vendor\\laravel\\framework\\src\\Illuminate\\Routing\\Middleware\\SubstituteBindings.php(51): Illuminate\\Pipeline\\Pipeline->Illuminate\\Pipeline\\{closure}(Object(Illuminate\\Http\\Request))
#6 C:\\Users\\PC\\Desktop\\gestion-bibliotheque\\laravel-backend\\vendor\\laravel\\framework\\src\\Illuminate\\Pipeline\\Pipeline.php(209): Illuminate\\Routing\\Middleware\\SubstituteBindings->handle(Object(Illuminate\\Http\\Request), Object(Closure))
#7 C:\\Users\\PC\\Desktop\\gestion-bibliotheque\\laravel-backend\\vendor\\laravel\\framework\\src\\Illuminate\\Auth\\Middleware\\Authenticate.php(64): Illuminate\\Pipeline\\Pipeline->Illuminate\\Pipeline\\{closure}(Object(Illuminate\\Http\\Request))
#8 C:\\Users\\PC\\Desktop\\gestion-bibliotheque\\laravel-backend\\vendor\\laravel\\framework\\src\\Illuminate\\Pipeline\\Pipeline.php(209): Illuminate\\Auth\\Middleware\\Authenticate->handle(Object(Illuminate\\Http\\Request), Object(Closure))
#9 C:\\Users\\PC\\Desktop\\gestion-bibliotheque\\laravel-backend\\vendor\\laravel\\framework\\src\\Illuminate\\Foundation\\Http\\Middleware\\VerifyCsrfToken.php(88): Illuminate\\Pipeline\\Pipeline->Illuminate\\Pipeline\\{closure}(Object(Illuminate\\Http\\Request))
#10 C:\\Users\\PC\\Desktop\\gestion-bibliotheque\\laravel-backend\\vendor\\laravel\\framework\\src\\Illuminate\\Pipeline\\Pipeline.php(209): Illuminate\\Foundation\\Http\\Middleware\\VerifyCsrfToken->handle(Object(Illuminate\\Http\\Request), Object(Closure))
#11 C:\\Users\\PC\\Desktop\\gestion-bibliotheque\\laravel-backend\\vendor\\laravel\\framework\\src\\Illuminate\\View\\Middleware\\ShareErrorsFromSession.php(49): Illuminate\\Pipeline\\Pipeline->Illuminate\\Pipeline\\{closure}(Object(Illuminate\\Http\\Request))
#12 C:\\Users\\PC\\Desktop\\gestion-bibliotheque\\laravel-backend\\vendor\\laravel\\framework\\src\\Illuminate\\Pipeline\\Pipeline.php(209): Illuminate\\View\\Middleware\\ShareErrorsFromSession->handle(Object(Illuminate\\Http\\Request), Object(Closure))
#13 C:\\Users\\PC\\Desktop\\gestion-bibliotheque\\laravel-backend\\vendor\\laravel\\framework\\src\\Illuminate\\Session\\Middleware\\StartSession.php(121): Illuminate\\Pipeline\\Pipeline->Illuminate\\Pipeline\\{closure}(Object(Illuminate\\Http\\Request))
#14 C:\\Users\\PC\\Desktop\\gestion-bibliotheque\\laravel-backend\\vendor\\laravel\\framework\\src\\Illuminate\\Session\\Middleware\\StartSession.php(64): Illuminate\\Session\\Middleware\\StartSession->handleStatefulRequest(Object(Illuminate\\Http\\Request), Object(Illuminate\\Session\\Store), Object(Closure))
#15 C:\\Users\\PC\\Desktop\\gestion-bibliotheque\\laravel-backend\\vendor\\laravel\\framework\\src\\Illuminate\\Pipeline\\Pipeline.php(209): Illuminate\\Session\\Middleware\\StartSession->handle(Object(Illuminate\\Http\\Request), Object(Closure))
#16 C:\\Users\\PC\\Desktop\\gestion-bibliotheque\\laravel-backend\\vendor\\laravel\\framework\\src\\Illuminate\\Cookie\\Middleware\\AddQueuedCookiesToResponse.php(37): Illuminate\\Pipeline\\Pipeline->Illuminate\\Pipeline\\{closure}(Object(Illuminate\\Http\\Request))
#17 C:\\Users\\PC\\Desktop\\gestion-bibliotheque\\laravel-backend\\vendor\\laravel\\framework\\src\\Illuminate\\Pipeline\\Pipeline.php(209): Illuminate\\Cookie\\Middleware\\AddQueuedCookiesToResponse->handle(Object(Illuminate\\Http\\Request), Object(Closure))
#18 C:\\Users\\PC\\Desktop\\gestion-bibliotheque\\laravel-backend\\vendor\\laravel\\framework\\src\\Illuminate\\Cookie\\Middleware\\EncryptCookies.php(75): Illuminate\\Pipeline\\Pipeline->Illuminate\\Pipeline\\{closure}(Object(Illuminate\\Http\\Request))
#19 C:\\Users\\PC\\Desktop\\gestion-bibliotheque\\laravel-backend\\vendor\\laravel\\framework\\src\\Illuminate\\Pipeline\\Pipeline.php(209): Illuminate\\Cookie\\Middleware\\EncryptCookies->handle(Object(Illuminate\\Http\\Request), Object(Closure))
#20 C:\\Users\\PC\\Desktop\\gestion-bibliotheque\\laravel-backend\\vendor\\laravel\\framework\\src\\Illuminate\\Pipeline\\Pipeline.php(127): Illuminate\\Pipeline\\Pipeline->Illuminate\\Pipeline\\{closure}(Object(Illuminate\\Http\\Request))
#21 C:\\Users\\PC\\Desktop\\gestion-bibliotheque\\laravel-backend\\vendor\\laravel\\framework\\src\\Illuminate\\Routing\\Router.php(807): Illuminate\\Pipeline\\Pipeline->then(Object(Closure))
#22 C:\\Users\\PC\\Desktop\\gestion-bibliotheque\\laravel-backend\\vendor\\laravel\\framework\\src\\Illuminate\\Routing\\Router.php(786): Illuminate\\Routing\\Router->runRouteWithinStack(Object(Illuminate\\Routing\\Route), Object(Illuminate\\Http\\Request))
#23 C:\\Users\\PC\\Desktop\\gestion-bibliotheque\\laravel-backend\\vendor\\laravel\\framework\\src\\Illuminate\\Routing\\Router.php(750): Illuminate\\Routing\\Router->runRoute(Object(Illuminate\\Http\\Request), Object(Illuminate\\Routing\\Route))
#24 C:\\Users\\PC\\Desktop\\gestion-bibliotheque\\laravel-backend\\vendor\\laravel\\framework\\src\\Illuminate\\Routing\\Router.php(739): Illuminate\\Routing\\Router->dispatchToRoute(Object(Illuminate\\Http\\Request))
#25 C:\\Users\\PC\\Desktop\\gestion-bibliotheque\\laravel-backend\\vendor\\laravel\\framework\\src\\Illuminate\\Foundation\\Http\\Kernel.php(201): Illuminate\\Routing\\Router->dispatch(Object(Illuminate\\Http\\Request))
#26 C:\\Users\\PC\\Desktop\\gestion-bibliotheque\\laravel-backend\\vendor\\laravel\\framework\\src\\Illuminate\\Pipeline\\Pipeline.php(170): Illuminate\\Foundation\\Http\\Kernel->Illuminate\\Foundation\\Http\\{closure}(Object(Illuminate\\Http\\Request))
#27 C:\\Users\\PC\\Desktop\\gestion-bibliotheque\\laravel-backend\\vendor\\laravel\\framework\\src\\Illuminate\\Foundation\\Http\\Middleware\\TransformsRequest.php(21): Illuminate\\Pipeline\\Pipeline->Illuminate\\Pipeline\\{closure}(Object(Illuminate\\Http\\Request))
#28 C:\\Users\\PC\\Desktop\\gestion-bibliotheque\\laravel-backend\\vendor\\laravel\\framework\\src\\Illuminate\\Foundation\\Http\\Middleware\\ConvertEmptyStringsToNull.php(31): Illuminate\\Foundation\\Http\\Middleware\\TransformsRequest->handle(Object(Illuminate\\Http\\Request), Object(Closure))
#29 C:\\Users\\PC\\Desktop\\gestion-bibliotheque\\laravel-backend\\vendor\\laravel\\framework\\src\\Illuminate\\Pipeline\\Pipeline.php(209): Illuminate\\Foundation\\Http\\Middleware\\ConvertEmptyStringsToNull->handle(Object(Illuminate\\Http\\Request), Object(Closure))
#30 C:\\Users\\PC\\Desktop\\gestion-bibliotheque\\laravel-backend\\vendor\\laravel\\framework\\src\\Illuminate\\Foundation\\Http\\Middleware\\TransformsRequest.php(21): Illuminate\\Pipeline\\Pipeline->Illuminate\\Pipeline\\{closure}(Object(Illuminate\\Http\\Request))
#31 C:\\Users\\PC\\Desktop\\gestion-bibliotheque\\laravel-backend\\vendor\\laravel\\framework\\src\\Illuminate\\Foundation\\Http\\Middleware\\TrimStrings.php(51): Illuminate\\Foundation\\Http\\Middleware\\TransformsRequest->handle(Object(Illuminate\\Http\\Request), Object(Closure))
#32 C:\\Users\\PC\\Desktop\\gestion-bibliotheque\\laravel-backend\\vendor\\laravel\\framework\\src\\Illuminate\\Pipeline\\Pipeline.php(209): Illuminate\\Foundation\\Http\\Middleware\\TrimStrings->handle(Object(Illuminate\\Http\\Request), Object(Closure))
#33 C:\\Users\\PC\\Desktop\\gestion-bibliotheque\\laravel-backend\\vendor\\laravel\\framework\\src\\Illuminate\\Http\\Middleware\\ValidatePostSize.php(27): Illuminate\\Pipeline\\Pipeline->Illuminate\\Pipeline\\{closure}(Object(Illuminate\\Http\\Request))
#34 C:\\Users\\PC\\Desktop\\gestion-bibliotheque\\laravel-backend\\vendor\\laravel\\framework\\src\\Illuminate\\Pipeline\\Pipeline.php(209): Illuminate\\Http\\Middleware\\ValidatePostSize->handle(Object(Illuminate\\Http\\Request), Object(Closure))
#35 C:\\Users\\PC\\Desktop\\gestion-bibliotheque\\laravel-backend\\vendor\\laravel\\framework\\src\\Illuminate\\Foundation\\Http\\Middleware\\PreventRequestsDuringMaintenance.php(110): Illuminate\\Pipeline\\Pipeline->Illuminate\\Pipeline\\{closure}(Object(Illuminate\\Http\\Request))
#36 C:\\Users\\PC\\Desktop\\gestion-bibliotheque\\laravel-backend\\vendor\\laravel\\framework\\src\\Illuminate\\Pipeline\\Pipeline.php(209): Illuminate\\Foundation\\Http\\Middleware\\PreventRequestsDuringMaintenance->handle(Object(Illuminate\\Http\\Request), Object(Closure))
#37 C:\\Users\\PC\\Desktop\\gestion-bibliotheque\\laravel-backend\\vendor\\laravel\\framework\\src\\Illuminate\\Http\\Middleware\\HandleCors.php(49): Illuminate\\Pipeline\\Pipeline->Illuminate\\Pipeline\\{closure}(Object(Illuminate\\Http\\Request))
#38 C:\\Users\\PC\\Desktop\\gestion-bibliotheque\\laravel-backend\\vendor\\laravel\\framework\\src\\Illuminate\\Pipeline\\Pipeline.php(209): Illuminate\\Http\\Middleware\\HandleCors->handle(Object(Illuminate\\Http\\Request), Object(Closure))
#39 C:\\Users\\PC\\Desktop\\gestion-bibliotheque\\laravel-backend\\vendor\\laravel\\framework\\src\\Illuminate\\Http\\Middleware\\TrustProxies.php(58): Illuminate\\Pipeline\\Pipeline->Illuminate\\Pipeline\\{closure}(Object(Illuminate\\Http\\Request))
#40 C:\\Users\\PC\\Desktop\\gestion-bibliotheque\\laravel-backend\\vendor\\laravel\\framework\\src\\Illuminate\\Pipeline\\Pipeline.php(209): Illuminate\\Http\\Middleware\\TrustProxies->handle(Object(Illuminate\\Http\\Request), Object(Closure))
#41 C:\\Users\\PC\\Desktop\\gestion-bibliotheque\\laravel-backend\\vendor\\laravel\\framework\\src\\Illuminate\\Foundation\\Http\\Middleware\\InvokeDeferredCallbacks.php(22): Illuminate\\Pipeline\\Pipeline->Illuminate\\Pipeline\\{closure}(Object(Illuminate\\Http\\Request))
#42 C:\\Users\\PC\\Desktop\\gestion-bibliotheque\\laravel-backend\\vendor\\laravel\\framework\\src\\Illuminate\\Pipeline\\Pipeline.php(209): Illuminate\\Foundation\\Http\\Middleware\\InvokeDeferredCallbacks->handle(Object(Illuminate\\Http\\Request), Object(Closure))
#43 C:\\Users\\PC\\Desktop\\gestion-bibliotheque\\laravel-backend\\vendor\\laravel\\framework\\src\\Illuminate\\Pipeline\\Pipeline.php(127): Illuminate\\Pipeline\\Pipeline->Illuminate\\Pipeline\\{closure}(Object(Illuminate\\Http\\Request))
#44 C:\\Users\\PC\\Desktop\\gestion-bibliotheque\\laravel-backend\\vendor\\laravel\\framework\\src\\Illuminate\\Foundation\\Http\\Kernel.php(176): Illuminate\\Pipeline\\Pipeline->then(Object(Closure))
#45 C:\\Users\\PC\\Desktop\\gestion-bibliotheque\\laravel-backend\\vendor\\laravel\\framework\\src\\Illuminate\\Foundation\\Http\\Kernel.php(145): Illuminate\\Foundation\\Http\\Kernel->sendRequestThroughRouter(Object(Illuminate\\Http\\Request))
#46 C:\\Users\\PC\\Desktop\\gestion-bibliotheque\\laravel-backend\\vendor\\laravel\\framework\\src\\Illuminate\\Foundation\\Application.php(1216): Illuminate\\Foundation\\Http\\Kernel->handle(Object(Illuminate\\Http\\Request))
#47 C:\\Users\\PC\\Desktop\\gestion-bibliotheque\\laravel-backend\\public\\index.php(17): Illuminate\\Foundation\\Application->handleRequest(Object(Illuminate\\Http\\Request))
#48 C:\\Users\\PC\\Desktop\\gestion-bibliotheque\\laravel-backend\\vendor\\laravel\\framework\\src\\Illuminate\\Foundation\\resources\\server.php(23): require_once('C:\\\\Users\\\\PC\\\\Des...')
#49 {main}
"} 
[2025-03-17 20:17:16] local.ERROR: SQLSTATE[23000]: Integrity constraint violation: 1062 Duplicate entry 'ali@hnj.cim' for key 'banned_emails_email_unique' (Connection: mysql, SQL: insert into `banned_emails` (`email`, `updated_at`, `created_at`) values (ali@hnj.cim, 2025-03-17 20:17:16, 2025-03-17 20:17:16)) {"userId":1,"exception":"[object] (Illuminate\\Database\\UniqueConstraintViolationException(code: 23000): SQLSTATE[23000]: Integrity constraint violation: 1062 Duplicate entry 'ali@hnj.cim' for key 'banned_emails_email_unique' (Connection: mysql, SQL: insert into `banned_emails` (`email`, `updated_at`, `created_at`) values (ali@hnj.cim, 2025-03-17 20:17:16, 2025-03-17 20:17:16)) at C:\\Users\\PC\\Desktop\\gestion-bibliotheque\\laravel-backend\\vendor\\laravel\\framework\\src\\Illuminate\\Database\\Connection.php:820)
[stacktrace]
#0 C:\\Users\\PC\\Desktop\\gestion-bibliotheque\\laravel-backend\\vendor\\laravel\\framework\\src\\Illuminate\\Database\\Connection.php(779): Illuminate\\Database\\Connection->runQueryCallback('insert into `ba...', Array, Object(Closure))
#1 C:\\Users\\PC\\Desktop\\gestion-bibliotheque\\laravel-backend\\vendor\\laravel\\framework\\src\\Illuminate\\Database\\MySqlConnection.php(42): Illuminate\\Database\\Connection->run('insert into `ba...', Array, Object(Closure))
#2 C:\\Users\\PC\\Desktop\\gestion-bibliotheque\\laravel-backend\\vendor\\laravel\\framework\\src\\Illuminate\\Database\\Query\\Processors\\MySqlProcessor.php(35): Illuminate\\Database\\MySqlConnection->insert('insert into `ba...', Array, 'id')
#3 C:\\Users\\PC\\Desktop\\gestion-bibliotheque\\laravel-backend\\vendor\\laravel\\framework\\src\\Illuminate\\Database\\Query\\Builder.php(3799): Illuminate\\Database\\Query\\Processors\\MySqlProcessor->processInsertGetId(Object(Illuminate\\Database\\Query\\Builder), 'insert into `ba...', Array, 'id')
#4 C:\\Users\\PC\\Desktop\\gestion-bibliotheque\\laravel-backend\\vendor\\laravel\\framework\\src\\Illuminate\\Database\\Eloquent\\Builder.php(2099): Illuminate\\Database\\Query\\Builder->insertGetId(Array, 'id')
#5 C:\\Users\\PC\\Desktop\\gestion-bibliotheque\\laravel-backend\\vendor\\laravel\\framework\\src\\Illuminate\\Database\\Eloquent\\Model.php(1359): Illuminate\\Database\\Eloquent\\Builder->__call('insertGetId', Array)
#6 C:\\Users\\PC\\Desktop\\gestion-bibliotheque\\laravel-backend\\vendor\\laravel\\framework\\src\\Illuminate\\Database\\Eloquent\\Model.php(1324): Illuminate\\Database\\Eloquent\\Model->insertAndSetId(Object(Illuminate\\Database\\Eloquent\\Builder), Array)
#7 C:\\Users\\PC\\Desktop\\gestion-bibliotheque\\laravel-backend\\vendor\\laravel\\framework\\src\\Illuminate\\Database\\Eloquent\\Model.php(1163): Illuminate\\Database\\Eloquent\\Model->performInsert(Object(Illuminate\\Database\\Eloquent\\Builder))
#8 C:\\Users\\PC\\Desktop\\gestion-bibliotheque\\laravel-backend\\vendor\\laravel\\framework\\src\\Illuminate\\Database\\Eloquent\\Builder.php(1107): Illuminate\\Database\\Eloquent\\Model->save()
#9 C:\\Users\\PC\\Desktop\\gestion-bibliotheque\\laravel-backend\\vendor\\laravel\\framework\\src\\Illuminate\\Support\\helpers.php(399): Illuminate\\Database\\Eloquent\\Builder->Illuminate\\Database\\Eloquent\\{closure}(Object(App\\Models\\BannedEmail))
#10 C:\\Users\\PC\\Desktop\\gestion-bibliotheque\\laravel-backend\\vendor\\laravel\\framework\\src\\Illuminate\\Database\\Eloquent\\Builder.php(1106): tap(Object(App\\Models\\BannedEmail), Object(Closure))
#11 C:\\Users\\PC\\Desktop\\gestion-bibliotheque\\laravel-backend\\vendor\\laravel\\framework\\src\\Illuminate\\Support\\Traits\\ForwardsCalls.php(23): Illuminate\\Database\\Eloquent\\Builder->create(Array)
#12 C:\\Users\\PC\\Desktop\\gestion-bibliotheque\\laravel-backend\\vendor\\laravel\\framework\\src\\Illuminate\\Database\\Eloquent\\Model.php(2368): Illuminate\\Database\\Eloquent\\Model->forwardCallTo(Object(Illuminate\\Database\\Eloquent\\Builder), 'create', Array)
#13 C:\\Users\\PC\\Desktop\\gestion-bibliotheque\\laravel-backend\\vendor\\laravel\\framework\\src\\Illuminate\\Database\\Eloquent\\Model.php(2380): Illuminate\\Database\\Eloquent\\Model->__call('create', Array)
#14 C:\\Users\\PC\\Desktop\\gestion-bibliotheque\\laravel-backend\\app\\Http\\Controllers\\MembersController.php(144): Illuminate\\Database\\Eloquent\\Model::__callStatic('create', Array)
#15 C:\\Users\\PC\\Desktop\\gestion-bibliotheque\\laravel-backend\\vendor\\laravel\\framework\\src\\Illuminate\\Routing\\ControllerDispatcher.php(47): App\\Http\\Controllers\\MembersController->update(Object(Illuminate\\Http\\Request), Object(App\\Models\\Members))
#16 C:\\Users\\PC\\Desktop\\gestion-bibliotheque\\laravel-backend\\vendor\\laravel\\framework\\src\\Illuminate\\Routing\\Route.php(266): Illuminate\\Routing\\ControllerDispatcher->dispatch(Object(Illuminate\\Routing\\Route), Object(App\\Http\\Controllers\\MembersController), 'update')
#17 C:\\Users\\PC\\Desktop\\gestion-bibliotheque\\laravel-backend\\vendor\\laravel\\framework\\src\\Illuminate\\Routing\\Route.php(212): Illuminate\\Routing\\Route->runController()
#18 C:\\Users\\PC\\Desktop\\gestion-bibliotheque\\laravel-backend\\vendor\\laravel\\framework\\src\\Illuminate\\Routing\\Router.php(808): Illuminate\\Routing\\Route->run()
#19 C:\\Users\\PC\\Desktop\\gestion-bibliotheque\\laravel-backend\\vendor\\laravel\\framework\\src\\Illuminate\\Pipeline\\Pipeline.php(170): Illuminate\\Routing\\Router->Illuminate\\Routing\\{closure}(Object(Illuminate\\Http\\Request))
#20 C:\\Users\\PC\\Desktop\\gestion-bibliotheque\\laravel-backend\\vendor\\laravel\\framework\\src\\Illuminate\\Routing\\Middleware\\SubstituteBindings.php(51): Illuminate\\Pipeline\\Pipeline->Illuminate\\Pipeline\\{closure}(Object(Illuminate\\Http\\Request))
#21 C:\\Users\\PC\\Desktop\\gestion-bibliotheque\\laravel-backend\\vendor\\laravel\\framework\\src\\Illuminate\\Pipeline\\Pipeline.php(209): Illuminate\\Routing\\Middleware\\SubstituteBindings->handle(Object(Illuminate\\Http\\Request), Object(Closure))
#22 C:\\Users\\PC\\Desktop\\gestion-bibliotheque\\laravel-backend\\vendor\\laravel\\framework\\src\\Illuminate\\Auth\\Middleware\\Authenticate.php(64): Illuminate\\Pipeline\\Pipeline->Illuminate\\Pipeline\\{closure}(Object(Illuminate\\Http\\Request))
#23 C:\\Users\\PC\\Desktop\\gestion-bibliotheque\\laravel-backend\\vendor\\laravel\\framework\\src\\Illuminate\\Pipeline\\Pipeline.php(209): Illuminate\\Auth\\Middleware\\Authenticate->handle(Object(Illuminate\\Http\\Request), Object(Closure))
#24 C:\\Users\\PC\\Desktop\\gestion-bibliotheque\\laravel-backend\\vendor\\laravel\\framework\\src\\Illuminate\\Foundation\\Http\\Middleware\\VerifyCsrfToken.php(88): Illuminate\\Pipeline\\Pipeline->Illuminate\\Pipeline\\{closure}(Object(Illuminate\\Http\\Request))
#25 C:\\Users\\PC\\Desktop\\gestion-bibliotheque\\laravel-backend\\vendor\\laravel\\framework\\src\\Illuminate\\Pipeline\\Pipeline.php(209): Illuminate\\Foundation\\Http\\Middleware\\VerifyCsrfToken->handle(Object(Illuminate\\Http\\Request), Object(Closure))
#26 C:\\Users\\PC\\Desktop\\gestion-bibliotheque\\laravel-backend\\vendor\\laravel\\framework\\src\\Illuminate\\View\\Middleware\\ShareErrorsFromSession.php(49): Illuminate\\Pipeline\\Pipeline->Illuminate\\Pipeline\\{closure}(Object(Illuminate\\Http\\Request))
#27 C:\\Users\\PC\\Desktop\\gestion-bibliotheque\\laravel-backend\\vendor\\laravel\\framework\\src\\Illuminate\\Pipeline\\Pipeline.php(209): Illuminate\\View\\Middleware\\ShareErrorsFromSession->handle(Object(Illuminate\\Http\\Request), Object(Closure))
#28 C:\\Users\\PC\\Desktop\\gestion-bibliotheque\\laravel-backend\\vendor\\laravel\\framework\\src\\Illuminate\\Session\\Middleware\\StartSession.php(121): Illuminate\\Pipeline\\Pipeline->Illuminate\\Pipeline\\{closure}(Object(Illuminate\\Http\\Request))
#29 C:\\Users\\PC\\Desktop\\gestion-bibliotheque\\laravel-backend\\vendor\\laravel\\framework\\src\\Illuminate\\Session\\Middleware\\StartSession.php(64): Illuminate\\Session\\Middleware\\StartSession->handleStatefulRequest(Object(Illuminate\\Http\\Request), Object(Illuminate\\Session\\Store), Object(Closure))
#30 C:\\Users\\PC\\Desktop\\gestion-bibliotheque\\laravel-backend\\vendor\\laravel\\framework\\src\\Illuminate\\Pipeline\\Pipeline.php(209): Illuminate\\Session\\Middleware\\StartSession->handle(Object(Illuminate\\Http\\Request), Object(Closure))
#31 C:\\Users\\PC\\Desktop\\gestion-bibliotheque\\laravel-backend\\vendor\\laravel\\framework\\src\\Illuminate\\Cookie\\Middleware\\AddQueuedCookiesToResponse.php(37): Illuminate\\Pipeline\\Pipeline->Illuminate\\Pipeline\\{closure}(Object(Illuminate\\Http\\Request))
#32 C:\\Users\\PC\\Desktop\\gestion-bibliotheque\\laravel-backend\\vendor\\laravel\\framework\\src\\Illuminate\\Pipeline\\Pipeline.php(209): Illuminate\\Cookie\\Middleware\\AddQueuedCookiesToResponse->handle(Object(Illuminate\\Http\\Request), Object(Closure))
#33 C:\\Users\\PC\\Desktop\\gestion-bibliotheque\\laravel-backend\\vendor\\laravel\\framework\\src\\Illuminate\\Cookie\\Middleware\\EncryptCookies.php(75): Illuminate\\Pipeline\\Pipeline->Illuminate\\Pipeline\\{closure}(Object(Illuminate\\Http\\Request))
#34 C:\\Users\\PC\\Desktop\\gestion-bibliotheque\\laravel-backend\\vendor\\laravel\\framework\\src\\Illuminate\\Pipeline\\Pipeline.php(209): Illuminate\\Cookie\\Middleware\\EncryptCookies->handle(Object(Illuminate\\Http\\Request), Object(Closure))
#35 C:\\Users\\PC\\Desktop\\gestion-bibliotheque\\laravel-backend\\vendor\\laravel\\framework\\src\\Illuminate\\Pipeline\\Pipeline.php(127): Illuminate\\Pipeline\\Pipeline->Illuminate\\Pipeline\\{closure}(Object(Illuminate\\Http\\Request))
#36 C:\\Users\\PC\\Desktop\\gestion-bibliotheque\\laravel-backend\\vendor\\laravel\\framework\\src\\Illuminate\\Routing\\Router.php(807): Illuminate\\Pipeline\\Pipeline->then(Object(Closure))
#37 C:\\Users\\PC\\Desktop\\gestion-bibliotheque\\laravel-backend\\vendor\\laravel\\framework\\src\\Illuminate\\Routing\\Router.php(786): Illuminate\\Routing\\Router->runRouteWithinStack(Object(Illuminate\\Routing\\Route), Object(Illuminate\\Http\\Request))
#38 C:\\Users\\PC\\Desktop\\gestion-bibliotheque\\laravel-backend\\vendor\\laravel\\framework\\src\\Illuminate\\Routing\\Router.php(750): Illuminate\\Routing\\Router->runRoute(Object(Illuminate\\Http\\Request), Object(Illuminate\\Routing\\Route))
#39 C:\\Users\\PC\\Desktop\\gestion-bibliotheque\\laravel-backend\\vendor\\laravel\\framework\\src\\Illuminate\\Routing\\Router.php(739): Illuminate\\Routing\\Router->dispatchToRoute(Object(Illuminate\\Http\\Request))
#40 C:\\Users\\PC\\Desktop\\gestion-bibliotheque\\laravel-backend\\vendor\\laravel\\framework\\src\\Illuminate\\Foundation\\Http\\Kernel.php(201): Illuminate\\Routing\\Router->dispatch(Object(Illuminate\\Http\\Request))
#41 C:\\Users\\PC\\Desktop\\gestion-bibliotheque\\laravel-backend\\vendor\\laravel\\framework\\src\\Illuminate\\Pipeline\\Pipeline.php(170): Illuminate\\Foundation\\Http\\Kernel->Illuminate\\Foundation\\Http\\{closure}(Object(Illuminate\\Http\\Request))
#42 C:\\Users\\PC\\Desktop\\gestion-bibliotheque\\laravel-backend\\vendor\\laravel\\framework\\src\\Illuminate\\Foundation\\Http\\Middleware\\TransformsRequest.php(21): Illuminate\\Pipeline\\Pipeline->Illuminate\\Pipeline\\{closure}(Object(Illuminate\\Http\\Request))
#43 C:\\Users\\PC\\Desktop\\gestion-bibliotheque\\laravel-backend\\vendor\\laravel\\framework\\src\\Illuminate\\Foundation\\Http\\Middleware\\ConvertEmptyStringsToNull.php(31): Illuminate\\Foundation\\Http\\Middleware\\TransformsRequest->handle(Object(Illuminate\\Http\\Request), Object(Closure))
#44 C:\\Users\\PC\\Desktop\\gestion-bibliotheque\\laravel-backend\\vendor\\laravel\\framework\\src\\Illuminate\\Pipeline\\Pipeline.php(209): Illuminate\\Foundation\\Http\\Middleware\\ConvertEmptyStringsToNull->handle(Object(Illuminate\\Http\\Request), Object(Closure))
#45 C:\\Users\\PC\\Desktop\\gestion-bibliotheque\\laravel-backend\\vendor\\laravel\\framework\\src\\Illuminate\\Foundation\\Http\\Middleware\\TransformsRequest.php(21): Illuminate\\Pipeline\\Pipeline->Illuminate\\Pipeline\\{closure}(Object(Illuminate\\Http\\Request))
#46 C:\\Users\\PC\\Desktop\\gestion-bibliotheque\\laravel-backend\\vendor\\laravel\\framework\\src\\Illuminate\\Foundation\\Http\\Middleware\\TrimStrings.php(51): Illuminate\\Foundation\\Http\\Middleware\\TransformsRequest->handle(Object(Illuminate\\Http\\Request), Object(Closure))
#47 C:\\Users\\PC\\Desktop\\gestion-bibliotheque\\laravel-backend\\vendor\\laravel\\framework\\src\\Illuminate\\Pipeline\\Pipeline.php(209): Illuminate\\Foundation\\Http\\Middleware\\TrimStrings->handle(Object(Illuminate\\Http\\Request), Object(Closure))
#48 C:\\Users\\PC\\Desktop\\gestion-bibliotheque\\laravel-backend\\vendor\\laravel\\framework\\src\\Illuminate\\Http\\Middleware\\ValidatePostSize.php(27): Illuminate\\Pipeline\\Pipeline->Illuminate\\Pipeline\\{closure}(Object(Illuminate\\Http\\Request))
#49 C:\\Users\\PC\\Desktop\\gestion-bibliotheque\\laravel-backend\\vendor\\laravel\\framework\\src\\Illuminate\\Pipeline\\Pipeline.php(209): Illuminate\\Http\\Middleware\\ValidatePostSize->handle(Object(Illuminate\\Http\\Request), Object(Closure))
#50 C:\\Users\\PC\\Desktop\\gestion-bibliotheque\\laravel-backend\\vendor\\laravel\\framework\\src\\Illuminate\\Foundation\\Http\\Middleware\\PreventRequestsDuringMaintenance.php(110): Illuminate\\Pipeline\\Pipeline->Illuminate\\Pipeline\\{closure}(Object(Illuminate\\Http\\Request))
#51 C:\\Users\\PC\\Desktop\\gestion-bibliotheque\\laravel-backend\\vendor\\laravel\\framework\\src\\Illuminate\\Pipeline\\Pipeline.php(209): Illuminate\\Foundation\\Http\\Middleware\\PreventRequestsDuringMaintenance->handle(Object(Illuminate\\Http\\Request), Object(Closure))
#52 C:\\Users\\PC\\Desktop\\gestion-bibliotheque\\laravel-backend\\vendor\\laravel\\framework\\src\\Illuminate\\Http\\Middleware\\HandleCors.php(49): Illuminate\\Pipeline\\Pipeline->Illuminate\\Pipeline\\{closure}(Object(Illuminate\\Http\\Request))
#53 C:\\Users\\PC\\Desktop\\gestion-bibliotheque\\laravel-backend\\vendor\\laravel\\framework\\src\\Illuminate\\Pipeline\\Pipeline.php(209): Illuminate\\Http\\Middleware\\HandleCors->handle(Object(Illuminate\\Http\\Request), Object(Closure))
#54 C:\\Users\\PC\\Desktop\\gestion-bibliotheque\\laravel-backend\\vendor\\laravel\\framework\\src\\Illuminate\\Http\\Middleware\\TrustProxies.php(58): Illuminate\\Pipeline\\Pipeline->Illuminate\\Pipeline\\{closure}(Object(Illuminate\\Http\\Request))
#55 C:\\Users\\PC\\Desktop\\gestion-bibliotheque\\laravel-backend\\vendor\\laravel\\framework\\src\\Illuminate\\Pipeline\\Pipeline.php(209): Illuminate\\Http\\Middleware\\TrustProxies->handle(Object(Illuminate\\Http\\Request), Object(Closure))
#56 C:\\Users\\PC\\Desktop\\gestion-bibliotheque\\laravel-backend\\vendor\\laravel\\framework\\src\\Illuminate\\Foundation\\Http\\Middleware\\InvokeDeferredCallbacks.php(22): Illuminate\\Pipeline\\Pipeline->Illuminate\\Pipeline\\{closure}(Object(Illuminate\\Http\\Request))
#57 C:\\Users\\PC\\Desktop\\gestion-bibliotheque\\laravel-backend\\vendor\\laravel\\framework\\src\\Illuminate\\Pipeline\\Pipeline.php(209): Illuminate\\Foundation\\Http\\Middleware\\InvokeDeferredCallbacks->handle(Object(Illuminate\\Http\\Request), Object(Closure))
#58 C:\\Users\\PC\\Desktop\\gestion-bibliotheque\\laravel-backend\\vendor\\laravel\\framework\\src\\Illuminate\\Pipeline\\Pipeline.php(127): Illuminate\\Pipeline\\Pipeline->Illuminate\\Pipeline\\{closure}(Object(Illuminate\\Http\\Request))
#59 C:\\Users\\PC\\Desktop\\gestion-bibliotheque\\laravel-backend\\vendor\\laravel\\framework\\src\\Illuminate\\Foundation\\Http\\Kernel.php(176): Illuminate\\Pipeline\\Pipeline->then(Object(Closure))
#60 C:\\Users\\PC\\Desktop\\gestion-bibliotheque\\laravel-backend\\vendor\\laravel\\framework\\src\\Illuminate\\Foundation\\Http\\Kernel.php(145): Illuminate\\Foundation\\Http\\Kernel->sendRequestThroughRouter(Object(Illuminate\\Http\\Request))
#61 C:\\Users\\PC\\Desktop\\gestion-bibliotheque\\laravel-backend\\vendor\\laravel\\framework\\src\\Illuminate\\Foundation\\Application.php(1216): Illuminate\\Foundation\\Http\\Kernel->handle(Object(Illuminate\\Http\\Request))
#62 C:\\Users\\PC\\Desktop\\gestion-bibliotheque\\laravel-backend\\public\\index.php(17): Illuminate\\Foundation\\Application->handleRequest(Object(Illuminate\\Http\\Request))
#63 C:\\Users\\PC\\Desktop\\gestion-bibliotheque\\laravel-backend\\vendor\\laravel\\framework\\src\\Illuminate\\Foundation\\resources\\server.php(23): require_once('C:\\\\Users\\\\PC\\\\Des...')
#64 {main}

[previous exception] [object] (PDOException(code: 23000): SQLSTATE[23000]: Integrity constraint violation: 1062 Duplicate entry 'ali@hnj.cim' for key 'banned_emails_email_unique' at C:\\Users\\PC\\Desktop\\gestion-bibliotheque\\laravel-backend\\vendor\\laravel\\framework\\src\\Illuminate\\Database\\MySqlConnection.php:53)
[stacktrace]
#0 C:\\Users\\PC\\Desktop\\gestion-bibliotheque\\laravel-backend\\vendor\\laravel\\framework\\src\\Illuminate\\Database\\MySqlConnection.php(53): PDOStatement->execute()
#1 C:\\Users\\PC\\Desktop\\gestion-bibliotheque\\laravel-backend\\vendor\\laravel\\framework\\src\\Illuminate\\Database\\Connection.php(812): Illuminate\\Database\\MySqlConnection->Illuminate\\Database\\{closure}('insert into `ba...', Array)
#2 C:\\Users\\PC\\Desktop\\gestion-bibliotheque\\laravel-backend\\vendor\\laravel\\framework\\src\\Illuminate\\Database\\Connection.php(779): Illuminate\\Database\\Connection->runQueryCallback('insert into `ba...', Array, Object(Closure))
#3 C:\\Users\\PC\\Desktop\\gestion-bibliotheque\\laravel-backend\\vendor\\laravel\\framework\\src\\Illuminate\\Database\\MySqlConnection.php(42): Illuminate\\Database\\Connection->run('insert into `ba...', Array, Object(Closure))
#4 C:\\Users\\PC\\Desktop\\gestion-bibliotheque\\laravel-backend\\vendor\\laravel\\framework\\src\\Illuminate\\Database\\Query\\Processors\\MySqlProcessor.php(35): Illuminate\\Database\\MySqlConnection->insert('insert into `ba...', Array, 'id')
#5 C:\\Users\\PC\\Desktop\\gestion-bibliotheque\\laravel-backend\\vendor\\laravel\\framework\\src\\Illuminate\\Database\\Query\\Builder.php(3799): Illuminate\\Database\\Query\\Processors\\MySqlProcessor->processInsertGetId(Object(Illuminate\\Database\\Query\\Builder), 'insert into `ba...', Array, 'id')
#6 C:\\Users\\PC\\Desktop\\gestion-bibliotheque\\laravel-backend\\vendor\\laravel\\framework\\src\\Illuminate\\Database\\Eloquent\\Builder.php(2099): Illuminate\\Database\\Query\\Builder->insertGetId(Array, 'id')
#7 C:\\Users\\PC\\Desktop\\gestion-bibliotheque\\laravel-backend\\vendor\\laravel\\framework\\src\\Illuminate\\Database\\Eloquent\\Model.php(1359): Illuminate\\Database\\Eloquent\\Builder->__call('insertGetId', Array)
#8 C:\\Users\\PC\\Desktop\\gestion-bibliotheque\\laravel-backend\\vendor\\laravel\\framework\\src\\Illuminate\\Database\\Eloquent\\Model.php(1324): Illuminate\\Database\\Eloquent\\Model->insertAndSetId(Object(Illuminate\\Database\\Eloquent\\Builder), Array)
#9 C:\\Users\\PC\\Desktop\\gestion-bibliotheque\\laravel-backend\\vendor\\laravel\\framework\\src\\Illuminate\\Database\\Eloquent\\Model.php(1163): Illuminate\\Database\\Eloquent\\Model->performInsert(Object(Illuminate\\Database\\Eloquent\\Builder))
#10 C:\\Users\\PC\\Desktop\\gestion-bibliotheque\\laravel-backend\\vendor\\laravel\\framework\\src\\Illuminate\\Database\\Eloquent\\Builder.php(1107): Illuminate\\Database\\Eloquent\\Model->save()
#11 C:\\Users\\PC\\Desktop\\gestion-bibliotheque\\laravel-backend\\vendor\\laravel\\framework\\src\\Illuminate\\Support\\helpers.php(399): Illuminate\\Database\\Eloquent\\Builder->Illuminate\\Database\\Eloquent\\{closure}(Object(App\\Models\\BannedEmail))
#12 C:\\Users\\PC\\Desktop\\gestion-bibliotheque\\laravel-backend\\vendor\\laravel\\framework\\src\\Illuminate\\Database\\Eloquent\\Builder.php(1106): tap(Object(App\\Models\\BannedEmail), Object(Closure))
#13 C:\\Users\\PC\\Desktop\\gestion-bibliotheque\\laravel-backend\\vendor\\laravel\\framework\\src\\Illuminate\\Support\\Traits\\ForwardsCalls.php(23): Illuminate\\Database\\Eloquent\\Builder->create(Array)
#14 C:\\Users\\PC\\Desktop\\gestion-bibliotheque\\laravel-backend\\vendor\\laravel\\framework\\src\\Illuminate\\Database\\Eloquent\\Model.php(2368): Illuminate\\Database\\Eloquent\\Model->forwardCallTo(Object(Illuminate\\Database\\Eloquent\\Builder), 'create', Array)
#15 C:\\Users\\PC\\Desktop\\gestion-bibliotheque\\laravel-backend\\vendor\\laravel\\framework\\src\\Illuminate\\Database\\Eloquent\\Model.php(2380): Illuminate\\Database\\Eloquent\\Model->__call('create', Array)
#16 C:\\Users\\PC\\Desktop\\gestion-bibliotheque\\laravel-backend\\app\\Http\\Controllers\\MembersController.php(144): Illuminate\\Database\\Eloquent\\Model::__callStatic('create', Array)
#17 C:\\Users\\PC\\Desktop\\gestion-bibliotheque\\laravel-backend\\vendor\\laravel\\framework\\src\\Illuminate\\Routing\\ControllerDispatcher.php(47): App\\Http\\Controllers\\MembersController->update(Object(Illuminate\\Http\\Request), Object(App\\Models\\Members))
#18 C:\\Users\\PC\\Desktop\\gestion-bibliotheque\\laravel-backend\\vendor\\laravel\\framework\\src\\Illuminate\\Routing\\Route.php(266): Illuminate\\Routing\\ControllerDispatcher->dispatch(Object(Illuminate\\Routing\\Route), Object(App\\Http\\Controllers\\MembersController), 'update')
#19 C:\\Users\\PC\\Desktop\\gestion-bibliotheque\\laravel-backend\\vendor\\laravel\\framework\\src\\Illuminate\\Routing\\Route.php(212): Illuminate\\Routing\\Route->runController()
#20 C:\\Users\\PC\\Desktop\\gestion-bibliotheque\\laravel-backend\\vendor\\laravel\\framework\\src\\Illuminate\\Routing\\Router.php(808): Illuminate\\Routing\\Route->run()
#21 C:\\Users\\PC\\Desktop\\gestion-bibliotheque\\laravel-backend\\vendor\\laravel\\framework\\src\\Illuminate\\Pipeline\\Pipeline.php(170): Illuminate\\Routing\\Router->Illuminate\\Routing\\{closure}(Object(Illuminate\\Http\\Request))
#22 C:\\Users\\PC\\Desktop\\gestion-bibliotheque\\laravel-backend\\vendor\\laravel\\framework\\src\\Illuminate\\Routing\\Middleware\\SubstituteBindings.php(51): Illuminate\\Pipeline\\Pipeline->Illuminate\\Pipeline\\{closure}(Object(Illuminate\\Http\\Request))
#23 C:\\Users\\PC\\Desktop\\gestion-bibliotheque\\laravel-backend\\vendor\\laravel\\framework\\src\\Illuminate\\Pipeline\\Pipeline.php(209): Illuminate\\Routing\\Middleware\\SubstituteBindings->handle(Object(Illuminate\\Http\\Request), Object(Closure))
#24 C:\\Users\\PC\\Desktop\\gestion-bibliotheque\\laravel-backend\\vendor\\laravel\\framework\\src\\Illuminate\\Auth\\Middleware\\Authenticate.php(64): Illuminate\\Pipeline\\Pipeline->Illuminate\\Pipeline\\{closure}(Object(Illuminate\\Http\\Request))
#25 C:\\Users\\PC\\Desktop\\gestion-bibliotheque\\laravel-backend\\vendor\\laravel\\framework\\src\\Illuminate\\Pipeline\\Pipeline.php(209): Illuminate\\Auth\\Middleware\\Authenticate->handle(Object(Illuminate\\Http\\Request), Object(Closure))
#26 C:\\Users\\PC\\Desktop\\gestion-bibliotheque\\laravel-backend\\vendor\\laravel\\framework\\src\\Illuminate\\Foundation\\Http\\Middleware\\VerifyCsrfToken.php(88): Illuminate\\Pipeline\\Pipeline->Illuminate\\Pipeline\\{closure}(Object(Illuminate\\Http\\Request))
#27 C:\\Users\\PC\\Desktop\\gestion-bibliotheque\\laravel-backend\\vendor\\laravel\\framework\\src\\Illuminate\\Pipeline\\Pipeline.php(209): Illuminate\\Foundation\\Http\\Middleware\\VerifyCsrfToken->handle(Object(Illuminate\\Http\\Request), Object(Closure))
#28 C:\\Users\\PC\\Desktop\\gestion-bibliotheque\\laravel-backend\\vendor\\laravel\\framework\\src\\Illuminate\\View\\Middleware\\ShareErrorsFromSession.php(49): Illuminate\\Pipeline\\Pipeline->Illuminate\\Pipeline\\{closure}(Object(Illuminate\\Http\\Request))
#29 C:\\Users\\PC\\Desktop\\gestion-bibliotheque\\laravel-backend\\vendor\\laravel\\framework\\src\\Illuminate\\Pipeline\\Pipeline.php(209): Illuminate\\View\\Middleware\\ShareErrorsFromSession->handle(Object(Illuminate\\Http\\Request), Object(Closure))
#30 C:\\Users\\PC\\Desktop\\gestion-bibliotheque\\laravel-backend\\vendor\\laravel\\framework\\src\\Illuminate\\Session\\Middleware\\StartSession.php(121): Illuminate\\Pipeline\\Pipeline->Illuminate\\Pipeline\\{closure}(Object(Illuminate\\Http\\Request))
#31 C:\\Users\\PC\\Desktop\\gestion-bibliotheque\\laravel-backend\\vendor\\laravel\\framework\\src\\Illuminate\\Session\\Middleware\\StartSession.php(64): Illuminate\\Session\\Middleware\\StartSession->handleStatefulRequest(Object(Illuminate\\Http\\Request), Object(Illuminate\\Session\\Store), Object(Closure))
#32 C:\\Users\\PC\\Desktop\\gestion-bibliotheque\\laravel-backend\\vendor\\laravel\\framework\\src\\Illuminate\\Pipeline\\Pipeline.php(209): Illuminate\\Session\\Middleware\\StartSession->handle(Object(Illuminate\\Http\\Request), Object(Closure))
#33 C:\\Users\\PC\\Desktop\\gestion-bibliotheque\\laravel-backend\\vendor\\laravel\\framework\\src\\Illuminate\\Cookie\\Middleware\\AddQueuedCookiesToResponse.php(37): Illuminate\\Pipeline\\Pipeline->Illuminate\\Pipeline\\{closure}(Object(Illuminate\\Http\\Request))
#34 C:\\Users\\PC\\Desktop\\gestion-bibliotheque\\laravel-backend\\vendor\\laravel\\framework\\src\\Illuminate\\Pipeline\\Pipeline.php(209): Illuminate\\Cookie\\Middleware\\AddQueuedCookiesToResponse->handle(Object(Illuminate\\Http\\Request), Object(Closure))
#35 C:\\Users\\PC\\Desktop\\gestion-bibliotheque\\laravel-backend\\vendor\\laravel\\framework\\src\\Illuminate\\Cookie\\Middleware\\EncryptCookies.php(75): Illuminate\\Pipeline\\Pipeline->Illuminate\\Pipeline\\{closure}(Object(Illuminate\\Http\\Request))
#36 C:\\Users\\PC\\Desktop\\gestion-bibliotheque\\laravel-backend\\vendor\\laravel\\framework\\src\\Illuminate\\Pipeline\\Pipeline.php(209): Illuminate\\Cookie\\Middleware\\EncryptCookies->handle(Object(Illuminate\\Http\\Request), Object(Closure))
#37 C:\\Users\\PC\\Desktop\\gestion-bibliotheque\\laravel-backend\\vendor\\laravel\\framework\\src\\Illuminate\\Pipeline\\Pipeline.php(127): Illuminate\\Pipeline\\Pipeline->Illuminate\\Pipeline\\{closure}(Object(Illuminate\\Http\\Request))
#38 C:\\Users\\PC\\Desktop\\gestion-bibliotheque\\laravel-backend\\vendor\\laravel\\framework\\src\\Illuminate\\Routing\\Router.php(807): Illuminate\\Pipeline\\Pipeline->then(Object(Closure))
#39 C:\\Users\\PC\\Desktop\\gestion-bibliotheque\\laravel-backend\\vendor\\laravel\\framework\\src\\Illuminate\\Routing\\Router.php(786): Illuminate\\Routing\\Router->runRouteWithinStack(Object(Illuminate\\Routing\\Route), Object(Illuminate\\Http\\Request))
#40 C:\\Users\\PC\\Desktop\\gestion-bibliotheque\\laravel-backend\\vendor\\laravel\\framework\\src\\Illuminate\\Routing\\Router.php(750): Illuminate\\Routing\\Router->runRoute(Object(Illuminate\\Http\\Request), Object(Illuminate\\Routing\\Route))
#41 C:\\Users\\PC\\Desktop\\gestion-bibliotheque\\laravel-backend\\vendor\\laravel\\framework\\src\\Illuminate\\Routing\\Router.php(739): Illuminate\\Routing\\Router->dispatchToRoute(Object(Illuminate\\Http\\Request))
#42 C:\\Users\\PC\\Desktop\\gestion-bibliotheque\\laravel-backend\\vendor\\laravel\\framework\\src\\Illuminate\\Foundation\\Http\\Kernel.php(201): Illuminate\\Routing\\Router->dispatch(Object(Illuminate\\Http\\Request))
#43 C:\\Users\\PC\\Desktop\\gestion-bibliotheque\\laravel-backend\\vendor\\laravel\\framework\\src\\Illuminate\\Pipeline\\Pipeline.php(170): Illuminate\\Foundation\\Http\\Kernel->Illuminate\\Foundation\\Http\\{closure}(Object(Illuminate\\Http\\Request))
#44 C:\\Users\\PC\\Desktop\\gestion-bibliotheque\\laravel-backend\\vendor\\laravel\\framework\\src\\Illuminate\\Foundation\\Http\\Middleware\\TransformsRequest.php(21): Illuminate\\Pipeline\\Pipeline->Illuminate\\Pipeline\\{closure}(Object(Illuminate\\Http\\Request))
#45 C:\\Users\\PC\\Desktop\\gestion-bibliotheque\\laravel-backend\\vendor\\laravel\\framework\\src\\Illuminate\\Foundation\\Http\\Middleware\\ConvertEmptyStringsToNull.php(31): Illuminate\\Foundation\\Http\\Middleware\\TransformsRequest->handle(Object(Illuminate\\Http\\Request), Object(Closure))
#46 C:\\Users\\PC\\Desktop\\gestion-bibliotheque\\laravel-backend\\vendor\\laravel\\framework\\src\\Illuminate\\Pipeline\\Pipeline.php(209): Illuminate\\Foundation\\Http\\Middleware\\ConvertEmptyStringsToNull->handle(Object(Illuminate\\Http\\Request), Object(Closure))
#47 C:\\Users\\PC\\Desktop\\gestion-bibliotheque\\laravel-backend\\vendor\\laravel\\framework\\src\\Illuminate\\Foundation\\Http\\Middleware\\TransformsRequest.php(21): Illuminate\\Pipeline\\Pipeline->Illuminate\\Pipeline\\{closure}(Object(Illuminate\\Http\\Request))
#48 C:\\Users\\PC\\Desktop\\gestion-bibliotheque\\laravel-backend\\vendor\\laravel\\framework\\src\\Illuminate\\Foundation\\Http\\Middleware\\TrimStrings.php(51): Illuminate\\Foundation\\Http\\Middleware\\TransformsRequest->handle(Object(Illuminate\\Http\\Request), Object(Closure))
#49 C:\\Users\\PC\\Desktop\\gestion-bibliotheque\\laravel-backend\\vendor\\laravel\\framework\\src\\Illuminate\\Pipeline\\Pipeline.php(209): Illuminate\\Foundation\\Http\\Middleware\\TrimStrings->handle(Object(Illuminate\\Http\\Request), Object(Closure))
#50 C:\\Users\\PC\\Desktop\\gestion-bibliotheque\\laravel-backend\\vendor\\laravel\\framework\\src\\Illuminate\\Http\\Middleware\\ValidatePostSize.php(27): Illuminate\\Pipeline\\Pipeline->Illuminate\\Pipeline\\{closure}(Object(Illuminate\\Http\\Request))
#51 C:\\Users\\PC\\Desktop\\gestion-bibliotheque\\laravel-backend\\vendor\\laravel\\framework\\src\\Illuminate\\Pipeline\\Pipeline.php(209): Illuminate\\Http\\Middleware\\ValidatePostSize->handle(Object(Illuminate\\Http\\Request), Object(Closure))
#52 C:\\Users\\PC\\Desktop\\gestion-bibliotheque\\laravel-backend\\vendor\\laravel\\framework\\src\\Illuminate\\Foundation\\Http\\Middleware\\PreventRequestsDuringMaintenance.php(110): Illuminate\\Pipeline\\Pipeline->Illuminate\\Pipeline\\{closure}(Object(Illuminate\\Http\\Request))
#53 C:\\Users\\PC\\Desktop\\gestion-bibliotheque\\laravel-backend\\vendor\\laravel\\framework\\src\\Illuminate\\Pipeline\\Pipeline.php(209): Illuminate\\Foundation\\Http\\Middleware\\PreventRequestsDuringMaintenance->handle(Object(Illuminate\\Http\\Request), Object(Closure))
#54 C:\\Users\\PC\\Desktop\\gestion-bibliotheque\\laravel-backend\\vendor\\laravel\\framework\\src\\Illuminate\\Http\\Middleware\\HandleCors.php(49): Illuminate\\Pipeline\\Pipeline->Illuminate\\Pipeline\\{closure}(Object(Illuminate\\Http\\Request))
#55 C:\\Users\\PC\\Desktop\\gestion-bibliotheque\\laravel-backend\\vendor\\laravel\\framework\\src\\Illuminate\\Pipeline\\Pipeline.php(209): Illuminate\\Http\\Middleware\\HandleCors->handle(Object(Illuminate\\Http\\Request), Object(Closure))
#56 C:\\Users\\PC\\Desktop\\gestion-bibliotheque\\laravel-backend\\vendor\\laravel\\framework\\src\\Illuminate\\Http\\Middleware\\TrustProxies.php(58): Illuminate\\Pipeline\\Pipeline->Illuminate\\Pipeline\\{closure}(Object(Illuminate\\Http\\Request))
#57 C:\\Users\\PC\\Desktop\\gestion-bibliotheque\\laravel-backend\\vendor\\laravel\\framework\\src\\Illuminate\\Pipeline\\Pipeline.php(209): Illuminate\\Http\\Middleware\\TrustProxies->handle(Object(Illuminate\\Http\\Request), Object(Closure))
#58 C:\\Users\\PC\\Desktop\\gestion-bibliotheque\\laravel-backend\\vendor\\laravel\\framework\\src\\Illuminate\\Foundation\\Http\\Middleware\\InvokeDeferredCallbacks.php(22): Illuminate\\Pipeline\\Pipeline->Illuminate\\Pipeline\\{closure}(Object(Illuminate\\Http\\Request))
#59 C:\\Users\\PC\\Desktop\\gestion-bibliotheque\\laravel-backend\\vendor\\laravel\\framework\\src\\Illuminate\\Pipeline\\Pipeline.php(209): Illuminate\\Foundation\\Http\\Middleware\\InvokeDeferredCallbacks->handle(Object(Illuminate\\Http\\Request), Object(Closure))
#60 C:\\Users\\PC\\Desktop\\gestion-bibliotheque\\laravel-backend\\vendor\\laravel\\framework\\src\\Illuminate\\Pipeline\\Pipeline.php(127): Illuminate\\Pipeline\\Pipeline->Illuminate\\Pipeline\\{closure}(Object(Illuminate\\Http\\Request))
#61 C:\\Users\\PC\\Desktop\\gestion-bibliotheque\\laravel-backend\\vendor\\laravel\\framework\\src\\Illuminate\\Foundation\\Http\\Kernel.php(176): Illuminate\\Pipeline\\Pipeline->then(Object(Closure))
#62 C:\\Users\\PC\\Desktop\\gestion-bibliotheque\\laravel-backend\\vendor\\laravel\\framework\\src\\Illuminate\\Foundation\\Http\\Kernel.php(145): Illuminate\\Foundation\\Http\\Kernel->sendRequestThroughRouter(Object(Illuminate\\Http\\Request))
#63 C:\\Users\\PC\\Desktop\\gestion-bibliotheque\\laravel-backend\\vendor\\laravel\\framework\\src\\Illuminate\\Foundation\\Application.php(1216): Illuminate\\Foundation\\Http\\Kernel->handle(Object(Illuminate\\Http\\Request))
#64 C:\\Users\\PC\\Desktop\\gestion-bibliotheque\\laravel-backend\\public\\index.php(17): Illuminate\\Foundation\\Application->handleRequest(Object(Illuminate\\Http\\Request))
#65 C:\\Users\\PC\\Desktop\\gestion-bibliotheque\\laravel-backend\\vendor\\laravel\\framework\\src\\Illuminate\\Foundation\\resources\\server.php(23): require_once('C:\\\\Users\\\\PC\\\\Des...')
#66 {main}
"} 
[2025-03-17 20:19:20] local.ERROR: Attempt to read property "user" on string {"userId":1,"exception":"[object] (ErrorException(code: 0): Attempt to read property \"user\" on string at C:\\Users\\PC\\Desktop\\gestion-bibliotheque\\laravel-backend\\app\\Http\\Controllers\\MembersController.php:147)
[stacktrace]
#0 C:\\Users\\PC\\Desktop\\gestion-bibliotheque\\laravel-backend\\vendor\\laravel\\framework\\src\\Illuminate\\Foundation\\Bootstrap\\HandleExceptions.php(256): Illuminate\\Foundation\\Bootstrap\\HandleExceptions->handleError(2, 'Attempt to read...', 'C:\\\\Users\\\\PC\\\\Des...', 147)
#1 C:\\Users\\PC\\Desktop\\gestion-bibliotheque\\laravel-backend\\app\\Http\\Controllers\\MembersController.php(147): Illuminate\\Foundation\\Bootstrap\\HandleExceptions->Illuminate\\Foundation\\Bootstrap\\{closure}(2, 'Attempt to read...', 'C:\\\\Users\\\\PC\\\\Des...', 147)
#2 C:\\Users\\PC\\Desktop\\gestion-bibliotheque\\laravel-backend\\vendor\\laravel\\framework\\src\\Illuminate\\Routing\\ControllerDispatcher.php(47): App\\Http\\Controllers\\MembersController->update(Object(Illuminate\\Http\\Request), '5')
#3 C:\\Users\\PC\\Desktop\\gestion-bibliotheque\\laravel-backend\\vendor\\laravel\\framework\\src\\Illuminate\\Routing\\Route.php(266): Illuminate\\Routing\\ControllerDispatcher->dispatch(Object(Illuminate\\Routing\\Route), Object(App\\Http\\Controllers\\MembersController), 'update')
#4 C:\\Users\\PC\\Desktop\\gestion-bibliotheque\\laravel-backend\\vendor\\laravel\\framework\\src\\Illuminate\\Routing\\Route.php(212): Illuminate\\Routing\\Route->runController()
#5 C:\\Users\\PC\\Desktop\\gestion-bibliotheque\\laravel-backend\\vendor\\laravel\\framework\\src\\Illuminate\\Routing\\Router.php(808): Illuminate\\Routing\\Route->run()
#6 C:\\Users\\PC\\Desktop\\gestion-bibliotheque\\laravel-backend\\vendor\\laravel\\framework\\src\\Illuminate\\Pipeline\\Pipeline.php(170): Illuminate\\Routing\\Router->Illuminate\\Routing\\{closure}(Object(Illuminate\\Http\\Request))
#7 C:\\Users\\PC\\Desktop\\gestion-bibliotheque\\laravel-backend\\vendor\\laravel\\framework\\src\\Illuminate\\Routing\\Middleware\\SubstituteBindings.php(51): Illuminate\\Pipeline\\Pipeline->Illuminate\\Pipeline\\{closure}(Object(Illuminate\\Http\\Request))
#8 C:\\Users\\PC\\Desktop\\gestion-bibliotheque\\laravel-backend\\vendor\\laravel\\framework\\src\\Illuminate\\Pipeline\\Pipeline.php(209): Illuminate\\Routing\\Middleware\\SubstituteBindings->handle(Object(Illuminate\\Http\\Request), Object(Closure))
#9 C:\\Users\\PC\\Desktop\\gestion-bibliotheque\\laravel-backend\\vendor\\laravel\\framework\\src\\Illuminate\\Auth\\Middleware\\Authenticate.php(64): Illuminate\\Pipeline\\Pipeline->Illuminate\\Pipeline\\{closure}(Object(Illuminate\\Http\\Request))
#10 C:\\Users\\PC\\Desktop\\gestion-bibliotheque\\laravel-backend\\vendor\\laravel\\framework\\src\\Illuminate\\Pipeline\\Pipeline.php(209): Illuminate\\Auth\\Middleware\\Authenticate->handle(Object(Illuminate\\Http\\Request), Object(Closure))
#11 C:\\Users\\PC\\Desktop\\gestion-bibliotheque\\laravel-backend\\vendor\\laravel\\framework\\src\\Illuminate\\Foundation\\Http\\Middleware\\VerifyCsrfToken.php(88): Illuminate\\Pipeline\\Pipeline->Illuminate\\Pipeline\\{closure}(Object(Illuminate\\Http\\Request))
#12 C:\\Users\\PC\\Desktop\\gestion-bibliotheque\\laravel-backend\\vendor\\laravel\\framework\\src\\Illuminate\\Pipeline\\Pipeline.php(209): Illuminate\\Foundation\\Http\\Middleware\\VerifyCsrfToken->handle(Object(Illuminate\\Http\\Request), Object(Closure))
#13 C:\\Users\\PC\\Desktop\\gestion-bibliotheque\\laravel-backend\\vendor\\laravel\\framework\\src\\Illuminate\\View\\Middleware\\ShareErrorsFromSession.php(49): Illuminate\\Pipeline\\Pipeline->Illuminate\\Pipeline\\{closure}(Object(Illuminate\\Http\\Request))
#14 C:\\Users\\PC\\Desktop\\gestion-bibliotheque\\laravel-backend\\vendor\\laravel\\framework\\src\\Illuminate\\Pipeline\\Pipeline.php(209): Illuminate\\View\\Middleware\\ShareErrorsFromSession->handle(Object(Illuminate\\Http\\Request), Object(Closure))
#15 C:\\Users\\PC\\Desktop\\gestion-bibliotheque\\laravel-backend\\vendor\\laravel\\framework\\src\\Illuminate\\Session\\Middleware\\StartSession.php(121): Illuminate\\Pipeline\\Pipeline->Illuminate\\Pipeline\\{closure}(Object(Illuminate\\Http\\Request))
#16 C:\\Users\\PC\\Desktop\\gestion-bibliotheque\\laravel-backend\\vendor\\laravel\\framework\\src\\Illuminate\\Session\\Middleware\\StartSession.php(64): Illuminate\\Session\\Middleware\\StartSession->handleStatefulRequest(Object(Illuminate\\Http\\Request), Object(Illuminate\\Session\\Store), Object(Closure))
#17 C:\\Users\\PC\\Desktop\\gestion-bibliotheque\\laravel-backend\\vendor\\laravel\\framework\\src\\Illuminate\\Pipeline\\Pipeline.php(209): Illuminate\\Session\\Middleware\\StartSession->handle(Object(Illuminate\\Http\\Request), Object(Closure))
#18 C:\\Users\\PC\\Desktop\\gestion-bibliotheque\\laravel-backend\\vendor\\laravel\\framework\\src\\Illuminate\\Cookie\\Middleware\\AddQueuedCookiesToResponse.php(37): Illuminate\\Pipeline\\Pipeline->Illuminate\\Pipeline\\{closure}(Object(Illuminate\\Http\\Request))
#19 C:\\Users\\PC\\Desktop\\gestion-bibliotheque\\laravel-backend\\vendor\\laravel\\framework\\src\\Illuminate\\Pipeline\\Pipeline.php(209): Illuminate\\Cookie\\Middleware\\AddQueuedCookiesToResponse->handle(Object(Illuminate\\Http\\Request), Object(Closure))
#20 C:\\Users\\PC\\Desktop\\gestion-bibliotheque\\laravel-backend\\vendor\\laravel\\framework\\src\\Illuminate\\Cookie\\Middleware\\EncryptCookies.php(75): Illuminate\\Pipeline\\Pipeline->Illuminate\\Pipeline\\{closure}(Object(Illuminate\\Http\\Request))
#21 C:\\Users\\PC\\Desktop\\gestion-bibliotheque\\laravel-backend\\vendor\\laravel\\framework\\src\\Illuminate\\Pipeline\\Pipeline.php(209): Illuminate\\Cookie\\Middleware\\EncryptCookies->handle(Object(Illuminate\\Http\\Request), Object(Closure))
#22 C:\\Users\\PC\\Desktop\\gestion-bibliotheque\\laravel-backend\\vendor\\laravel\\framework\\src\\Illuminate\\Pipeline\\Pipeline.php(127): Illuminate\\Pipeline\\Pipeline->Illuminate\\Pipeline\\{closure}(Object(Illuminate\\Http\\Request))
#23 C:\\Users\\PC\\Desktop\\gestion-bibliotheque\\laravel-backend\\vendor\\laravel\\framework\\src\\Illuminate\\Routing\\Router.php(807): Illuminate\\Pipeline\\Pipeline->then(Object(Closure))
#24 C:\\Users\\PC\\Desktop\\gestion-bibliotheque\\laravel-backend\\vendor\\laravel\\framework\\src\\Illuminate\\Routing\\Router.php(786): Illuminate\\Routing\\Router->runRouteWithinStack(Object(Illuminate\\Routing\\Route), Object(Illuminate\\Http\\Request))
#25 C:\\Users\\PC\\Desktop\\gestion-bibliotheque\\laravel-backend\\vendor\\laravel\\framework\\src\\Illuminate\\Routing\\Router.php(750): Illuminate\\Routing\\Router->runRoute(Object(Illuminate\\Http\\Request), Object(Illuminate\\Routing\\Route))
#26 C:\\Users\\PC\\Desktop\\gestion-bibliotheque\\laravel-backend\\vendor\\laravel\\framework\\src\\Illuminate\\Routing\\Router.php(739): Illuminate\\Routing\\Router->dispatchToRoute(Object(Illuminate\\Http\\Request))
#27 C:\\Users\\PC\\Desktop\\gestion-bibliotheque\\laravel-backend\\vendor\\laravel\\framework\\src\\Illuminate\\Foundation\\Http\\Kernel.php(201): Illuminate\\Routing\\Router->dispatch(Object(Illuminate\\Http\\Request))
#28 C:\\Users\\PC\\Desktop\\gestion-bibliotheque\\laravel-backend\\vendor\\laravel\\framework\\src\\Illuminate\\Pipeline\\Pipeline.php(170): Illuminate\\Foundation\\Http\\Kernel->Illuminate\\Foundation\\Http\\{closure}(Object(Illuminate\\Http\\Request))
#29 C:\\Users\\PC\\Desktop\\gestion-bibliotheque\\laravel-backend\\vendor\\laravel\\framework\\src\\Illuminate\\Foundation\\Http\\Middleware\\TransformsRequest.php(21): Illuminate\\Pipeline\\Pipeline->Illuminate\\Pipeline\\{closure}(Object(Illuminate\\Http\\Request))
#30 C:\\Users\\PC\\Desktop\\gestion-bibliotheque\\laravel-backend\\vendor\\laravel\\framework\\src\\Illuminate\\Foundation\\Http\\Middleware\\ConvertEmptyStringsToNull.php(31): Illuminate\\Foundation\\Http\\Middleware\\TransformsRequest->handle(Object(Illuminate\\Http\\Request), Object(Closure))
#31 C:\\Users\\PC\\Desktop\\gestion-bibliotheque\\laravel-backend\\vendor\\laravel\\framework\\src\\Illuminate\\Pipeline\\Pipeline.php(209): Illuminate\\Foundation\\Http\\Middleware\\ConvertEmptyStringsToNull->handle(Object(Illuminate\\Http\\Request), Object(Closure))
#32 C:\\Users\\PC\\Desktop\\gestion-bibliotheque\\laravel-backend\\vendor\\laravel\\framework\\src\\Illuminate\\Foundation\\Http\\Middleware\\TransformsRequest.php(21): Illuminate\\Pipeline\\Pipeline->Illuminate\\Pipeline\\{closure}(Object(Illuminate\\Http\\Request))
#33 C:\\Users\\PC\\Desktop\\gestion-bibliotheque\\laravel-backend\\vendor\\laravel\\framework\\src\\Illuminate\\Foundation\\Http\\Middleware\\TrimStrings.php(51): Illuminate\\Foundation\\Http\\Middleware\\TransformsRequest->handle(Object(Illuminate\\Http\\Request), Object(Closure))
#34 C:\\Users\\PC\\Desktop\\gestion-bibliotheque\\laravel-backend\\vendor\\laravel\\framework\\src\\Illuminate\\Pipeline\\Pipeline.php(209): Illuminate\\Foundation\\Http\\Middleware\\TrimStrings->handle(Object(Illuminate\\Http\\Request), Object(Closure))
#35 C:\\Users\\PC\\Desktop\\gestion-bibliotheque\\laravel-backend\\vendor\\laravel\\framework\\src\\Illuminate\\Http\\Middleware\\ValidatePostSize.php(27): Illuminate\\Pipeline\\Pipeline->Illuminate\\Pipeline\\{closure}(Object(Illuminate\\Http\\Request))
#36 C:\\Users\\PC\\Desktop\\gestion-bibliotheque\\laravel-backend\\vendor\\laravel\\framework\\src\\Illuminate\\Pipeline\\Pipeline.php(209): Illuminate\\Http\\Middleware\\ValidatePostSize->handle(Object(Illuminate\\Http\\Request), Object(Closure))
#37 C:\\Users\\PC\\Desktop\\gestion-bibliotheque\\laravel-backend\\vendor\\laravel\\framework\\src\\Illuminate\\Foundation\\Http\\Middleware\\PreventRequestsDuringMaintenance.php(110): Illuminate\\Pipeline\\Pipeline->Illuminate\\Pipeline\\{closure}(Object(Illuminate\\Http\\Request))
#38 C:\\Users\\PC\\Desktop\\gestion-bibliotheque\\laravel-backend\\vendor\\laravel\\framework\\src\\Illuminate\\Pipeline\\Pipeline.php(209): Illuminate\\Foundation\\Http\\Middleware\\PreventRequestsDuringMaintenance->handle(Object(Illuminate\\Http\\Request), Object(Closure))
#39 C:\\Users\\PC\\Desktop\\gestion-bibliotheque\\laravel-backend\\vendor\\laravel\\framework\\src\\Illuminate\\Http\\Middleware\\HandleCors.php(49): Illuminate\\Pipeline\\Pipeline->Illuminate\\Pipeline\\{closure}(Object(Illuminate\\Http\\Request))
#40 C:\\Users\\PC\\Desktop\\gestion-bibliotheque\\laravel-backend\\vendor\\laravel\\framework\\src\\Illuminate\\Pipeline\\Pipeline.php(209): Illuminate\\Http\\Middleware\\HandleCors->handle(Object(Illuminate\\Http\\Request), Object(Closure))
#41 C:\\Users\\PC\\Desktop\\gestion-bibliotheque\\laravel-backend\\vendor\\laravel\\framework\\src\\Illuminate\\Http\\Middleware\\TrustProxies.php(58): Illuminate\\Pipeline\\Pipeline->Illuminate\\Pipeline\\{closure}(Object(Illuminate\\Http\\Request))
#42 C:\\Users\\PC\\Desktop\\gestion-bibliotheque\\laravel-backend\\vendor\\laravel\\framework\\src\\Illuminate\\Pipeline\\Pipeline.php(209): Illuminate\\Http\\Middleware\\TrustProxies->handle(Object(Illuminate\\Http\\Request), Object(Closure))
#43 C:\\Users\\PC\\Desktop\\gestion-bibliotheque\\laravel-backend\\vendor\\laravel\\framework\\src\\Illuminate\\Foundation\\Http\\Middleware\\InvokeDeferredCallbacks.php(22): Illuminate\\Pipeline\\Pipeline->Illuminate\\Pipeline\\{closure}(Object(Illuminate\\Http\\Request))
#44 C:\\Users\\PC\\Desktop\\gestion-bibliotheque\\laravel-backend\\vendor\\laravel\\framework\\src\\Illuminate\\Pipeline\\Pipeline.php(209): Illuminate\\Foundation\\Http\\Middleware\\InvokeDeferredCallbacks->handle(Object(Illuminate\\Http\\Request), Object(Closure))
#45 C:\\Users\\PC\\Desktop\\gestion-bibliotheque\\laravel-backend\\vendor\\laravel\\framework\\src\\Illuminate\\Pipeline\\Pipeline.php(127): Illuminate\\Pipeline\\Pipeline->Illuminate\\Pipeline\\{closure}(Object(Illuminate\\Http\\Request))
#46 C:\\Users\\PC\\Desktop\\gestion-bibliotheque\\laravel-backend\\vendor\\laravel\\framework\\src\\Illuminate\\Foundation\\Http\\Kernel.php(176): Illuminate\\Pipeline\\Pipeline->then(Object(Closure))
#47 C:\\Users\\PC\\Desktop\\gestion-bibliotheque\\laravel-backend\\vendor\\laravel\\framework\\src\\Illuminate\\Foundation\\Http\\Kernel.php(145): Illuminate\\Foundation\\Http\\Kernel->sendRequestThroughRouter(Object(Illuminate\\Http\\Request))
#48 C:\\Users\\PC\\Desktop\\gestion-bibliotheque\\laravel-backend\\vendor\\laravel\\framework\\src\\Illuminate\\Foundation\\Application.php(1216): Illuminate\\Foundation\\Http\\Kernel->handle(Object(Illuminate\\Http\\Request))
#49 C:\\Users\\PC\\Desktop\\gestion-bibliotheque\\laravel-backend\\public\\index.php(17): Illuminate\\Foundation\\Application->handleRequest(Object(Illuminate\\Http\\Request))
#50 C:\\Users\\PC\\Desktop\\gestion-bibliotheque\\laravel-backend\\vendor\\laravel\\framework\\src\\Illuminate\\Foundation\\resources\\server.php(23): require_once('C:\\\\Users\\\\PC\\\\Des...')
#51 {main}
"} 
[2025-03-17 20:25:53] local.ERROR: Method Illuminate\Database\Eloquent\Collection::links does not exist. (View: C:\Users\PC\Desktop\gestion-bibliotheque\laravel-backend\resources\views\penalites\index.blade.php) {"userId":1,"exception":"[object] (Illuminate\\View\\ViewException(code: 0): Method Illuminate\\Database\\Eloquent\\Collection::links does not exist. (View: C:\\Users\\PC\\Desktop\\gestion-bibliotheque\\laravel-backend\\resources\\views\\penalites\\index.blade.php) at C:\\Users\\PC\\Desktop\\gestion-bibliotheque\\laravel-backend\\vendor\\laravel\\framework\\src\\Illuminate\\Macroable\\Traits\\Macroable.php:115)
[stacktrace]
#0 C:\\Users\\PC\\Desktop\\gestion-bibliotheque\\laravel-backend\\vendor\\laravel\\framework\\src\\Illuminate\\View\\Engines\\PhpEngine.php(60): Illuminate\\View\\Engines\\CompilerEngine->handleViewException(Object(BadMethodCallException), 1)
#1 C:\\Users\\PC\\Desktop\\gestion-bibliotheque\\laravel-backend\\vendor\\laravel\\framework\\src\\Illuminate\\View\\Engines\\CompilerEngine.php(75): Illuminate\\View\\Engines\\PhpEngine->evaluatePath('C:\\\\Users\\\\PC\\\\Des...', Array)
#2 C:\\Users\\PC\\Desktop\\gestion-bibliotheque\\laravel-backend\\vendor\\laravel\\framework\\src\\Illuminate\\View\\View.php(209): Illuminate\\View\\Engines\\CompilerEngine->get('C:\\\\Users\\\\PC\\\\Des...', Array)
#3 C:\\Users\\PC\\Desktop\\gestion-bibliotheque\\laravel-backend\\vendor\\laravel\\framework\\src\\Illuminate\\View\\View.php(192): Illuminate\\View\\View->getContents()
#4 C:\\Users\\PC\\Desktop\\gestion-bibliotheque\\laravel-backend\\vendor\\laravel\\framework\\src\\Illuminate\\View\\View.php(161): Illuminate\\View\\View->renderContents()
#5 C:\\Users\\PC\\Desktop\\gestion-bibliotheque\\laravel-backend\\vendor\\laravel\\framework\\src\\Illuminate\\Http\\Response.php(79): Illuminate\\View\\View->render()
#6 C:\\Users\\PC\\Desktop\\gestion-bibliotheque\\laravel-backend\\vendor\\laravel\\framework\\src\\Illuminate\\Http\\Response.php(35): Illuminate\\Http\\Response->setContent(Object(Illuminate\\View\\View))
#7 C:\\Users\\PC\\Desktop\\gestion-bibliotheque\\laravel-backend\\vendor\\laravel\\framework\\src\\Illuminate\\Routing\\Router.php(920): Illuminate\\Http\\Response->__construct(Object(Illuminate\\View\\View), 200, Array)
#8 C:\\Users\\PC\\Desktop\\gestion-bibliotheque\\laravel-backend\\vendor\\laravel\\framework\\src\\Illuminate\\Routing\\Router.php(887): Illuminate\\Routing\\Router::toResponse(Object(Illuminate\\Http\\Request), Object(Illuminate\\View\\View))
#9 C:\\Users\\PC\\Desktop\\gestion-bibliotheque\\laravel-backend\\vendor\\laravel\\framework\\src\\Illuminate\\Routing\\Router.php(807): Illuminate\\Routing\\Router->prepareResponse(Object(Illuminate\\Http\\Request), Object(Illuminate\\View\\View))
#10 C:\\Users\\PC\\Desktop\\gestion-bibliotheque\\laravel-backend\\vendor\\laravel\\framework\\src\\Illuminate\\Pipeline\\Pipeline.php(170): Illuminate\\Routing\\Router->Illuminate\\Routing\\{closure}(Object(Illuminate\\Http\\Request))
#11 C:\\Users\\PC\\Desktop\\gestion-bibliotheque\\laravel-backend\\vendor\\laravel\\framework\\src\\Illuminate\\Routing\\Middleware\\SubstituteBindings.php(51): Illuminate\\Pipeline\\Pipeline->Illuminate\\Pipeline\\{closure}(Object(Illuminate\\Http\\Request))
#12 C:\\Users\\PC\\Desktop\\gestion-bibliotheque\\laravel-backend\\vendor\\laravel\\framework\\src\\Illuminate\\Pipeline\\Pipeline.php(209): Illuminate\\Routing\\Middleware\\SubstituteBindings->handle(Object(Illuminate\\Http\\Request), Object(Closure))
#13 C:\\Users\\PC\\Desktop\\gestion-bibliotheque\\laravel-backend\\vendor\\laravel\\framework\\src\\Illuminate\\Auth\\Middleware\\Authenticate.php(64): Illuminate\\Pipeline\\Pipeline->Illuminate\\Pipeline\\{closure}(Object(Illuminate\\Http\\Request))
#14 C:\\Users\\PC\\Desktop\\gestion-bibliotheque\\laravel-backend\\vendor\\laravel\\framework\\src\\Illuminate\\Pipeline\\Pipeline.php(209): Illuminate\\Auth\\Middleware\\Authenticate->handle(Object(Illuminate\\Http\\Request), Object(Closure))
#15 C:\\Users\\PC\\Desktop\\gestion-bibliotheque\\laravel-backend\\vendor\\laravel\\framework\\src\\Illuminate\\Foundation\\Http\\Middleware\\VerifyCsrfToken.php(88): Illuminate\\Pipeline\\Pipeline->Illuminate\\Pipeline\\{closure}(Object(Illuminate\\Http\\Request))
#16 C:\\Users\\PC\\Desktop\\gestion-bibliotheque\\laravel-backend\\vendor\\laravel\\framework\\src\\Illuminate\\Pipeline\\Pipeline.php(209): Illuminate\\Foundation\\Http\\Middleware\\VerifyCsrfToken->handle(Object(Illuminate\\Http\\Request), Object(Closure))
#17 C:\\Users\\PC\\Desktop\\gestion-bibliotheque\\laravel-backend\\vendor\\laravel\\framework\\src\\Illuminate\\View\\Middleware\\ShareErrorsFromSession.php(49): Illuminate\\Pipeline\\Pipeline->Illuminate\\Pipeline\\{closure}(Object(Illuminate\\Http\\Request))
#18 C:\\Users\\PC\\Desktop\\gestion-bibliotheque\\laravel-backend\\vendor\\laravel\\framework\\src\\Illuminate\\Pipeline\\Pipeline.php(209): Illuminate\\View\\Middleware\\ShareErrorsFromSession->handle(Object(Illuminate\\Http\\Request), Object(Closure))
#19 C:\\Users\\PC\\Desktop\\gestion-bibliotheque\\laravel-backend\\vendor\\laravel\\framework\\src\\Illuminate\\Session\\Middleware\\StartSession.php(121): Illuminate\\Pipeline\\Pipeline->Illuminate\\Pipeline\\{closure}(Object(Illuminate\\Http\\Request))
#20 C:\\Users\\PC\\Desktop\\gestion-bibliotheque\\laravel-backend\\vendor\\laravel\\framework\\src\\Illuminate\\Session\\Middleware\\StartSession.php(64): Illuminate\\Session\\Middleware\\StartSession->handleStatefulRequest(Object(Illuminate\\Http\\Request), Object(Illuminate\\Session\\Store), Object(Closure))
#21 C:\\Users\\PC\\Desktop\\gestion-bibliotheque\\laravel-backend\\vendor\\laravel\\framework\\src\\Illuminate\\Pipeline\\Pipeline.php(209): Illuminate\\Session\\Middleware\\StartSession->handle(Object(Illuminate\\Http\\Request), Object(Closure))
#22 C:\\Users\\PC\\Desktop\\gestion-bibliotheque\\laravel-backend\\vendor\\laravel\\framework\\src\\Illuminate\\Cookie\\Middleware\\AddQueuedCookiesToResponse.php(37): Illuminate\\Pipeline\\Pipeline->Illuminate\\Pipeline\\{closure}(Object(Illuminate\\Http\\Request))
#23 C:\\Users\\PC\\Desktop\\gestion-bibliotheque\\laravel-backend\\vendor\\laravel\\framework\\src\\Illuminate\\Pipeline\\Pipeline.php(209): Illuminate\\Cookie\\Middleware\\AddQueuedCookiesToResponse->handle(Object(Illuminate\\Http\\Request), Object(Closure))
#24 C:\\Users\\PC\\Desktop\\gestion-bibliotheque\\laravel-backend\\vendor\\laravel\\framework\\src\\Illuminate\\Cookie\\Middleware\\EncryptCookies.php(75): Illuminate\\Pipeline\\Pipeline->Illuminate\\Pipeline\\{closure}(Object(Illuminate\\Http\\Request))
#25 C:\\Users\\PC\\Desktop\\gestion-bibliotheque\\laravel-backend\\vendor\\laravel\\framework\\src\\Illuminate\\Pipeline\\Pipeline.php(209): Illuminate\\Cookie\\Middleware\\EncryptCookies->handle(Object(Illuminate\\Http\\Request), Object(Closure))
#26 C:\\Users\\PC\\Desktop\\gestion-bibliotheque\\laravel-backend\\vendor\\laravel\\framework\\src\\Illuminate\\Pipeline\\Pipeline.php(127): Illuminate\\Pipeline\\Pipeline->Illuminate\\Pipeline\\{closure}(Object(Illuminate\\Http\\Request))
#27 C:\\Users\\PC\\Desktop\\gestion-bibliotheque\\laravel-backend\\vendor\\laravel\\framework\\src\\Illuminate\\Routing\\Router.php(807): Illuminate\\Pipeline\\Pipeline->then(Object(Closure))
#28 C:\\Users\\PC\\Desktop\\gestion-bibliotheque\\laravel-backend\\vendor\\laravel\\framework\\src\\Illuminate\\Routing\\Router.php(786): Illuminate\\Routing\\Router->runRouteWithinStack(Object(Illuminate\\Routing\\Route), Object(Illuminate\\Http\\Request))
#29 C:\\Users\\PC\\Desktop\\gestion-bibliotheque\\laravel-backend\\vendor\\laravel\\framework\\src\\Illuminate\\Routing\\Router.php(750): Illuminate\\Routing\\Router->runRoute(Object(Illuminate\\Http\\Request), Object(Illuminate\\Routing\\Route))
#30 C:\\Users\\PC\\Desktop\\gestion-bibliotheque\\laravel-backend\\vendor\\laravel\\framework\\src\\Illuminate\\Routing\\Router.php(739): Illuminate\\Routing\\Router->dispatchToRoute(Object(Illuminate\\Http\\Request))
#31 C:\\Users\\PC\\Desktop\\gestion-bibliotheque\\laravel-backend\\vendor\\laravel\\framework\\src\\Illuminate\\Foundation\\Http\\Kernel.php(201): Illuminate\\Routing\\Router->dispatch(Object(Illuminate\\Http\\Request))
#32 C:\\Users\\PC\\Desktop\\gestion-bibliotheque\\laravel-backend\\vendor\\laravel\\framework\\src\\Illuminate\\Pipeline\\Pipeline.php(170): Illuminate\\Foundation\\Http\\Kernel->Illuminate\\Foundation\\Http\\{closure}(Object(Illuminate\\Http\\Request))
#33 C:\\Users\\PC\\Desktop\\gestion-bibliotheque\\laravel-backend\\vendor\\laravel\\framework\\src\\Illuminate\\Foundation\\Http\\Middleware\\TransformsRequest.php(21): Illuminate\\Pipeline\\Pipeline->Illuminate\\Pipeline\\{closure}(Object(Illuminate\\Http\\Request))
#34 C:\\Users\\PC\\Desktop\\gestion-bibliotheque\\laravel-backend\\vendor\\laravel\\framework\\src\\Illuminate\\Foundation\\Http\\Middleware\\ConvertEmptyStringsToNull.php(31): Illuminate\\Foundation\\Http\\Middleware\\TransformsRequest->handle(Object(Illuminate\\Http\\Request), Object(Closure))
#35 C:\\Users\\PC\\Desktop\\gestion-bibliotheque\\laravel-backend\\vendor\\laravel\\framework\\src\\Illuminate\\Pipeline\\Pipeline.php(209): Illuminate\\Foundation\\Http\\Middleware\\ConvertEmptyStringsToNull->handle(Object(Illuminate\\Http\\Request), Object(Closure))
#36 C:\\Users\\PC\\Desktop\\gestion-bibliotheque\\laravel-backend\\vendor\\laravel\\framework\\src\\Illuminate\\Foundation\\Http\\Middleware\\TransformsRequest.php(21): Illuminate\\Pipeline\\Pipeline->Illuminate\\Pipeline\\{closure}(Object(Illuminate\\Http\\Request))
#37 C:\\Users\\PC\\Desktop\\gestion-bibliotheque\\laravel-backend\\vendor\\laravel\\framework\\src\\Illuminate\\Foundation\\Http\\Middleware\\TrimStrings.php(51): Illuminate\\Foundation\\Http\\Middleware\\TransformsRequest->handle(Object(Illuminate\\Http\\Request), Object(Closure))
#38 C:\\Users\\PC\\Desktop\\gestion-bibliotheque\\laravel-backend\\vendor\\laravel\\framework\\src\\Illuminate\\Pipeline\\Pipeline.php(209): Illuminate\\Foundation\\Http\\Middleware\\TrimStrings->handle(Object(Illuminate\\Http\\Request), Object(Closure))
#39 C:\\Users\\PC\\Desktop\\gestion-bibliotheque\\laravel-backend\\vendor\\laravel\\framework\\src\\Illuminate\\Http\\Middleware\\ValidatePostSize.php(27): Illuminate\\Pipeline\\Pipeline->Illuminate\\Pipeline\\{closure}(Object(Illuminate\\Http\\Request))
#40 C:\\Users\\PC\\Desktop\\gestion-bibliotheque\\laravel-backend\\vendor\\laravel\\framework\\src\\Illuminate\\Pipeline\\Pipeline.php(209): Illuminate\\Http\\Middleware\\ValidatePostSize->handle(Object(Illuminate\\Http\\Request), Object(Closure))
#41 C:\\Users\\PC\\Desktop\\gestion-bibliotheque\\laravel-backend\\vendor\\laravel\\framework\\src\\Illuminate\\Foundation\\Http\\Middleware\\PreventRequestsDuringMaintenance.php(110): Illuminate\\Pipeline\\Pipeline->Illuminate\\Pipeline\\{closure}(Object(Illuminate\\Http\\Request))
#42 C:\\Users\\PC\\Desktop\\gestion-bibliotheque\\laravel-backend\\vendor\\laravel\\framework\\src\\Illuminate\\Pipeline\\Pipeline.php(209): Illuminate\\Foundation\\Http\\Middleware\\PreventRequestsDuringMaintenance->handle(Object(Illuminate\\Http\\Request), Object(Closure))
#43 C:\\Users\\PC\\Desktop\\gestion-bibliotheque\\laravel-backend\\vendor\\laravel\\framework\\src\\Illuminate\\Http\\Middleware\\HandleCors.php(49): Illuminate\\Pipeline\\Pipeline->Illuminate\\Pipeline\\{closure}(Object(Illuminate\\Http\\Request))
#44 C:\\Users\\PC\\Desktop\\gestion-bibliotheque\\laravel-backend\\vendor\\laravel\\framework\\src\\Illuminate\\Pipeline\\Pipeline.php(209): Illuminate\\Http\\Middleware\\HandleCors->handle(Object(Illuminate\\Http\\Request), Object(Closure))
#45 C:\\Users\\PC\\Desktop\\gestion-bibliotheque\\laravel-backend\\vendor\\laravel\\framework\\src\\Illuminate\\Http\\Middleware\\TrustProxies.php(58): Illuminate\\Pipeline\\Pipeline->Illuminate\\Pipeline\\{closure}(Object(Illuminate\\Http\\Request))
#46 C:\\Users\\PC\\Desktop\\gestion-bibliotheque\\laravel-backend\\vendor\\laravel\\framework\\src\\Illuminate\\Pipeline\\Pipeline.php(209): Illuminate\\Http\\Middleware\\TrustProxies->handle(Object(Illuminate\\Http\\Request), Object(Closure))
#47 C:\\Users\\PC\\Desktop\\gestion-bibliotheque\\laravel-backend\\vendor\\laravel\\framework\\src\\Illuminate\\Foundation\\Http\\Middleware\\InvokeDeferredCallbacks.php(22): Illuminate\\Pipeline\\Pipeline->Illuminate\\Pipeline\\{closure}(Object(Illuminate\\Http\\Request))
#48 C:\\Users\\PC\\Desktop\\gestion-bibliotheque\\laravel-backend\\vendor\\laravel\\framework\\src\\Illuminate\\Pipeline\\Pipeline.php(209): Illuminate\\Foundation\\Http\\Middleware\\InvokeDeferredCallbacks->handle(Object(Illuminate\\Http\\Request), Object(Closure))
#49 C:\\Users\\PC\\Desktop\\gestion-bibliotheque\\laravel-backend\\vendor\\laravel\\framework\\src\\Illuminate\\Pipeline\\Pipeline.php(127): Illuminate\\Pipeline\\Pipeline->Illuminate\\Pipeline\\{closure}(Object(Illuminate\\Http\\Request))
#50 C:\\Users\\PC\\Desktop\\gestion-bibliotheque\\laravel-backend\\vendor\\laravel\\framework\\src\\Illuminate\\Foundation\\Http\\Kernel.php(176): Illuminate\\Pipeline\\Pipeline->then(Object(Closure))
#51 C:\\Users\\PC\\Desktop\\gestion-bibliotheque\\laravel-backend\\vendor\\laravel\\framework\\src\\Illuminate\\Foundation\\Http\\Kernel.php(145): Illuminate\\Foundation\\Http\\Kernel->sendRequestThroughRouter(Object(Illuminate\\Http\\Request))
#52 C:\\Users\\PC\\Desktop\\gestion-bibliotheque\\laravel-backend\\vendor\\laravel\\framework\\src\\Illuminate\\Foundation\\Application.php(1216): Illuminate\\Foundation\\Http\\Kernel->handle(Object(Illuminate\\Http\\Request))
#53 C:\\Users\\PC\\Desktop\\gestion-bibliotheque\\laravel-backend\\public\\index.php(17): Illuminate\\Foundation\\Application->handleRequest(Object(Illuminate\\Http\\Request))
#54 C:\\Users\\PC\\Desktop\\gestion-bibliotheque\\laravel-backend\\vendor\\laravel\\framework\\src\\Illuminate\\Foundation\\resources\\server.php(23): require_once('C:\\\\Users\\\\PC\\\\Des...')
#55 {main}

[previous exception] [object] (BadMethodCallException(code: 0): Method Illuminate\\Database\\Eloquent\\Collection::links does not exist. at C:\\Users\\PC\\Desktop\\gestion-bibliotheque\\laravel-backend\\vendor\\laravel\\framework\\src\\Illuminate\\Macroable\\Traits\\Macroable.php:115)
[stacktrace]
#0 C:\\Users\\PC\\Desktop\\gestion-bibliotheque\\laravel-backend\\storage\\framework\\views\\b61f98cbc311412bb59c2324ed73b20a.php(50): Illuminate\\Support\\Collection->__call('links', Array)
#1 C:\\Users\\PC\\Desktop\\gestion-bibliotheque\\laravel-backend\\vendor\\laravel\\framework\\src\\Illuminate\\Filesystem\\Filesystem.php(123): require('C:\\\\Users\\\\PC\\\\Des...')
#2 C:\\Users\\PC\\Desktop\\gestion-bibliotheque\\laravel-backend\\vendor\\laravel\\framework\\src\\Illuminate\\Filesystem\\Filesystem.php(124): Illuminate\\Filesystem\\Filesystem::Illuminate\\Filesystem\\{closure}()
#3 C:\\Users\\PC\\Desktop\\gestion-bibliotheque\\laravel-backend\\vendor\\laravel\\framework\\src\\Illuminate\\View\\Engines\\PhpEngine.php(58): Illuminate\\Filesystem\\Filesystem->getRequire('C:\\\\Users\\\\PC\\\\Des...', Array)
#4 C:\\Users\\PC\\Desktop\\gestion-bibliotheque\\laravel-backend\\vendor\\laravel\\framework\\src\\Illuminate\\View\\Engines\\CompilerEngine.php(75): Illuminate\\View\\Engines\\PhpEngine->evaluatePath('C:\\\\Users\\\\PC\\\\Des...', Array)
#5 C:\\Users\\PC\\Desktop\\gestion-bibliotheque\\laravel-backend\\vendor\\laravel\\framework\\src\\Illuminate\\View\\View.php(209): Illuminate\\View\\Engines\\CompilerEngine->get('C:\\\\Users\\\\PC\\\\Des...', Array)
#6 C:\\Users\\PC\\Desktop\\gestion-bibliotheque\\laravel-backend\\vendor\\laravel\\framework\\src\\Illuminate\\View\\View.php(192): Illuminate\\View\\View->getContents()
#7 C:\\Users\\PC\\Desktop\\gestion-bibliotheque\\laravel-backend\\vendor\\laravel\\framework\\src\\Illuminate\\View\\View.php(161): Illuminate\\View\\View->renderContents()
#8 C:\\Users\\PC\\Desktop\\gestion-bibliotheque\\laravel-backend\\vendor\\laravel\\framework\\src\\Illuminate\\Http\\Response.php(79): Illuminate\\View\\View->render()
#9 C:\\Users\\PC\\Desktop\\gestion-bibliotheque\\laravel-backend\\vendor\\laravel\\framework\\src\\Illuminate\\Http\\Response.php(35): Illuminate\\Http\\Response->setContent(Object(Illuminate\\View\\View))
#10 C:\\Users\\PC\\Desktop\\gestion-bibliotheque\\laravel-backend\\vendor\\laravel\\framework\\src\\Illuminate\\Routing\\Router.php(920): Illuminate\\Http\\Response->__construct(Object(Illuminate\\View\\View), 200, Array)
#11 C:\\Users\\PC\\Desktop\\gestion-bibliotheque\\laravel-backend\\vendor\\laravel\\framework\\src\\Illuminate\\Routing\\Router.php(887): Illuminate\\Routing\\Router::toResponse(Object(Illuminate\\Http\\Request), Object(Illuminate\\View\\View))
#12 C:\\Users\\PC\\Desktop\\gestion-bibliotheque\\laravel-backend\\vendor\\laravel\\framework\\src\\Illuminate\\Routing\\Router.php(807): Illuminate\\Routing\\Router->prepareResponse(Object(Illuminate\\Http\\Request), Object(Illuminate\\View\\View))
#13 C:\\Users\\PC\\Desktop\\gestion-bibliotheque\\laravel-backend\\vendor\\laravel\\framework\\src\\Illuminate\\Pipeline\\Pipeline.php(170): Illuminate\\Routing\\Router->Illuminate\\Routing\\{closure}(Object(Illuminate\\Http\\Request))
#14 C:\\Users\\PC\\Desktop\\gestion-bibliotheque\\laravel-backend\\vendor\\laravel\\framework\\src\\Illuminate\\Routing\\Middleware\\SubstituteBindings.php(51): Illuminate\\Pipeline\\Pipeline->Illuminate\\Pipeline\\{closure}(Object(Illuminate\\Http\\Request))
#15 C:\\Users\\PC\\Desktop\\gestion-bibliotheque\\laravel-backend\\vendor\\laravel\\framework\\src\\Illuminate\\Pipeline\\Pipeline.php(209): Illuminate\\Routing\\Middleware\\SubstituteBindings->handle(Object(Illuminate\\Http\\Request), Object(Closure))
#16 C:\\Users\\PC\\Desktop\\gestion-bibliotheque\\laravel-backend\\vendor\\laravel\\framework\\src\\Illuminate\\Auth\\Middleware\\Authenticate.php(64): Illuminate\\Pipeline\\Pipeline->Illuminate\\Pipeline\\{closure}(Object(Illuminate\\Http\\Request))
#17 C:\\Users\\PC\\Desktop\\gestion-bibliotheque\\laravel-backend\\vendor\\laravel\\framework\\src\\Illuminate\\Pipeline\\Pipeline.php(209): Illuminate\\Auth\\Middleware\\Authenticate->handle(Object(Illuminate\\Http\\Request), Object(Closure))
#18 C:\\Users\\PC\\Desktop\\gestion-bibliotheque\\laravel-backend\\vendor\\laravel\\framework\\src\\Illuminate\\Foundation\\Http\\Middleware\\VerifyCsrfToken.php(88): Illuminate\\Pipeline\\Pipeline->Illuminate\\Pipeline\\{closure}(Object(Illuminate\\Http\\Request))
#19 C:\\Users\\PC\\Desktop\\gestion-bibliotheque\\laravel-backend\\vendor\\laravel\\framework\\src\\Illuminate\\Pipeline\\Pipeline.php(209): Illuminate\\Foundation\\Http\\Middleware\\VerifyCsrfToken->handle(Object(Illuminate\\Http\\Request), Object(Closure))
#20 C:\\Users\\PC\\Desktop\\gestion-bibliotheque\\laravel-backend\\vendor\\laravel\\framework\\src\\Illuminate\\View\\Middleware\\ShareErrorsFromSession.php(49): Illuminate\\Pipeline\\Pipeline->Illuminate\\Pipeline\\{closure}(Object(Illuminate\\Http\\Request))
#21 C:\\Users\\PC\\Desktop\\gestion-bibliotheque\\laravel-backend\\vendor\\laravel\\framework\\src\\Illuminate\\Pipeline\\Pipeline.php(209): Illuminate\\View\\Middleware\\ShareErrorsFromSession->handle(Object(Illuminate\\Http\\Request), Object(Closure))
#22 C:\\Users\\PC\\Desktop\\gestion-bibliotheque\\laravel-backend\\vendor\\laravel\\framework\\src\\Illuminate\\Session\\Middleware\\StartSession.php(121): Illuminate\\Pipeline\\Pipeline->Illuminate\\Pipeline\\{closure}(Object(Illuminate\\Http\\Request))
#23 C:\\Users\\PC\\Desktop\\gestion-bibliotheque\\laravel-backend\\vendor\\laravel\\framework\\src\\Illuminate\\Session\\Middleware\\StartSession.php(64): Illuminate\\Session\\Middleware\\StartSession->handleStatefulRequest(Object(Illuminate\\Http\\Request), Object(Illuminate\\Session\\Store), Object(Closure))
#24 C:\\Users\\PC\\Desktop\\gestion-bibliotheque\\laravel-backend\\vendor\\laravel\\framework\\src\\Illuminate\\Pipeline\\Pipeline.php(209): Illuminate\\Session\\Middleware\\StartSession->handle(Object(Illuminate\\Http\\Request), Object(Closure))
#25 C:\\Users\\PC\\Desktop\\gestion-bibliotheque\\laravel-backend\\vendor\\laravel\\framework\\src\\Illuminate\\Cookie\\Middleware\\AddQueuedCookiesToResponse.php(37): Illuminate\\Pipeline\\Pipeline->Illuminate\\Pipeline\\{closure}(Object(Illuminate\\Http\\Request))
#26 C:\\Users\\PC\\Desktop\\gestion-bibliotheque\\laravel-backend\\vendor\\laravel\\framework\\src\\Illuminate\\Pipeline\\Pipeline.php(209): Illuminate\\Cookie\\Middleware\\AddQueuedCookiesToResponse->handle(Object(Illuminate\\Http\\Request), Object(Closure))
#27 C:\\Users\\PC\\Desktop\\gestion-bibliotheque\\laravel-backend\\vendor\\laravel\\framework\\src\\Illuminate\\Cookie\\Middleware\\EncryptCookies.php(75): Illuminate\\Pipeline\\Pipeline->Illuminate\\Pipeline\\{closure}(Object(Illuminate\\Http\\Request))
#28 C:\\Users\\PC\\Desktop\\gestion-bibliotheque\\laravel-backend\\vendor\\laravel\\framework\\src\\Illuminate\\Pipeline\\Pipeline.php(209): Illuminate\\Cookie\\Middleware\\EncryptCookies->handle(Object(Illuminate\\Http\\Request), Object(Closure))
#29 C:\\Users\\PC\\Desktop\\gestion-bibliotheque\\laravel-backend\\vendor\\laravel\\framework\\src\\Illuminate\\Pipeline\\Pipeline.php(127): Illuminate\\Pipeline\\Pipeline->Illuminate\\Pipeline\\{closure}(Object(Illuminate\\Http\\Request))
#30 C:\\Users\\PC\\Desktop\\gestion-bibliotheque\\laravel-backend\\vendor\\laravel\\framework\\src\\Illuminate\\Routing\\Router.php(807): Illuminate\\Pipeline\\Pipeline->then(Object(Closure))
#31 C:\\Users\\PC\\Desktop\\gestion-bibliotheque\\laravel-backend\\vendor\\laravel\\framework\\src\\Illuminate\\Routing\\Router.php(786): Illuminate\\Routing\\Router->runRouteWithinStack(Object(Illuminate\\Routing\\Route), Object(Illuminate\\Http\\Request))
#32 C:\\Users\\PC\\Desktop\\gestion-bibliotheque\\laravel-backend\\vendor\\laravel\\framework\\src\\Illuminate\\Routing\\Router.php(750): Illuminate\\Routing\\Router->runRoute(Object(Illuminate\\Http\\Request), Object(Illuminate\\Routing\\Route))
#33 C:\\Users\\PC\\Desktop\\gestion-bibliotheque\\laravel-backend\\vendor\\laravel\\framework\\src\\Illuminate\\Routing\\Router.php(739): Illuminate\\Routing\\Router->dispatchToRoute(Object(Illuminate\\Http\\Request))
#34 C:\\Users\\PC\\Desktop\\gestion-bibliotheque\\laravel-backend\\vendor\\laravel\\framework\\src\\Illuminate\\Foundation\\Http\\Kernel.php(201): Illuminate\\Routing\\Router->dispatch(Object(Illuminate\\Http\\Request))
#35 C:\\Users\\PC\\Desktop\\gestion-bibliotheque\\laravel-backend\\vendor\\laravel\\framework\\src\\Illuminate\\Pipeline\\Pipeline.php(170): Illuminate\\Foundation\\Http\\Kernel->Illuminate\\Foundation\\Http\\{closure}(Object(Illuminate\\Http\\Request))
#36 C:\\Users\\PC\\Desktop\\gestion-bibliotheque\\laravel-backend\\vendor\\laravel\\framework\\src\\Illuminate\\Foundation\\Http\\Middleware\\TransformsRequest.php(21): Illuminate\\Pipeline\\Pipeline->Illuminate\\Pipeline\\{closure}(Object(Illuminate\\Http\\Request))
#37 C:\\Users\\PC\\Desktop\\gestion-bibliotheque\\laravel-backend\\vendor\\laravel\\framework\\src\\Illuminate\\Foundation\\Http\\Middleware\\ConvertEmptyStringsToNull.php(31): Illuminate\\Foundation\\Http\\Middleware\\TransformsRequest->handle(Object(Illuminate\\Http\\Request), Object(Closure))
#38 C:\\Users\\PC\\Desktop\\gestion-bibliotheque\\laravel-backend\\vendor\\laravel\\framework\\src\\Illuminate\\Pipeline\\Pipeline.php(209): Illuminate\\Foundation\\Http\\Middleware\\ConvertEmptyStringsToNull->handle(Object(Illuminate\\Http\\Request), Object(Closure))
#39 C:\\Users\\PC\\Desktop\\gestion-bibliotheque\\laravel-backend\\vendor\\laravel\\framework\\src\\Illuminate\\Foundation\\Http\\Middleware\\TransformsRequest.php(21): Illuminate\\Pipeline\\Pipeline->Illuminate\\Pipeline\\{closure}(Object(Illuminate\\Http\\Request))
#40 C:\\Users\\PC\\Desktop\\gestion-bibliotheque\\laravel-backend\\vendor\\laravel\\framework\\src\\Illuminate\\Foundation\\Http\\Middleware\\TrimStrings.php(51): Illuminate\\Foundation\\Http\\Middleware\\TransformsRequest->handle(Object(Illuminate\\Http\\Request), Object(Closure))
#41 C:\\Users\\PC\\Desktop\\gestion-bibliotheque\\laravel-backend\\vendor\\laravel\\framework\\src\\Illuminate\\Pipeline\\Pipeline.php(209): Illuminate\\Foundation\\Http\\Middleware\\TrimStrings->handle(Object(Illuminate\\Http\\Request), Object(Closure))
#42 C:\\Users\\PC\\Desktop\\gestion-bibliotheque\\laravel-backend\\vendor\\laravel\\framework\\src\\Illuminate\\Http\\Middleware\\ValidatePostSize.php(27): Illuminate\\Pipeline\\Pipeline->Illuminate\\Pipeline\\{closure}(Object(Illuminate\\Http\\Request))
#43 C:\\Users\\PC\\Desktop\\gestion-bibliotheque\\laravel-backend\\vendor\\laravel\\framework\\src\\Illuminate\\Pipeline\\Pipeline.php(209): Illuminate\\Http\\Middleware\\ValidatePostSize->handle(Object(Illuminate\\Http\\Request), Object(Closure))
#44 C:\\Users\\PC\\Desktop\\gestion-bibliotheque\\laravel-backend\\vendor\\laravel\\framework\\src\\Illuminate\\Foundation\\Http\\Middleware\\PreventRequestsDuringMaintenance.php(110): Illuminate\\Pipeline\\Pipeline->Illuminate\\Pipeline\\{closure}(Object(Illuminate\\Http\\Request))
#45 C:\\Users\\PC\\Desktop\\gestion-bibliotheque\\laravel-backend\\vendor\\laravel\\framework\\src\\Illuminate\\Pipeline\\Pipeline.php(209): Illuminate\\Foundation\\Http\\Middleware\\PreventRequestsDuringMaintenance->handle(Object(Illuminate\\Http\\Request), Object(Closure))
#46 C:\\Users\\PC\\Desktop\\gestion-bibliotheque\\laravel-backend\\vendor\\laravel\\framework\\src\\Illuminate\\Http\\Middleware\\HandleCors.php(49): Illuminate\\Pipeline\\Pipeline->Illuminate\\Pipeline\\{closure}(Object(Illuminate\\Http\\Request))
#47 C:\\Users\\PC\\Desktop\\gestion-bibliotheque\\laravel-backend\\vendor\\laravel\\framework\\src\\Illuminate\\Pipeline\\Pipeline.php(209): Illuminate\\Http\\Middleware\\HandleCors->handle(Object(Illuminate\\Http\\Request), Object(Closure))
#48 C:\\Users\\PC\\Desktop\\gestion-bibliotheque\\laravel-backend\\vendor\\laravel\\framework\\src\\Illuminate\\Http\\Middleware\\TrustProxies.php(58): Illuminate\\Pipeline\\Pipeline->Illuminate\\Pipeline\\{closure}(Object(Illuminate\\Http\\Request))
#49 C:\\Users\\PC\\Desktop\\gestion-bibliotheque\\laravel-backend\\vendor\\laravel\\framework\\src\\Illuminate\\Pipeline\\Pipeline.php(209): Illuminate\\Http\\Middleware\\TrustProxies->handle(Object(Illuminate\\Http\\Request), Object(Closure))
#50 C:\\Users\\PC\\Desktop\\gestion-bibliotheque\\laravel-backend\\vendor\\laravel\\framework\\src\\Illuminate\\Foundation\\Http\\Middleware\\InvokeDeferredCallbacks.php(22): Illuminate\\Pipeline\\Pipeline->Illuminate\\Pipeline\\{closure}(Object(Illuminate\\Http\\Request))
#51 C:\\Users\\PC\\Desktop\\gestion-bibliotheque\\laravel-backend\\vendor\\laravel\\framework\\src\\Illuminate\\Pipeline\\Pipeline.php(209): Illuminate\\Foundation\\Http\\Middleware\\InvokeDeferredCallbacks->handle(Object(Illuminate\\Http\\Request), Object(Closure))
#52 C:\\Users\\PC\\Desktop\\gestion-bibliotheque\\laravel-backend\\vendor\\laravel\\framework\\src\\Illuminate\\Pipeline\\Pipeline.php(127): Illuminate\\Pipeline\\Pipeline->Illuminate\\Pipeline\\{closure}(Object(Illuminate\\Http\\Request))
#53 C:\\Users\\PC\\Desktop\\gestion-bibliotheque\\laravel-backend\\vendor\\laravel\\framework\\src\\Illuminate\\Foundation\\Http\\Kernel.php(176): Illuminate\\Pipeline\\Pipeline->then(Object(Closure))
#54 C:\\Users\\PC\\Desktop\\gestion-bibliotheque\\laravel-backend\\vendor\\laravel\\framework\\src\\Illuminate\\Foundation\\Http\\Kernel.php(145): Illuminate\\Foundation\\Http\\Kernel->sendRequestThroughRouter(Object(Illuminate\\Http\\Request))
#55 C:\\Users\\PC\\Desktop\\gestion-bibliotheque\\laravel-backend\\vendor\\laravel\\framework\\src\\Illuminate\\Foundation\\Application.php(1216): Illuminate\\Foundation\\Http\\Kernel->handle(Object(Illuminate\\Http\\Request))
#56 C:\\Users\\PC\\Desktop\\gestion-bibliotheque\\laravel-backend\\public\\index.php(17): Illuminate\\Foundation\\Application->handleRequest(Object(Illuminate\\Http\\Request))
#57 C:\\Users\\PC\\Desktop\\gestion-bibliotheque\\laravel-backend\\vendor\\laravel\\framework\\src\\Illuminate\\Foundation\\resources\\server.php(23): require_once('C:\\\\Users\\\\PC\\\\Des...')
#58 {main}
"} 
[2025-03-17 20:26:29] local.ERROR: Method Illuminate\Database\Eloquent\Collection::paginate does not exist. {"userId":1,"exception":"[object] (BadMethodCallException(code: 0): Method Illuminate\\Database\\Eloquent\\Collection::paginate does not exist. at C:\\Users\\PC\\Desktop\\gestion-bibliotheque\\laravel-backend\\vendor\\laravel\\framework\\src\\Illuminate\\Macroable\\Traits\\Macroable.php:115)
[stacktrace]
#0 C:\\Users\\PC\\Desktop\\gestion-bibliotheque\\laravel-backend\\app\\Http\\Controllers\\PenalitesController.php(17): Illuminate\\Support\\Collection->__call('paginate', Array)
#1 C:\\Users\\PC\\Desktop\\gestion-bibliotheque\\laravel-backend\\vendor\\laravel\\framework\\src\\Illuminate\\Routing\\ControllerDispatcher.php(47): App\\Http\\Controllers\\PenalitesController->index()
#2 C:\\Users\\PC\\Desktop\\gestion-bibliotheque\\laravel-backend\\vendor\\laravel\\framework\\src\\Illuminate\\Routing\\Route.php(266): Illuminate\\Routing\\ControllerDispatcher->dispatch(Object(Illuminate\\Routing\\Route), Object(App\\Http\\Controllers\\PenalitesController), 'index')
#3 C:\\Users\\PC\\Desktop\\gestion-bibliotheque\\laravel-backend\\vendor\\laravel\\framework\\src\\Illuminate\\Routing\\Route.php(212): Illuminate\\Routing\\Route->runController()
#4 C:\\Users\\PC\\Desktop\\gestion-bibliotheque\\laravel-backend\\vendor\\laravel\\framework\\src\\Illuminate\\Routing\\Router.php(808): Illuminate\\Routing\\Route->run()
#5 C:\\Users\\PC\\Desktop\\gestion-bibliotheque\\laravel-backend\\vendor\\laravel\\framework\\src\\Illuminate\\Pipeline\\Pipeline.php(170): Illuminate\\Routing\\Router->Illuminate\\Routing\\{closure}(Object(Illuminate\\Http\\Request))
#6 C:\\Users\\PC\\Desktop\\gestion-bibliotheque\\laravel-backend\\vendor\\laravel\\framework\\src\\Illuminate\\Routing\\Middleware\\SubstituteBindings.php(51): Illuminate\\Pipeline\\Pipeline->Illuminate\\Pipeline\\{closure}(Object(Illuminate\\Http\\Request))
#7 C:\\Users\\PC\\Desktop\\gestion-bibliotheque\\laravel-backend\\vendor\\laravel\\framework\\src\\Illuminate\\Pipeline\\Pipeline.php(209): Illuminate\\Routing\\Middleware\\SubstituteBindings->handle(Object(Illuminate\\Http\\Request), Object(Closure))
#8 C:\\Users\\PC\\Desktop\\gestion-bibliotheque\\laravel-backend\\vendor\\laravel\\framework\\src\\Illuminate\\Auth\\Middleware\\Authenticate.php(64): Illuminate\\Pipeline\\Pipeline->Illuminate\\Pipeline\\{closure}(Object(Illuminate\\Http\\Request))
#9 C:\\Users\\PC\\Desktop\\gestion-bibliotheque\\laravel-backend\\vendor\\laravel\\framework\\src\\Illuminate\\Pipeline\\Pipeline.php(209): Illuminate\\Auth\\Middleware\\Authenticate->handle(Object(Illuminate\\Http\\Request), Object(Closure))
#10 C:\\Users\\PC\\Desktop\\gestion-bibliotheque\\laravel-backend\\vendor\\laravel\\framework\\src\\Illuminate\\Foundation\\Http\\Middleware\\VerifyCsrfToken.php(88): Illuminate\\Pipeline\\Pipeline->Illuminate\\Pipeline\\{closure}(Object(Illuminate\\Http\\Request))
#11 C:\\Users\\PC\\Desktop\\gestion-bibliotheque\\laravel-backend\\vendor\\laravel\\framework\\src\\Illuminate\\Pipeline\\Pipeline.php(209): Illuminate\\Foundation\\Http\\Middleware\\VerifyCsrfToken->handle(Object(Illuminate\\Http\\Request), Object(Closure))
#12 C:\\Users\\PC\\Desktop\\gestion-bibliotheque\\laravel-backend\\vendor\\laravel\\framework\\src\\Illuminate\\View\\Middleware\\ShareErrorsFromSession.php(49): Illuminate\\Pipeline\\Pipeline->Illuminate\\Pipeline\\{closure}(Object(Illuminate\\Http\\Request))
#13 C:\\Users\\PC\\Desktop\\gestion-bibliotheque\\laravel-backend\\vendor\\laravel\\framework\\src\\Illuminate\\Pipeline\\Pipeline.php(209): Illuminate\\View\\Middleware\\ShareErrorsFromSession->handle(Object(Illuminate\\Http\\Request), Object(Closure))
#14 C:\\Users\\PC\\Desktop\\gestion-bibliotheque\\laravel-backend\\vendor\\laravel\\framework\\src\\Illuminate\\Session\\Middleware\\StartSession.php(121): Illuminate\\Pipeline\\Pipeline->Illuminate\\Pipeline\\{closure}(Object(Illuminate\\Http\\Request))
#15 C:\\Users\\PC\\Desktop\\gestion-bibliotheque\\laravel-backend\\vendor\\laravel\\framework\\src\\Illuminate\\Session\\Middleware\\StartSession.php(64): Illuminate\\Session\\Middleware\\StartSession->handleStatefulRequest(Object(Illuminate\\Http\\Request), Object(Illuminate\\Session\\Store), Object(Closure))
#16 C:\\Users\\PC\\Desktop\\gestion-bibliotheque\\laravel-backend\\vendor\\laravel\\framework\\src\\Illuminate\\Pipeline\\Pipeline.php(209): Illuminate\\Session\\Middleware\\StartSession->handle(Object(Illuminate\\Http\\Request), Object(Closure))
#17 C:\\Users\\PC\\Desktop\\gestion-bibliotheque\\laravel-backend\\vendor\\laravel\\framework\\src\\Illuminate\\Cookie\\Middleware\\AddQueuedCookiesToResponse.php(37): Illuminate\\Pipeline\\Pipeline->Illuminate\\Pipeline\\{closure}(Object(Illuminate\\Http\\Request))
#18 C:\\Users\\PC\\Desktop\\gestion-bibliotheque\\laravel-backend\\vendor\\laravel\\framework\\src\\Illuminate\\Pipeline\\Pipeline.php(209): Illuminate\\Cookie\\Middleware\\AddQueuedCookiesToResponse->handle(Object(Illuminate\\Http\\Request), Object(Closure))
#19 C:\\Users\\PC\\Desktop\\gestion-bibliotheque\\laravel-backend\\vendor\\laravel\\framework\\src\\Illuminate\\Cookie\\Middleware\\EncryptCookies.php(75): Illuminate\\Pipeline\\Pipeline->Illuminate\\Pipeline\\{closure}(Object(Illuminate\\Http\\Request))
#20 C:\\Users\\PC\\Desktop\\gestion-bibliotheque\\laravel-backend\\vendor\\laravel\\framework\\src\\Illuminate\\Pipeline\\Pipeline.php(209): Illuminate\\Cookie\\Middleware\\EncryptCookies->handle(Object(Illuminate\\Http\\Request), Object(Closure))
#21 C:\\Users\\PC\\Desktop\\gestion-bibliotheque\\laravel-backend\\vendor\\laravel\\framework\\src\\Illuminate\\Pipeline\\Pipeline.php(127): Illuminate\\Pipeline\\Pipeline->Illuminate\\Pipeline\\{closure}(Object(Illuminate\\Http\\Request))
#22 C:\\Users\\PC\\Desktop\\gestion-bibliotheque\\laravel-backend\\vendor\\laravel\\framework\\src\\Illuminate\\Routing\\Router.php(807): Illuminate\\Pipeline\\Pipeline->then(Object(Closure))
#23 C:\\Users\\PC\\Desktop\\gestion-bibliotheque\\laravel-backend\\vendor\\laravel\\framework\\src\\Illuminate\\Routing\\Router.php(786): Illuminate\\Routing\\Router->runRouteWithinStack(Object(Illuminate\\Routing\\Route), Object(Illuminate\\Http\\Request))
#24 C:\\Users\\PC\\Desktop\\gestion-bibliotheque\\laravel-backend\\vendor\\laravel\\framework\\src\\Illuminate\\Routing\\Router.php(750): Illuminate\\Routing\\Router->runRoute(Object(Illuminate\\Http\\Request), Object(Illuminate\\Routing\\Route))
#25 C:\\Users\\PC\\Desktop\\gestion-bibliotheque\\laravel-backend\\vendor\\laravel\\framework\\src\\Illuminate\\Routing\\Router.php(739): Illuminate\\Routing\\Router->dispatchToRoute(Object(Illuminate\\Http\\Request))
#26 C:\\Users\\PC\\Desktop\\gestion-bibliotheque\\laravel-backend\\vendor\\laravel\\framework\\src\\Illuminate\\Foundation\\Http\\Kernel.php(201): Illuminate\\Routing\\Router->dispatch(Object(Illuminate\\Http\\Request))
#27 C:\\Users\\PC\\Desktop\\gestion-bibliotheque\\laravel-backend\\vendor\\laravel\\framework\\src\\Illuminate\\Pipeline\\Pipeline.php(170): Illuminate\\Foundation\\Http\\Kernel->Illuminate\\Foundation\\Http\\{closure}(Object(Illuminate\\Http\\Request))
#28 C:\\Users\\PC\\Desktop\\gestion-bibliotheque\\laravel-backend\\vendor\\laravel\\framework\\src\\Illuminate\\Foundation\\Http\\Middleware\\TransformsRequest.php(21): Illuminate\\Pipeline\\Pipeline->Illuminate\\Pipeline\\{closure}(Object(Illuminate\\Http\\Request))
#29 C:\\Users\\PC\\Desktop\\gestion-bibliotheque\\laravel-backend\\vendor\\laravel\\framework\\src\\Illuminate\\Foundation\\Http\\Middleware\\ConvertEmptyStringsToNull.php(31): Illuminate\\Foundation\\Http\\Middleware\\TransformsRequest->handle(Object(Illuminate\\Http\\Request), Object(Closure))
#30 C:\\Users\\PC\\Desktop\\gestion-bibliotheque\\laravel-backend\\vendor\\laravel\\framework\\src\\Illuminate\\Pipeline\\Pipeline.php(209): Illuminate\\Foundation\\Http\\Middleware\\ConvertEmptyStringsToNull->handle(Object(Illuminate\\Http\\Request), Object(Closure))
#31 C:\\Users\\PC\\Desktop\\gestion-bibliotheque\\laravel-backend\\vendor\\laravel\\framework\\src\\Illuminate\\Foundation\\Http\\Middleware\\TransformsRequest.php(21): Illuminate\\Pipeline\\Pipeline->Illuminate\\Pipeline\\{closure}(Object(Illuminate\\Http\\Request))
#32 C:\\Users\\PC\\Desktop\\gestion-bibliotheque\\laravel-backend\\vendor\\laravel\\framework\\src\\Illuminate\\Foundation\\Http\\Middleware\\TrimStrings.php(51): Illuminate\\Foundation\\Http\\Middleware\\TransformsRequest->handle(Object(Illuminate\\Http\\Request), Object(Closure))
#33 C:\\Users\\PC\\Desktop\\gestion-bibliotheque\\laravel-backend\\vendor\\laravel\\framework\\src\\Illuminate\\Pipeline\\Pipeline.php(209): Illuminate\\Foundation\\Http\\Middleware\\TrimStrings->handle(Object(Illuminate\\Http\\Request), Object(Closure))
#34 C:\\Users\\PC\\Desktop\\gestion-bibliotheque\\laravel-backend\\vendor\\laravel\\framework\\src\\Illuminate\\Http\\Middleware\\ValidatePostSize.php(27): Illuminate\\Pipeline\\Pipeline->Illuminate\\Pipeline\\{closure}(Object(Illuminate\\Http\\Request))
#35 C:\\Users\\PC\\Desktop\\gestion-bibliotheque\\laravel-backend\\vendor\\laravel\\framework\\src\\Illuminate\\Pipeline\\Pipeline.php(209): Illuminate\\Http\\Middleware\\ValidatePostSize->handle(Object(Illuminate\\Http\\Request), Object(Closure))
#36 C:\\Users\\PC\\Desktop\\gestion-bibliotheque\\laravel-backend\\vendor\\laravel\\framework\\src\\Illuminate\\Foundation\\Http\\Middleware\\PreventRequestsDuringMaintenance.php(110): Illuminate\\Pipeline\\Pipeline->Illuminate\\Pipeline\\{closure}(Object(Illuminate\\Http\\Request))
#37 C:\\Users\\PC\\Desktop\\gestion-bibliotheque\\laravel-backend\\vendor\\laravel\\framework\\src\\Illuminate\\Pipeline\\Pipeline.php(209): Illuminate\\Foundation\\Http\\Middleware\\PreventRequestsDuringMaintenance->handle(Object(Illuminate\\Http\\Request), Object(Closure))
#38 C:\\Users\\PC\\Desktop\\gestion-bibliotheque\\laravel-backend\\vendor\\laravel\\framework\\src\\Illuminate\\Http\\Middleware\\HandleCors.php(49): Illuminate\\Pipeline\\Pipeline->Illuminate\\Pipeline\\{closure}(Object(Illuminate\\Http\\Request))
#39 C:\\Users\\PC\\Desktop\\gestion-bibliotheque\\laravel-backend\\vendor\\laravel\\framework\\src\\Illuminate\\Pipeline\\Pipeline.php(209): Illuminate\\Http\\Middleware\\HandleCors->handle(Object(Illuminate\\Http\\Request), Object(Closure))
#40 C:\\Users\\PC\\Desktop\\gestion-bibliotheque\\laravel-backend\\vendor\\laravel\\framework\\src\\Illuminate\\Http\\Middleware\\TrustProxies.php(58): Illuminate\\Pipeline\\Pipeline->Illuminate\\Pipeline\\{closure}(Object(Illuminate\\Http\\Request))
#41 C:\\Users\\PC\\Desktop\\gestion-bibliotheque\\laravel-backend\\vendor\\laravel\\framework\\src\\Illuminate\\Pipeline\\Pipeline.php(209): Illuminate\\Http\\Middleware\\TrustProxies->handle(Object(Illuminate\\Http\\Request), Object(Closure))
#42 C:\\Users\\PC\\Desktop\\gestion-bibliotheque\\laravel-backend\\vendor\\laravel\\framework\\src\\Illuminate\\Foundation\\Http\\Middleware\\InvokeDeferredCallbacks.php(22): Illuminate\\Pipeline\\Pipeline->Illuminate\\Pipeline\\{closure}(Object(Illuminate\\Http\\Request))
#43 C:\\Users\\PC\\Desktop\\gestion-bibliotheque\\laravel-backend\\vendor\\laravel\\framework\\src\\Illuminate\\Pipeline\\Pipeline.php(209): Illuminate\\Foundation\\Http\\Middleware\\InvokeDeferredCallbacks->handle(Object(Illuminate\\Http\\Request), Object(Closure))
#44 C:\\Users\\PC\\Desktop\\gestion-bibliotheque\\laravel-backend\\vendor\\laravel\\framework\\src\\Illuminate\\Pipeline\\Pipeline.php(127): Illuminate\\Pipeline\\Pipeline->Illuminate\\Pipeline\\{closure}(Object(Illuminate\\Http\\Request))
#45 C:\\Users\\PC\\Desktop\\gestion-bibliotheque\\laravel-backend\\vendor\\laravel\\framework\\src\\Illuminate\\Foundation\\Http\\Kernel.php(176): Illuminate\\Pipeline\\Pipeline->then(Object(Closure))
#46 C:\\Users\\PC\\Desktop\\gestion-bibliotheque\\laravel-backend\\vendor\\laravel\\framework\\src\\Illuminate\\Foundation\\Http\\Kernel.php(145): Illuminate\\Foundation\\Http\\Kernel->sendRequestThroughRouter(Object(Illuminate\\Http\\Request))
#47 C:\\Users\\PC\\Desktop\\gestion-bibliotheque\\laravel-backend\\vendor\\laravel\\framework\\src\\Illuminate\\Foundation\\Application.php(1216): Illuminate\\Foundation\\Http\\Kernel->handle(Object(Illuminate\\Http\\Request))
#48 C:\\Users\\PC\\Desktop\\gestion-bibliotheque\\laravel-backend\\public\\index.php(17): Illuminate\\Foundation\\Application->handleRequest(Object(Illuminate\\Http\\Request))
#49 C:\\Users\\PC\\Desktop\\gestion-bibliotheque\\laravel-backend\\vendor\\laravel\\framework\\src\\Illuminate\\Foundation\\resources\\server.php(23): require_once('C:\\\\Users\\\\PC\\\\Des...')
#50 {main}
"} 
[2025-03-17 20:27:27] local.ERROR: Method Illuminate\Database\Eloquent\Collection::paginate does not exist. {"userId":1,"exception":"[object] (BadMethodCallException(code: 0): Method Illuminate\\Database\\Eloquent\\Collection::paginate does not exist. at C:\\Users\\PC\\Desktop\\gestion-bibliotheque\\laravel-backend\\vendor\\laravel\\framework\\src\\Illuminate\\Macroable\\Traits\\Macroable.php:89)
[stacktrace]
#0 C:\\Users\\PC\\Desktop\\gestion-bibliotheque\\laravel-backend\\app\\Http\\Controllers\\PenalitesController.php(17): Illuminate\\Support\\Collection::__callStatic('paginate', Array)
#1 C:\\Users\\PC\\Desktop\\gestion-bibliotheque\\laravel-backend\\vendor\\laravel\\framework\\src\\Illuminate\\Routing\\ControllerDispatcher.php(47): App\\Http\\Controllers\\PenalitesController->index()
#2 C:\\Users\\PC\\Desktop\\gestion-bibliotheque\\laravel-backend\\vendor\\laravel\\framework\\src\\Illuminate\\Routing\\Route.php(266): Illuminate\\Routing\\ControllerDispatcher->dispatch(Object(Illuminate\\Routing\\Route), Object(App\\Http\\Controllers\\PenalitesController), 'index')
#3 C:\\Users\\PC\\Desktop\\gestion-bibliotheque\\laravel-backend\\vendor\\laravel\\framework\\src\\Illuminate\\Routing\\Route.php(212): Illuminate\\Routing\\Route->runController()
#4 C:\\Users\\PC\\Desktop\\gestion-bibliotheque\\laravel-backend\\vendor\\laravel\\framework\\src\\Illuminate\\Routing\\Router.php(808): Illuminate\\Routing\\Route->run()
#5 C:\\Users\\PC\\Desktop\\gestion-bibliotheque\\laravel-backend\\vendor\\laravel\\framework\\src\\Illuminate\\Pipeline\\Pipeline.php(170): Illuminate\\Routing\\Router->Illuminate\\Routing\\{closure}(Object(Illuminate\\Http\\Request))
#6 C:\\Users\\PC\\Desktop\\gestion-bibliotheque\\laravel-backend\\vendor\\laravel\\framework\\src\\Illuminate\\Routing\\Middleware\\SubstituteBindings.php(51): Illuminate\\Pipeline\\Pipeline->Illuminate\\Pipeline\\{closure}(Object(Illuminate\\Http\\Request))
#7 C:\\Users\\PC\\Desktop\\gestion-bibliotheque\\laravel-backend\\vendor\\laravel\\framework\\src\\Illuminate\\Pipeline\\Pipeline.php(209): Illuminate\\Routing\\Middleware\\SubstituteBindings->handle(Object(Illuminate\\Http\\Request), Object(Closure))
#8 C:\\Users\\PC\\Desktop\\gestion-bibliotheque\\laravel-backend\\vendor\\laravel\\framework\\src\\Illuminate\\Auth\\Middleware\\Authenticate.php(64): Illuminate\\Pipeline\\Pipeline->Illuminate\\Pipeline\\{closure}(Object(Illuminate\\Http\\Request))
#9 C:\\Users\\PC\\Desktop\\gestion-bibliotheque\\laravel-backend\\vendor\\laravel\\framework\\src\\Illuminate\\Pipeline\\Pipeline.php(209): Illuminate\\Auth\\Middleware\\Authenticate->handle(Object(Illuminate\\Http\\Request), Object(Closure))
#10 C:\\Users\\PC\\Desktop\\gestion-bibliotheque\\laravel-backend\\vendor\\laravel\\framework\\src\\Illuminate\\Foundation\\Http\\Middleware\\VerifyCsrfToken.php(88): Illuminate\\Pipeline\\Pipeline->Illuminate\\Pipeline\\{closure}(Object(Illuminate\\Http\\Request))
#11 C:\\Users\\PC\\Desktop\\gestion-bibliotheque\\laravel-backend\\vendor\\laravel\\framework\\src\\Illuminate\\Pipeline\\Pipeline.php(209): Illuminate\\Foundation\\Http\\Middleware\\VerifyCsrfToken->handle(Object(Illuminate\\Http\\Request), Object(Closure))
#12 C:\\Users\\PC\\Desktop\\gestion-bibliotheque\\laravel-backend\\vendor\\laravel\\framework\\src\\Illuminate\\View\\Middleware\\ShareErrorsFromSession.php(49): Illuminate\\Pipeline\\Pipeline->Illuminate\\Pipeline\\{closure}(Object(Illuminate\\Http\\Request))
#13 C:\\Users\\PC\\Desktop\\gestion-bibliotheque\\laravel-backend\\vendor\\laravel\\framework\\src\\Illuminate\\Pipeline\\Pipeline.php(209): Illuminate\\View\\Middleware\\ShareErrorsFromSession->handle(Object(Illuminate\\Http\\Request), Object(Closure))
#14 C:\\Users\\PC\\Desktop\\gestion-bibliotheque\\laravel-backend\\vendor\\laravel\\framework\\src\\Illuminate\\Session\\Middleware\\StartSession.php(121): Illuminate\\Pipeline\\Pipeline->Illuminate\\Pipeline\\{closure}(Object(Illuminate\\Http\\Request))
#15 C:\\Users\\PC\\Desktop\\gestion-bibliotheque\\laravel-backend\\vendor\\laravel\\framework\\src\\Illuminate\\Session\\Middleware\\StartSession.php(64): Illuminate\\Session\\Middleware\\StartSession->handleStatefulRequest(Object(Illuminate\\Http\\Request), Object(Illuminate\\Session\\Store), Object(Closure))
#16 C:\\Users\\PC\\Desktop\\gestion-bibliotheque\\laravel-backend\\vendor\\laravel\\framework\\src\\Illuminate\\Pipeline\\Pipeline.php(209): Illuminate\\Session\\Middleware\\StartSession->handle(Object(Illuminate\\Http\\Request), Object(Closure))
#17 C:\\Users\\PC\\Desktop\\gestion-bibliotheque\\laravel-backend\\vendor\\laravel\\framework\\src\\Illuminate\\Cookie\\Middleware\\AddQueuedCookiesToResponse.php(37): Illuminate\\Pipeline\\Pipeline->Illuminate\\Pipeline\\{closure}(Object(Illuminate\\Http\\Request))
#18 C:\\Users\\PC\\Desktop\\gestion-bibliotheque\\laravel-backend\\vendor\\laravel\\framework\\src\\Illuminate\\Pipeline\\Pipeline.php(209): Illuminate\\Cookie\\Middleware\\AddQueuedCookiesToResponse->handle(Object(Illuminate\\Http\\Request), Object(Closure))
#19 C:\\Users\\PC\\Desktop\\gestion-bibliotheque\\laravel-backend\\vendor\\laravel\\framework\\src\\Illuminate\\Cookie\\Middleware\\EncryptCookies.php(75): Illuminate\\Pipeline\\Pipeline->Illuminate\\Pipeline\\{closure}(Object(Illuminate\\Http\\Request))
#20 C:\\Users\\PC\\Desktop\\gestion-bibliotheque\\laravel-backend\\vendor\\laravel\\framework\\src\\Illuminate\\Pipeline\\Pipeline.php(209): Illuminate\\Cookie\\Middleware\\EncryptCookies->handle(Object(Illuminate\\Http\\Request), Object(Closure))
#21 C:\\Users\\PC\\Desktop\\gestion-bibliotheque\\laravel-backend\\vendor\\laravel\\framework\\src\\Illuminate\\Pipeline\\Pipeline.php(127): Illuminate\\Pipeline\\Pipeline->Illuminate\\Pipeline\\{closure}(Object(Illuminate\\Http\\Request))
#22 C:\\Users\\PC\\Desktop\\gestion-bibliotheque\\laravel-backend\\vendor\\laravel\\framework\\src\\Illuminate\\Routing\\Router.php(807): Illuminate\\Pipeline\\Pipeline->then(Object(Closure))
#23 C:\\Users\\PC\\Desktop\\gestion-bibliotheque\\laravel-backend\\vendor\\laravel\\framework\\src\\Illuminate\\Routing\\Router.php(786): Illuminate\\Routing\\Router->runRouteWithinStack(Object(Illuminate\\Routing\\Route), Object(Illuminate\\Http\\Request))
#24 C:\\Users\\PC\\Desktop\\gestion-bibliotheque\\laravel-backend\\vendor\\laravel\\framework\\src\\Illuminate\\Routing\\Router.php(750): Illuminate\\Routing\\Router->runRoute(Object(Illuminate\\Http\\Request), Object(Illuminate\\Routing\\Route))
#25 C:\\Users\\PC\\Desktop\\gestion-bibliotheque\\laravel-backend\\vendor\\laravel\\framework\\src\\Illuminate\\Routing\\Router.php(739): Illuminate\\Routing\\Router->dispatchToRoute(Object(Illuminate\\Http\\Request))
#26 C:\\Users\\PC\\Desktop\\gestion-bibliotheque\\laravel-backend\\vendor\\laravel\\framework\\src\\Illuminate\\Foundation\\Http\\Kernel.php(201): Illuminate\\Routing\\Router->dispatch(Object(Illuminate\\Http\\Request))
#27 C:\\Users\\PC\\Desktop\\gestion-bibliotheque\\laravel-backend\\vendor\\laravel\\framework\\src\\Illuminate\\Pipeline\\Pipeline.php(170): Illuminate\\Foundation\\Http\\Kernel->Illuminate\\Foundation\\Http\\{closure}(Object(Illuminate\\Http\\Request))
#28 C:\\Users\\PC\\Desktop\\gestion-bibliotheque\\laravel-backend\\vendor\\laravel\\framework\\src\\Illuminate\\Foundation\\Http\\Middleware\\TransformsRequest.php(21): Illuminate\\Pipeline\\Pipeline->Illuminate\\Pipeline\\{closure}(Object(Illuminate\\Http\\Request))
#29 C:\\Users\\PC\\Desktop\\gestion-bibliotheque\\laravel-backend\\vendor\\laravel\\framework\\src\\Illuminate\\Foundation\\Http\\Middleware\\ConvertEmptyStringsToNull.php(31): Illuminate\\Foundation\\Http\\Middleware\\TransformsRequest->handle(Object(Illuminate\\Http\\Request), Object(Closure))
#30 C:\\Users\\PC\\Desktop\\gestion-bibliotheque\\laravel-backend\\vendor\\laravel\\framework\\src\\Illuminate\\Pipeline\\Pipeline.php(209): Illuminate\\Foundation\\Http\\Middleware\\ConvertEmptyStringsToNull->handle(Object(Illuminate\\Http\\Request), Object(Closure))
#31 C:\\Users\\PC\\Desktop\\gestion-bibliotheque\\laravel-backend\\vendor\\laravel\\framework\\src\\Illuminate\\Foundation\\Http\\Middleware\\TransformsRequest.php(21): Illuminate\\Pipeline\\Pipeline->Illuminate\\Pipeline\\{closure}(Object(Illuminate\\Http\\Request))
#32 C:\\Users\\PC\\Desktop\\gestion-bibliotheque\\laravel-backend\\vendor\\laravel\\framework\\src\\Illuminate\\Foundation\\Http\\Middleware\\TrimStrings.php(51): Illuminate\\Foundation\\Http\\Middleware\\TransformsRequest->handle(Object(Illuminate\\Http\\Request), Object(Closure))
#33 C:\\Users\\PC\\Desktop\\gestion-bibliotheque\\laravel-backend\\vendor\\laravel\\framework\\src\\Illuminate\\Pipeline\\Pipeline.php(209): Illuminate\\Foundation\\Http\\Middleware\\TrimStrings->handle(Object(Illuminate\\Http\\Request), Object(Closure))
#34 C:\\Users\\PC\\Desktop\\gestion-bibliotheque\\laravel-backend\\vendor\\laravel\\framework\\src\\Illuminate\\Http\\Middleware\\ValidatePostSize.php(27): Illuminate\\Pipeline\\Pipeline->Illuminate\\Pipeline\\{closure}(Object(Illuminate\\Http\\Request))
#35 C:\\Users\\PC\\Desktop\\gestion-bibliotheque\\laravel-backend\\vendor\\laravel\\framework\\src\\Illuminate\\Pipeline\\Pipeline.php(209): Illuminate\\Http\\Middleware\\ValidatePostSize->handle(Object(Illuminate\\Http\\Request), Object(Closure))
#36 C:\\Users\\PC\\Desktop\\gestion-bibliotheque\\laravel-backend\\vendor\\laravel\\framework\\src\\Illuminate\\Foundation\\Http\\Middleware\\PreventRequestsDuringMaintenance.php(110): Illuminate\\Pipeline\\Pipeline->Illuminate\\Pipeline\\{closure}(Object(Illuminate\\Http\\Request))
#37 C:\\Users\\PC\\Desktop\\gestion-bibliotheque\\laravel-backend\\vendor\\laravel\\framework\\src\\Illuminate\\Pipeline\\Pipeline.php(209): Illuminate\\Foundation\\Http\\Middleware\\PreventRequestsDuringMaintenance->handle(Object(Illuminate\\Http\\Request), Object(Closure))
#38 C:\\Users\\PC\\Desktop\\gestion-bibliotheque\\laravel-backend\\vendor\\laravel\\framework\\src\\Illuminate\\Http\\Middleware\\HandleCors.php(49): Illuminate\\Pipeline\\Pipeline->Illuminate\\Pipeline\\{closure}(Object(Illuminate\\Http\\Request))
#39 C:\\Users\\PC\\Desktop\\gestion-bibliotheque\\laravel-backend\\vendor\\laravel\\framework\\src\\Illuminate\\Pipeline\\Pipeline.php(209): Illuminate\\Http\\Middleware\\HandleCors->handle(Object(Illuminate\\Http\\Request), Object(Closure))
#40 C:\\Users\\PC\\Desktop\\gestion-bibliotheque\\laravel-backend\\vendor\\laravel\\framework\\src\\Illuminate\\Http\\Middleware\\TrustProxies.php(58): Illuminate\\Pipeline\\Pipeline->Illuminate\\Pipeline\\{closure}(Object(Illuminate\\Http\\Request))
#41 C:\\Users\\PC\\Desktop\\gestion-bibliotheque\\laravel-backend\\vendor\\laravel\\framework\\src\\Illuminate\\Pipeline\\Pipeline.php(209): Illuminate\\Http\\Middleware\\TrustProxies->handle(Object(Illuminate\\Http\\Request), Object(Closure))
#42 C:\\Users\\PC\\Desktop\\gestion-bibliotheque\\laravel-backend\\vendor\\laravel\\framework\\src\\Illuminate\\Foundation\\Http\\Middleware\\InvokeDeferredCallbacks.php(22): Illuminate\\Pipeline\\Pipeline->Illuminate\\Pipeline\\{closure}(Object(Illuminate\\Http\\Request))
#43 C:\\Users\\PC\\Desktop\\gestion-bibliotheque\\laravel-backend\\vendor\\laravel\\framework\\src\\Illuminate\\Pipeline\\Pipeline.php(209): Illuminate\\Foundation\\Http\\Middleware\\InvokeDeferredCallbacks->handle(Object(Illuminate\\Http\\Request), Object(Closure))
#44 C:\\Users\\PC\\Desktop\\gestion-bibliotheque\\laravel-backend\\vendor\\laravel\\framework\\src\\Illuminate\\Pipeline\\Pipeline.php(127): Illuminate\\Pipeline\\Pipeline->Illuminate\\Pipeline\\{closure}(Object(Illuminate\\Http\\Request))
#45 C:\\Users\\PC\\Desktop\\gestion-bibliotheque\\laravel-backend\\vendor\\laravel\\framework\\src\\Illuminate\\Foundation\\Http\\Kernel.php(176): Illuminate\\Pipeline\\Pipeline->then(Object(Closure))
#46 C:\\Users\\PC\\Desktop\\gestion-bibliotheque\\laravel-backend\\vendor\\laravel\\framework\\src\\Illuminate\\Foundation\\Http\\Kernel.php(145): Illuminate\\Foundation\\Http\\Kernel->sendRequestThroughRouter(Object(Illuminate\\Http\\Request))
#47 C:\\Users\\PC\\Desktop\\gestion-bibliotheque\\laravel-backend\\vendor\\laravel\\framework\\src\\Illuminate\\Foundation\\Application.php(1216): Illuminate\\Foundation\\Http\\Kernel->handle(Object(Illuminate\\Http\\Request))
#48 C:\\Users\\PC\\Desktop\\gestion-bibliotheque\\laravel-backend\\public\\index.php(17): Illuminate\\Foundation\\Application->handleRequest(Object(Illuminate\\Http\\Request))
#49 C:\\Users\\PC\\Desktop\\gestion-bibliotheque\\laravel-backend\\vendor\\laravel\\framework\\src\\Illuminate\\Foundation\\resources\\server.php(23): require_once('C:\\\\Users\\\\PC\\\\Des...')
#50 {main}
"} 
[2025-03-17 20:28:06] local.ERROR: Method Illuminate\Database\Eloquent\Collection::paginate does not exist. {"userId":1,"exception":"[object] (BadMethodCallException(code: 0): Method Illuminate\\Database\\Eloquent\\Collection::paginate does not exist. at C:\\Users\\PC\\Desktop\\gestion-bibliotheque\\laravel-backend\\vendor\\laravel\\framework\\src\\Illuminate\\Macroable\\Traits\\Macroable.php:115)
[stacktrace]
#0 C:\\Users\\PC\\Desktop\\gestion-bibliotheque\\laravel-backend\\app\\Http\\Controllers\\PenalitesController.php(18): Illuminate\\Support\\Collection->__call('paginate', Array)
#1 C:\\Users\\PC\\Desktop\\gestion-bibliotheque\\laravel-backend\\vendor\\laravel\\framework\\src\\Illuminate\\Routing\\ControllerDispatcher.php(47): App\\Http\\Controllers\\PenalitesController->index()
#2 C:\\Users\\PC\\Desktop\\gestion-bibliotheque\\laravel-backend\\vendor\\laravel\\framework\\src\\Illuminate\\Routing\\Route.php(266): Illuminate\\Routing\\ControllerDispatcher->dispatch(Object(Illuminate\\Routing\\Route), Object(App\\Http\\Controllers\\PenalitesController), 'index')
#3 C:\\Users\\PC\\Desktop\\gestion-bibliotheque\\laravel-backend\\vendor\\laravel\\framework\\src\\Illuminate\\Routing\\Route.php(212): Illuminate\\Routing\\Route->runController()
#4 C:\\Users\\PC\\Desktop\\gestion-bibliotheque\\laravel-backend\\vendor\\laravel\\framework\\src\\Illuminate\\Routing\\Router.php(808): Illuminate\\Routing\\Route->run()
#5 C:\\Users\\PC\\Desktop\\gestion-bibliotheque\\laravel-backend\\vendor\\laravel\\framework\\src\\Illuminate\\Pipeline\\Pipeline.php(170): Illuminate\\Routing\\Router->Illuminate\\Routing\\{closure}(Object(Illuminate\\Http\\Request))
#6 C:\\Users\\PC\\Desktop\\gestion-bibliotheque\\laravel-backend\\vendor\\laravel\\framework\\src\\Illuminate\\Routing\\Middleware\\SubstituteBindings.php(51): Illuminate\\Pipeline\\Pipeline->Illuminate\\Pipeline\\{closure}(Object(Illuminate\\Http\\Request))
#7 C:\\Users\\PC\\Desktop\\gestion-bibliotheque\\laravel-backend\\vendor\\laravel\\framework\\src\\Illuminate\\Pipeline\\Pipeline.php(209): Illuminate\\Routing\\Middleware\\SubstituteBindings->handle(Object(Illuminate\\Http\\Request), Object(Closure))
#8 C:\\Users\\PC\\Desktop\\gestion-bibliotheque\\laravel-backend\\vendor\\laravel\\framework\\src\\Illuminate\\Auth\\Middleware\\Authenticate.php(64): Illuminate\\Pipeline\\Pipeline->Illuminate\\Pipeline\\{closure}(Object(Illuminate\\Http\\Request))
#9 C:\\Users\\PC\\Desktop\\gestion-bibliotheque\\laravel-backend\\vendor\\laravel\\framework\\src\\Illuminate\\Pipeline\\Pipeline.php(209): Illuminate\\Auth\\Middleware\\Authenticate->handle(Object(Illuminate\\Http\\Request), Object(Closure))
#10 C:\\Users\\PC\\Desktop\\gestion-bibliotheque\\laravel-backend\\vendor\\laravel\\framework\\src\\Illuminate\\Foundation\\Http\\Middleware\\VerifyCsrfToken.php(88): Illuminate\\Pipeline\\Pipeline->Illuminate\\Pipeline\\{closure}(Object(Illuminate\\Http\\Request))
#11 C:\\Users\\PC\\Desktop\\gestion-bibliotheque\\laravel-backend\\vendor\\laravel\\framework\\src\\Illuminate\\Pipeline\\Pipeline.php(209): Illuminate\\Foundation\\Http\\Middleware\\VerifyCsrfToken->handle(Object(Illuminate\\Http\\Request), Object(Closure))
#12 C:\\Users\\PC\\Desktop\\gestion-bibliotheque\\laravel-backend\\vendor\\laravel\\framework\\src\\Illuminate\\View\\Middleware\\ShareErrorsFromSession.php(49): Illuminate\\Pipeline\\Pipeline->Illuminate\\Pipeline\\{closure}(Object(Illuminate\\Http\\Request))
#13 C:\\Users\\PC\\Desktop\\gestion-bibliotheque\\laravel-backend\\vendor\\laravel\\framework\\src\\Illuminate\\Pipeline\\Pipeline.php(209): Illuminate\\View\\Middleware\\ShareErrorsFromSession->handle(Object(Illuminate\\Http\\Request), Object(Closure))
#14 C:\\Users\\PC\\Desktop\\gestion-bibliotheque\\laravel-backend\\vendor\\laravel\\framework\\src\\Illuminate\\Session\\Middleware\\StartSession.php(121): Illuminate\\Pipeline\\Pipeline->Illuminate\\Pipeline\\{closure}(Object(Illuminate\\Http\\Request))
#15 C:\\Users\\PC\\Desktop\\gestion-bibliotheque\\laravel-backend\\vendor\\laravel\\framework\\src\\Illuminate\\Session\\Middleware\\StartSession.php(64): Illuminate\\Session\\Middleware\\StartSession->handleStatefulRequest(Object(Illuminate\\Http\\Request), Object(Illuminate\\Session\\Store), Object(Closure))
#16 C:\\Users\\PC\\Desktop\\gestion-bibliotheque\\laravel-backend\\vendor\\laravel\\framework\\src\\Illuminate\\Pipeline\\Pipeline.php(209): Illuminate\\Session\\Middleware\\StartSession->handle(Object(Illuminate\\Http\\Request), Object(Closure))
#17 C:\\Users\\PC\\Desktop\\gestion-bibliotheque\\laravel-backend\\vendor\\laravel\\framework\\src\\Illuminate\\Cookie\\Middleware\\AddQueuedCookiesToResponse.php(37): Illuminate\\Pipeline\\Pipeline->Illuminate\\Pipeline\\{closure}(Object(Illuminate\\Http\\Request))
#18 C:\\Users\\PC\\Desktop\\gestion-bibliotheque\\laravel-backend\\vendor\\laravel\\framework\\src\\Illuminate\\Pipeline\\Pipeline.php(209): Illuminate\\Cookie\\Middleware\\AddQueuedCookiesToResponse->handle(Object(Illuminate\\Http\\Request), Object(Closure))
#19 C:\\Users\\PC\\Desktop\\gestion-bibliotheque\\laravel-backend\\vendor\\laravel\\framework\\src\\Illuminate\\Cookie\\Middleware\\EncryptCookies.php(75): Illuminate\\Pipeline\\Pipeline->Illuminate\\Pipeline\\{closure}(Object(Illuminate\\Http\\Request))
#20 C:\\Users\\PC\\Desktop\\gestion-bibliotheque\\laravel-backend\\vendor\\laravel\\framework\\src\\Illuminate\\Pipeline\\Pipeline.php(209): Illuminate\\Cookie\\Middleware\\EncryptCookies->handle(Object(Illuminate\\Http\\Request), Object(Closure))
#21 C:\\Users\\PC\\Desktop\\gestion-bibliotheque\\laravel-backend\\vendor\\laravel\\framework\\src\\Illuminate\\Pipeline\\Pipeline.php(127): Illuminate\\Pipeline\\Pipeline->Illuminate\\Pipeline\\{closure}(Object(Illuminate\\Http\\Request))
#22 C:\\Users\\PC\\Desktop\\gestion-bibliotheque\\laravel-backend\\vendor\\laravel\\framework\\src\\Illuminate\\Routing\\Router.php(807): Illuminate\\Pipeline\\Pipeline->then(Object(Closure))
#23 C:\\Users\\PC\\Desktop\\gestion-bibliotheque\\laravel-backend\\vendor\\laravel\\framework\\src\\Illuminate\\Routing\\Router.php(786): Illuminate\\Routing\\Router->runRouteWithinStack(Object(Illuminate\\Routing\\Route), Object(Illuminate\\Http\\Request))
#24 C:\\Users\\PC\\Desktop\\gestion-bibliotheque\\laravel-backend\\vendor\\laravel\\framework\\src\\Illuminate\\Routing\\Router.php(750): Illuminate\\Routing\\Router->runRoute(Object(Illuminate\\Http\\Request), Object(Illuminate\\Routing\\Route))
#25 C:\\Users\\PC\\Desktop\\gestion-bibliotheque\\laravel-backend\\vendor\\laravel\\framework\\src\\Illuminate\\Routing\\Router.php(739): Illuminate\\Routing\\Router->dispatchToRoute(Object(Illuminate\\Http\\Request))
#26 C:\\Users\\PC\\Desktop\\gestion-bibliotheque\\laravel-backend\\vendor\\laravel\\framework\\src\\Illuminate\\Foundation\\Http\\Kernel.php(201): Illuminate\\Routing\\Router->dispatch(Object(Illuminate\\Http\\Request))
#27 C:\\Users\\PC\\Desktop\\gestion-bibliotheque\\laravel-backend\\vendor\\laravel\\framework\\src\\Illuminate\\Pipeline\\Pipeline.php(170): Illuminate\\Foundation\\Http\\Kernel->Illuminate\\Foundation\\Http\\{closure}(Object(Illuminate\\Http\\Request))
#28 C:\\Users\\PC\\Desktop\\gestion-bibliotheque\\laravel-backend\\vendor\\laravel\\framework\\src\\Illuminate\\Foundation\\Http\\Middleware\\TransformsRequest.php(21): Illuminate\\Pipeline\\Pipeline->Illuminate\\Pipeline\\{closure}(Object(Illuminate\\Http\\Request))
#29 C:\\Users\\PC\\Desktop\\gestion-bibliotheque\\laravel-backend\\vendor\\laravel\\framework\\src\\Illuminate\\Foundation\\Http\\Middleware\\ConvertEmptyStringsToNull.php(31): Illuminate\\Foundation\\Http\\Middleware\\TransformsRequest->handle(Object(Illuminate\\Http\\Request), Object(Closure))
#30 C:\\Users\\PC\\Desktop\\gestion-bibliotheque\\laravel-backend\\vendor\\laravel\\framework\\src\\Illuminate\\Pipeline\\Pipeline.php(209): Illuminate\\Foundation\\Http\\Middleware\\ConvertEmptyStringsToNull->handle(Object(Illuminate\\Http\\Request), Object(Closure))
#31 C:\\Users\\PC\\Desktop\\gestion-bibliotheque\\laravel-backend\\vendor\\laravel\\framework\\src\\Illuminate\\Foundation\\Http\\Middleware\\TransformsRequest.php(21): Illuminate\\Pipeline\\Pipeline->Illuminate\\Pipeline\\{closure}(Object(Illuminate\\Http\\Request))
#32 C:\\Users\\PC\\Desktop\\gestion-bibliotheque\\laravel-backend\\vendor\\laravel\\framework\\src\\Illuminate\\Foundation\\Http\\Middleware\\TrimStrings.php(51): Illuminate\\Foundation\\Http\\Middleware\\TransformsRequest->handle(Object(Illuminate\\Http\\Request), Object(Closure))
#33 C:\\Users\\PC\\Desktop\\gestion-bibliotheque\\laravel-backend\\vendor\\laravel\\framework\\src\\Illuminate\\Pipeline\\Pipeline.php(209): Illuminate\\Foundation\\Http\\Middleware\\TrimStrings->handle(Object(Illuminate\\Http\\Request), Object(Closure))
#34 C:\\Users\\PC\\Desktop\\gestion-bibliotheque\\laravel-backend\\vendor\\laravel\\framework\\src\\Illuminate\\Http\\Middleware\\ValidatePostSize.php(27): Illuminate\\Pipeline\\Pipeline->Illuminate\\Pipeline\\{closure}(Object(Illuminate\\Http\\Request))
#35 C:\\Users\\PC\\Desktop\\gestion-bibliotheque\\laravel-backend\\vendor\\laravel\\framework\\src\\Illuminate\\Pipeline\\Pipeline.php(209): Illuminate\\Http\\Middleware\\ValidatePostSize->handle(Object(Illuminate\\Http\\Request), Object(Closure))
#36 C:\\Users\\PC\\Desktop\\gestion-bibliotheque\\laravel-backend\\vendor\\laravel\\framework\\src\\Illuminate\\Foundation\\Http\\Middleware\\PreventRequestsDuringMaintenance.php(110): Illuminate\\Pipeline\\Pipeline->Illuminate\\Pipeline\\{closure}(Object(Illuminate\\Http\\Request))
#37 C:\\Users\\PC\\Desktop\\gestion-bibliotheque\\laravel-backend\\vendor\\laravel\\framework\\src\\Illuminate\\Pipeline\\Pipeline.php(209): Illuminate\\Foundation\\Http\\Middleware\\PreventRequestsDuringMaintenance->handle(Object(Illuminate\\Http\\Request), Object(Closure))
#38 C:\\Users\\PC\\Desktop\\gestion-bibliotheque\\laravel-backend\\vendor\\laravel\\framework\\src\\Illuminate\\Http\\Middleware\\HandleCors.php(49): Illuminate\\Pipeline\\Pipeline->Illuminate\\Pipeline\\{closure}(Object(Illuminate\\Http\\Request))
#39 C:\\Users\\PC\\Desktop\\gestion-bibliotheque\\laravel-backend\\vendor\\laravel\\framework\\src\\Illuminate\\Pipeline\\Pipeline.php(209): Illuminate\\Http\\Middleware\\HandleCors->handle(Object(Illuminate\\Http\\Request), Object(Closure))
#40 C:\\Users\\PC\\Desktop\\gestion-bibliotheque\\laravel-backend\\vendor\\laravel\\framework\\src\\Illuminate\\Http\\Middleware\\TrustProxies.php(58): Illuminate\\Pipeline\\Pipeline->Illuminate\\Pipeline\\{closure}(Object(Illuminate\\Http\\Request))
#41 C:\\Users\\PC\\Desktop\\gestion-bibliotheque\\laravel-backend\\vendor\\laravel\\framework\\src\\Illuminate\\Pipeline\\Pipeline.php(209): Illuminate\\Http\\Middleware\\TrustProxies->handle(Object(Illuminate\\Http\\Request), Object(Closure))
#42 C:\\Users\\PC\\Desktop\\gestion-bibliotheque\\laravel-backend\\vendor\\laravel\\framework\\src\\Illuminate\\Foundation\\Http\\Middleware\\InvokeDeferredCallbacks.php(22): Illuminate\\Pipeline\\Pipeline->Illuminate\\Pipeline\\{closure}(Object(Illuminate\\Http\\Request))
#43 C:\\Users\\PC\\Desktop\\gestion-bibliotheque\\laravel-backend\\vendor\\laravel\\framework\\src\\Illuminate\\Pipeline\\Pipeline.php(209): Illuminate\\Foundation\\Http\\Middleware\\InvokeDeferredCallbacks->handle(Object(Illuminate\\Http\\Request), Object(Closure))
#44 C:\\Users\\PC\\Desktop\\gestion-bibliotheque\\laravel-backend\\vendor\\laravel\\framework\\src\\Illuminate\\Pipeline\\Pipeline.php(127): Illuminate\\Pipeline\\Pipeline->Illuminate\\Pipeline\\{closure}(Object(Illuminate\\Http\\Request))
#45 C:\\Users\\PC\\Desktop\\gestion-bibliotheque\\laravel-backend\\vendor\\laravel\\framework\\src\\Illuminate\\Foundation\\Http\\Kernel.php(176): Illuminate\\Pipeline\\Pipeline->then(Object(Closure))
#46 C:\\Users\\PC\\Desktop\\gestion-bibliotheque\\laravel-backend\\vendor\\laravel\\framework\\src\\Illuminate\\Foundation\\Http\\Kernel.php(145): Illuminate\\Foundation\\Http\\Kernel->sendRequestThroughRouter(Object(Illuminate\\Http\\Request))
#47 C:\\Users\\PC\\Desktop\\gestion-bibliotheque\\laravel-backend\\vendor\\laravel\\framework\\src\\Illuminate\\Foundation\\Application.php(1216): Illuminate\\Foundation\\Http\\Kernel->handle(Object(Illuminate\\Http\\Request))
#48 C:\\Users\\PC\\Desktop\\gestion-bibliotheque\\laravel-backend\\public\\index.php(17): Illuminate\\Foundation\\Application->handleRequest(Object(Illuminate\\Http\\Request))
#49 C:\\Users\\PC\\Desktop\\gestion-bibliotheque\\laravel-backend\\vendor\\laravel\\framework\\src\\Illuminate\\Foundation\\resources\\server.php(23): require_once('C:\\\\Users\\\\PC\\\\Des...')
#50 {main}
"} 
[2025-03-19 17:28:15] local.ERROR: Unable to locate a class or view for component [x-responsive-nav-link]. (View: C:\Users\PC\Desktop\gestion-bibliotheque\laravel-backend\resources\views\layouts\navigation.blade.php) (View: C:\Users\PC\Desktop\gestion-bibliotheque\laravel-backend\resources\views\layouts\navigation.blade.php) {"userId":1,"exception":"[object] (Illuminate\\View\\ViewException(code: 0): Unable to locate a class or view for component [x-responsive-nav-link]. (View: C:\\Users\\PC\\Desktop\\gestion-bibliotheque\\laravel-backend\\resources\\views\\layouts\\navigation.blade.php) (View: C:\\Users\\PC\\Desktop\\gestion-bibliotheque\\laravel-backend\\resources\\views\\layouts\\navigation.blade.php) at C:\\Users\\PC\\Desktop\\gestion-bibliotheque\\laravel-backend\\vendor\\laravel\\framework\\src\\Illuminate\\View\\Compilers\\ComponentTagCompiler.php:316)
[stacktrace]
#0 C:\\Users\\PC\\Desktop\\gestion-bibliotheque\\laravel-backend\\vendor\\laravel\\framework\\src\\Illuminate\\View\\Engines\\PhpEngine.php(60): Illuminate\\View\\Engines\\CompilerEngine->handleViewException(Object(Illuminate\\View\\ViewException), 1)
#1 C:\\Users\\PC\\Desktop\\gestion-bibliotheque\\laravel-backend\\vendor\\laravel\\framework\\src\\Illuminate\\View\\Engines\\CompilerEngine.php(75): Illuminate\\View\\Engines\\PhpEngine->evaluatePath('C:\\\\Users\\\\PC\\\\Des...', Array)
#2 C:\\Users\\PC\\Desktop\\gestion-bibliotheque\\laravel-backend\\vendor\\laravel\\framework\\src\\Illuminate\\View\\View.php(209): Illuminate\\View\\Engines\\CompilerEngine->get('C:\\\\Users\\\\PC\\\\Des...', Array)
#3 C:\\Users\\PC\\Desktop\\gestion-bibliotheque\\laravel-backend\\vendor\\laravel\\framework\\src\\Illuminate\\View\\View.php(192): Illuminate\\View\\View->getContents()
#4 C:\\Users\\PC\\Desktop\\gestion-bibliotheque\\laravel-backend\\vendor\\laravel\\framework\\src\\Illuminate\\View\\View.php(161): Illuminate\\View\\View->renderContents()
#5 C:\\Users\\PC\\Desktop\\gestion-bibliotheque\\laravel-backend\\vendor\\laravel\\framework\\src\\Illuminate\\Http\\Response.php(79): Illuminate\\View\\View->render()
#6 C:\\Users\\PC\\Desktop\\gestion-bibliotheque\\laravel-backend\\vendor\\laravel\\framework\\src\\Illuminate\\Http\\Response.php(35): Illuminate\\Http\\Response->setContent(Object(Illuminate\\View\\View))
#7 C:\\Users\\PC\\Desktop\\gestion-bibliotheque\\laravel-backend\\vendor\\laravel\\framework\\src\\Illuminate\\Routing\\Router.php(920): Illuminate\\Http\\Response->__construct(Object(Illuminate\\View\\View), 200, Array)
#8 C:\\Users\\PC\\Desktop\\gestion-bibliotheque\\laravel-backend\\vendor\\laravel\\framework\\src\\Illuminate\\Routing\\Router.php(887): Illuminate\\Routing\\Router::toResponse(Object(Illuminate\\Http\\Request), Object(Illuminate\\View\\View))
#9 C:\\Users\\PC\\Desktop\\gestion-bibliotheque\\laravel-backend\\vendor\\laravel\\framework\\src\\Illuminate\\Routing\\Router.php(807): Illuminate\\Routing\\Router->prepareResponse(Object(Illuminate\\Http\\Request), Object(Illuminate\\View\\View))
#10 C:\\Users\\PC\\Desktop\\gestion-bibliotheque\\laravel-backend\\vendor\\laravel\\framework\\src\\Illuminate\\Pipeline\\Pipeline.php(170): Illuminate\\Routing\\Router->Illuminate\\Routing\\{closure}(Object(Illuminate\\Http\\Request))
#11 C:\\Users\\PC\\Desktop\\gestion-bibliotheque\\laravel-backend\\vendor\\laravel\\framework\\src\\Illuminate\\Routing\\Middleware\\SubstituteBindings.php(51): Illuminate\\Pipeline\\Pipeline->Illuminate\\Pipeline\\{closure}(Object(Illuminate\\Http\\Request))
#12 C:\\Users\\PC\\Desktop\\gestion-bibliotheque\\laravel-backend\\vendor\\laravel\\framework\\src\\Illuminate\\Pipeline\\Pipeline.php(209): Illuminate\\Routing\\Middleware\\SubstituteBindings->handle(Object(Illuminate\\Http\\Request), Object(Closure))
#13 C:\\Users\\PC\\Desktop\\gestion-bibliotheque\\laravel-backend\\vendor\\laravel\\framework\\src\\Illuminate\\Auth\\Middleware\\Authenticate.php(64): Illuminate\\Pipeline\\Pipeline->Illuminate\\Pipeline\\{closure}(Object(Illuminate\\Http\\Request))
#14 C:\\Users\\PC\\Desktop\\gestion-bibliotheque\\laravel-backend\\vendor\\laravel\\framework\\src\\Illuminate\\Pipeline\\Pipeline.php(209): Illuminate\\Auth\\Middleware\\Authenticate->handle(Object(Illuminate\\Http\\Request), Object(Closure))
#15 C:\\Users\\PC\\Desktop\\gestion-bibliotheque\\laravel-backend\\vendor\\laravel\\framework\\src\\Illuminate\\Foundation\\Http\\Middleware\\VerifyCsrfToken.php(88): Illuminate\\Pipeline\\Pipeline->Illuminate\\Pipeline\\{closure}(Object(Illuminate\\Http\\Request))
#16 C:\\Users\\PC\\Desktop\\gestion-bibliotheque\\laravel-backend\\vendor\\laravel\\framework\\src\\Illuminate\\Pipeline\\Pipeline.php(209): Illuminate\\Foundation\\Http\\Middleware\\VerifyCsrfToken->handle(Object(Illuminate\\Http\\Request), Object(Closure))
#17 C:\\Users\\PC\\Desktop\\gestion-bibliotheque\\laravel-backend\\vendor\\laravel\\framework\\src\\Illuminate\\View\\Middleware\\ShareErrorsFromSession.php(49): Illuminate\\Pipeline\\Pipeline->Illuminate\\Pipeline\\{closure}(Object(Illuminate\\Http\\Request))
#18 C:\\Users\\PC\\Desktop\\gestion-bibliotheque\\laravel-backend\\vendor\\laravel\\framework\\src\\Illuminate\\Pipeline\\Pipeline.php(209): Illuminate\\View\\Middleware\\ShareErrorsFromSession->handle(Object(Illuminate\\Http\\Request), Object(Closure))
#19 C:\\Users\\PC\\Desktop\\gestion-bibliotheque\\laravel-backend\\vendor\\laravel\\framework\\src\\Illuminate\\Session\\Middleware\\StartSession.php(121): Illuminate\\Pipeline\\Pipeline->Illuminate\\Pipeline\\{closure}(Object(Illuminate\\Http\\Request))
#20 C:\\Users\\PC\\Desktop\\gestion-bibliotheque\\laravel-backend\\vendor\\laravel\\framework\\src\\Illuminate\\Session\\Middleware\\StartSession.php(64): Illuminate\\Session\\Middleware\\StartSession->handleStatefulRequest(Object(Illuminate\\Http\\Request), Object(Illuminate\\Session\\Store), Object(Closure))
#21 C:\\Users\\PC\\Desktop\\gestion-bibliotheque\\laravel-backend\\vendor\\laravel\\framework\\src\\Illuminate\\Pipeline\\Pipeline.php(209): Illuminate\\Session\\Middleware\\StartSession->handle(Object(Illuminate\\Http\\Request), Object(Closure))
#22 C:\\Users\\PC\\Desktop\\gestion-bibliotheque\\laravel-backend\\vendor\\laravel\\framework\\src\\Illuminate\\Cookie\\Middleware\\AddQueuedCookiesToResponse.php(37): Illuminate\\Pipeline\\Pipeline->Illuminate\\Pipeline\\{closure}(Object(Illuminate\\Http\\Request))
#23 C:\\Users\\PC\\Desktop\\gestion-bibliotheque\\laravel-backend\\vendor\\laravel\\framework\\src\\Illuminate\\Pipeline\\Pipeline.php(209): Illuminate\\Cookie\\Middleware\\AddQueuedCookiesToResponse->handle(Object(Illuminate\\Http\\Request), Object(Closure))
#24 C:\\Users\\PC\\Desktop\\gestion-bibliotheque\\laravel-backend\\vendor\\laravel\\framework\\src\\Illuminate\\Cookie\\Middleware\\EncryptCookies.php(75): Illuminate\\Pipeline\\Pipeline->Illuminate\\Pipeline\\{closure}(Object(Illuminate\\Http\\Request))
#25 C:\\Users\\PC\\Desktop\\gestion-bibliotheque\\laravel-backend\\vendor\\laravel\\framework\\src\\Illuminate\\Pipeline\\Pipeline.php(209): Illuminate\\Cookie\\Middleware\\EncryptCookies->handle(Object(Illuminate\\Http\\Request), Object(Closure))
#26 C:\\Users\\PC\\Desktop\\gestion-bibliotheque\\laravel-backend\\vendor\\laravel\\framework\\src\\Illuminate\\Pipeline\\Pipeline.php(127): Illuminate\\Pipeline\\Pipeline->Illuminate\\Pipeline\\{closure}(Object(Illuminate\\Http\\Request))
#27 C:\\Users\\PC\\Desktop\\gestion-bibliotheque\\laravel-backend\\vendor\\laravel\\framework\\src\\Illuminate\\Routing\\Router.php(807): Illuminate\\Pipeline\\Pipeline->then(Object(Closure))
#28 C:\\Users\\PC\\Desktop\\gestion-bibliotheque\\laravel-backend\\vendor\\laravel\\framework\\src\\Illuminate\\Routing\\Router.php(786): Illuminate\\Routing\\Router->runRouteWithinStack(Object(Illuminate\\Routing\\Route), Object(Illuminate\\Http\\Request))
#29 C:\\Users\\PC\\Desktop\\gestion-bibliotheque\\laravel-backend\\vendor\\laravel\\framework\\src\\Illuminate\\Routing\\Router.php(750): Illuminate\\Routing\\Router->runRoute(Object(Illuminate\\Http\\Request), Object(Illuminate\\Routing\\Route))
#30 C:\\Users\\PC\\Desktop\\gestion-bibliotheque\\laravel-backend\\vendor\\laravel\\framework\\src\\Illuminate\\Routing\\Router.php(739): Illuminate\\Routing\\Router->dispatchToRoute(Object(Illuminate\\Http\\Request))
#31 C:\\Users\\PC\\Desktop\\gestion-bibliotheque\\laravel-backend\\vendor\\laravel\\framework\\src\\Illuminate\\Foundation\\Http\\Kernel.php(201): Illuminate\\Routing\\Router->dispatch(Object(Illuminate\\Http\\Request))
#32 C:\\Users\\PC\\Desktop\\gestion-bibliotheque\\laravel-backend\\vendor\\laravel\\framework\\src\\Illuminate\\Pipeline\\Pipeline.php(170): Illuminate\\Foundation\\Http\\Kernel->Illuminate\\Foundation\\Http\\{closure}(Object(Illuminate\\Http\\Request))
#33 C:\\Users\\PC\\Desktop\\gestion-bibliotheque\\laravel-backend\\vendor\\laravel\\framework\\src\\Illuminate\\Foundation\\Http\\Middleware\\TransformsRequest.php(21): Illuminate\\Pipeline\\Pipeline->Illuminate\\Pipeline\\{closure}(Object(Illuminate\\Http\\Request))
#34 C:\\Users\\PC\\Desktop\\gestion-bibliotheque\\laravel-backend\\vendor\\laravel\\framework\\src\\Illuminate\\Foundation\\Http\\Middleware\\ConvertEmptyStringsToNull.php(31): Illuminate\\Foundation\\Http\\Middleware\\TransformsRequest->handle(Object(Illuminate\\Http\\Request), Object(Closure))
#35 C:\\Users\\PC\\Desktop\\gestion-bibliotheque\\laravel-backend\\vendor\\laravel\\framework\\src\\Illuminate\\Pipeline\\Pipeline.php(209): Illuminate\\Foundation\\Http\\Middleware\\ConvertEmptyStringsToNull->handle(Object(Illuminate\\Http\\Request), Object(Closure))
#36 C:\\Users\\PC\\Desktop\\gestion-bibliotheque\\laravel-backend\\vendor\\laravel\\framework\\src\\Illuminate\\Foundation\\Http\\Middleware\\TransformsRequest.php(21): Illuminate\\Pipeline\\Pipeline->Illuminate\\Pipeline\\{closure}(Object(Illuminate\\Http\\Request))
#37 C:\\Users\\PC\\Desktop\\gestion-bibliotheque\\laravel-backend\\vendor\\laravel\\framework\\src\\Illuminate\\Foundation\\Http\\Middleware\\TrimStrings.php(51): Illuminate\\Foundation\\Http\\Middleware\\TransformsRequest->handle(Object(Illuminate\\Http\\Request), Object(Closure))
#38 C:\\Users\\PC\\Desktop\\gestion-bibliotheque\\laravel-backend\\vendor\\laravel\\framework\\src\\Illuminate\\Pipeline\\Pipeline.php(209): Illuminate\\Foundation\\Http\\Middleware\\TrimStrings->handle(Object(Illuminate\\Http\\Request), Object(Closure))
#39 C:\\Users\\PC\\Desktop\\gestion-bibliotheque\\laravel-backend\\vendor\\laravel\\framework\\src\\Illuminate\\Http\\Middleware\\ValidatePostSize.php(27): Illuminate\\Pipeline\\Pipeline->Illuminate\\Pipeline\\{closure}(Object(Illuminate\\Http\\Request))
#40 C:\\Users\\PC\\Desktop\\gestion-bibliotheque\\laravel-backend\\vendor\\laravel\\framework\\src\\Illuminate\\Pipeline\\Pipeline.php(209): Illuminate\\Http\\Middleware\\ValidatePostSize->handle(Object(Illuminate\\Http\\Request), Object(Closure))
#41 C:\\Users\\PC\\Desktop\\gestion-bibliotheque\\laravel-backend\\vendor\\laravel\\framework\\src\\Illuminate\\Foundation\\Http\\Middleware\\PreventRequestsDuringMaintenance.php(110): Illuminate\\Pipeline\\Pipeline->Illuminate\\Pipeline\\{closure}(Object(Illuminate\\Http\\Request))
#42 C:\\Users\\PC\\Desktop\\gestion-bibliotheque\\laravel-backend\\vendor\\laravel\\framework\\src\\Illuminate\\Pipeline\\Pipeline.php(209): Illuminate\\Foundation\\Http\\Middleware\\PreventRequestsDuringMaintenance->handle(Object(Illuminate\\Http\\Request), Object(Closure))
#43 C:\\Users\\PC\\Desktop\\gestion-bibliotheque\\laravel-backend\\vendor\\laravel\\framework\\src\\Illuminate\\Http\\Middleware\\HandleCors.php(49): Illuminate\\Pipeline\\Pipeline->Illuminate\\Pipeline\\{closure}(Object(Illuminate\\Http\\Request))
#44 C:\\Users\\PC\\Desktop\\gestion-bibliotheque\\laravel-backend\\vendor\\laravel\\framework\\src\\Illuminate\\Pipeline\\Pipeline.php(209): Illuminate\\Http\\Middleware\\HandleCors->handle(Object(Illuminate\\Http\\Request), Object(Closure))
#45 C:\\Users\\PC\\Desktop\\gestion-bibliotheque\\laravel-backend\\vendor\\laravel\\framework\\src\\Illuminate\\Http\\Middleware\\TrustProxies.php(58): Illuminate\\Pipeline\\Pipeline->Illuminate\\Pipeline\\{closure}(Object(Illuminate\\Http\\Request))
#46 C:\\Users\\PC\\Desktop\\gestion-bibliotheque\\laravel-backend\\vendor\\laravel\\framework\\src\\Illuminate\\Pipeline\\Pipeline.php(209): Illuminate\\Http\\Middleware\\TrustProxies->handle(Object(Illuminate\\Http\\Request), Object(Closure))
#47 C:\\Users\\PC\\Desktop\\gestion-bibliotheque\\laravel-backend\\vendor\\laravel\\framework\\src\\Illuminate\\Foundation\\Http\\Middleware\\InvokeDeferredCallbacks.php(22): Illuminate\\Pipeline\\Pipeline->Illuminate\\Pipeline\\{closure}(Object(Illuminate\\Http\\Request))
#48 C:\\Users\\PC\\Desktop\\gestion-bibliotheque\\laravel-backend\\vendor\\laravel\\framework\\src\\Illuminate\\Pipeline\\Pipeline.php(209): Illuminate\\Foundation\\Http\\Middleware\\InvokeDeferredCallbacks->handle(Object(Illuminate\\Http\\Request), Object(Closure))
#49 C:\\Users\\PC\\Desktop\\gestion-bibliotheque\\laravel-backend\\vendor\\laravel\\framework\\src\\Illuminate\\Pipeline\\Pipeline.php(127): Illuminate\\Pipeline\\Pipeline->Illuminate\\Pipeline\\{closure}(Object(Illuminate\\Http\\Request))
#50 C:\\Users\\PC\\Desktop\\gestion-bibliotheque\\laravel-backend\\vendor\\laravel\\framework\\src\\Illuminate\\Foundation\\Http\\Kernel.php(176): Illuminate\\Pipeline\\Pipeline->then(Object(Closure))
#51 C:\\Users\\PC\\Desktop\\gestion-bibliotheque\\laravel-backend\\vendor\\laravel\\framework\\src\\Illuminate\\Foundation\\Http\\Kernel.php(145): Illuminate\\Foundation\\Http\\Kernel->sendRequestThroughRouter(Object(Illuminate\\Http\\Request))
#52 C:\\Users\\PC\\Desktop\\gestion-bibliotheque\\laravel-backend\\vendor\\laravel\\framework\\src\\Illuminate\\Foundation\\Application.php(1216): Illuminate\\Foundation\\Http\\Kernel->handle(Object(Illuminate\\Http\\Request))
#53 C:\\Users\\PC\\Desktop\\gestion-bibliotheque\\laravel-backend\\public\\index.php(17): Illuminate\\Foundation\\Application->handleRequest(Object(Illuminate\\Http\\Request))
#54 C:\\Users\\PC\\Desktop\\gestion-bibliotheque\\laravel-backend\\vendor\\laravel\\framework\\src\\Illuminate\\Foundation\\resources\\server.php(23): require_once('C:\\\\Users\\\\PC\\\\Des...')
#55 {main}

[previous exception] [object] (Illuminate\\View\\ViewException(code: 0): Unable to locate a class or view for component [x-responsive-nav-link]. (View: C:\\Users\\PC\\Desktop\\gestion-bibliotheque\\laravel-backend\\resources\\views\\layouts\\navigation.blade.php) at C:\\Users\\PC\\Desktop\\gestion-bibliotheque\\laravel-backend\\vendor\\laravel\\framework\\src\\Illuminate\\View\\Compilers\\ComponentTagCompiler.php:316)
[stacktrace]
#0 C:\\Users\\PC\\Desktop\\gestion-bibliotheque\\laravel-backend\\vendor\\laravel\\framework\\src\\Illuminate\\View\\Engines\\PhpEngine.php(60): Illuminate\\View\\Engines\\CompilerEngine->handleViewException(Object(InvalidArgumentException), 2)
#1 C:\\Users\\PC\\Desktop\\gestion-bibliotheque\\laravel-backend\\vendor\\laravel\\framework\\src\\Illuminate\\View\\Engines\\CompilerEngine.php(75): Illuminate\\View\\Engines\\PhpEngine->evaluatePath('C:\\\\Users\\\\PC\\\\Des...', Array)
#2 C:\\Users\\PC\\Desktop\\gestion-bibliotheque\\laravel-backend\\vendor\\laravel\\framework\\src\\Illuminate\\View\\View.php(209): Illuminate\\View\\Engines\\CompilerEngine->get('C:\\\\Users\\\\PC\\\\Des...', Array)
#3 C:\\Users\\PC\\Desktop\\gestion-bibliotheque\\laravel-backend\\vendor\\laravel\\framework\\src\\Illuminate\\View\\View.php(192): Illuminate\\View\\View->getContents()
#4 C:\\Users\\PC\\Desktop\\gestion-bibliotheque\\laravel-backend\\vendor\\laravel\\framework\\src\\Illuminate\\View\\View.php(161): Illuminate\\View\\View->renderContents()
#5 C:\\Users\\PC\\Desktop\\gestion-bibliotheque\\laravel-backend\\vendor\\laravel\\framework\\src\\Illuminate\\View\\Concerns\\ManagesComponents.php(99): Illuminate\\View\\View->render()
#6 C:\\Users\\PC\\Desktop\\gestion-bibliotheque\\laravel-backend\\storage\\framework\\views\\e5d0604f2052bffb8609fe48245580b0.php(103): Illuminate\\View\\Factory->renderComponent()
#7 C:\\Users\\PC\\Desktop\\gestion-bibliotheque\\laravel-backend\\vendor\\laravel\\framework\\src\\Illuminate\\Filesystem\\Filesystem.php(123): require('C:\\\\Users\\\\PC\\\\Des...')
#8 C:\\Users\\PC\\Desktop\\gestion-bibliotheque\\laravel-backend\\vendor\\laravel\\framework\\src\\Illuminate\\Filesystem\\Filesystem.php(124): Illuminate\\Filesystem\\Filesystem::Illuminate\\Filesystem\\{closure}()
#9 C:\\Users\\PC\\Desktop\\gestion-bibliotheque\\laravel-backend\\vendor\\laravel\\framework\\src\\Illuminate\\View\\Engines\\PhpEngine.php(58): Illuminate\\Filesystem\\Filesystem->getRequire('C:\\\\Users\\\\PC\\\\Des...', Array)
#10 C:\\Users\\PC\\Desktop\\gestion-bibliotheque\\laravel-backend\\vendor\\laravel\\framework\\src\\Illuminate\\View\\Engines\\CompilerEngine.php(75): Illuminate\\View\\Engines\\PhpEngine->evaluatePath('C:\\\\Users\\\\PC\\\\Des...', Array)
#11 C:\\Users\\PC\\Desktop\\gestion-bibliotheque\\laravel-backend\\vendor\\laravel\\framework\\src\\Illuminate\\View\\View.php(209): Illuminate\\View\\Engines\\CompilerEngine->get('C:\\\\Users\\\\PC\\\\Des...', Array)
#12 C:\\Users\\PC\\Desktop\\gestion-bibliotheque\\laravel-backend\\vendor\\laravel\\framework\\src\\Illuminate\\View\\View.php(192): Illuminate\\View\\View->getContents()
#13 C:\\Users\\PC\\Desktop\\gestion-bibliotheque\\laravel-backend\\vendor\\laravel\\framework\\src\\Illuminate\\View\\View.php(161): Illuminate\\View\\View->renderContents()
#14 C:\\Users\\PC\\Desktop\\gestion-bibliotheque\\laravel-backend\\vendor\\laravel\\framework\\src\\Illuminate\\Http\\Response.php(79): Illuminate\\View\\View->render()
#15 C:\\Users\\PC\\Desktop\\gestion-bibliotheque\\laravel-backend\\vendor\\laravel\\framework\\src\\Illuminate\\Http\\Response.php(35): Illuminate\\Http\\Response->setContent(Object(Illuminate\\View\\View))
#16 C:\\Users\\PC\\Desktop\\gestion-bibliotheque\\laravel-backend\\vendor\\laravel\\framework\\src\\Illuminate\\Routing\\Router.php(920): Illuminate\\Http\\Response->__construct(Object(Illuminate\\View\\View), 200, Array)
#17 C:\\Users\\PC\\Desktop\\gestion-bibliotheque\\laravel-backend\\vendor\\laravel\\framework\\src\\Illuminate\\Routing\\Router.php(887): Illuminate\\Routing\\Router::toResponse(Object(Illuminate\\Http\\Request), Object(Illuminate\\View\\View))
#18 C:\\Users\\PC\\Desktop\\gestion-bibliotheque\\laravel-backend\\vendor\\laravel\\framework\\src\\Illuminate\\Routing\\Router.php(807): Illuminate\\Routing\\Router->prepareResponse(Object(Illuminate\\Http\\Request), Object(Illuminate\\View\\View))
#19 C:\\Users\\PC\\Desktop\\gestion-bibliotheque\\laravel-backend\\vendor\\laravel\\framework\\src\\Illuminate\\Pipeline\\Pipeline.php(170): Illuminate\\Routing\\Router->Illuminate\\Routing\\{closure}(Object(Illuminate\\Http\\Request))
#20 C:\\Users\\PC\\Desktop\\gestion-bibliotheque\\laravel-backend\\vendor\\laravel\\framework\\src\\Illuminate\\Routing\\Middleware\\SubstituteBindings.php(51): Illuminate\\Pipeline\\Pipeline->Illuminate\\Pipeline\\{closure}(Object(Illuminate\\Http\\Request))
#21 C:\\Users\\PC\\Desktop\\gestion-bibliotheque\\laravel-backend\\vendor\\laravel\\framework\\src\\Illuminate\\Pipeline\\Pipeline.php(209): Illuminate\\Routing\\Middleware\\SubstituteBindings->handle(Object(Illuminate\\Http\\Request), Object(Closure))
#22 C:\\Users\\PC\\Desktop\\gestion-bibliotheque\\laravel-backend\\vendor\\laravel\\framework\\src\\Illuminate\\Auth\\Middleware\\Authenticate.php(64): Illuminate\\Pipeline\\Pipeline->Illuminate\\Pipeline\\{closure}(Object(Illuminate\\Http\\Request))
#23 C:\\Users\\PC\\Desktop\\gestion-bibliotheque\\laravel-backend\\vendor\\laravel\\framework\\src\\Illuminate\\Pipeline\\Pipeline.php(209): Illuminate\\Auth\\Middleware\\Authenticate->handle(Object(Illuminate\\Http\\Request), Object(Closure))
#24 C:\\Users\\PC\\Desktop\\gestion-bibliotheque\\laravel-backend\\vendor\\laravel\\framework\\src\\Illuminate\\Foundation\\Http\\Middleware\\VerifyCsrfToken.php(88): Illuminate\\Pipeline\\Pipeline->Illuminate\\Pipeline\\{closure}(Object(Illuminate\\Http\\Request))
#25 C:\\Users\\PC\\Desktop\\gestion-bibliotheque\\laravel-backend\\vendor\\laravel\\framework\\src\\Illuminate\\Pipeline\\Pipeline.php(209): Illuminate\\Foundation\\Http\\Middleware\\VerifyCsrfToken->handle(Object(Illuminate\\Http\\Request), Object(Closure))
#26 C:\\Users\\PC\\Desktop\\gestion-bibliotheque\\laravel-backend\\vendor\\laravel\\framework\\src\\Illuminate\\View\\Middleware\\ShareErrorsFromSession.php(49): Illuminate\\Pipeline\\Pipeline->Illuminate\\Pipeline\\{closure}(Object(Illuminate\\Http\\Request))
#27 C:\\Users\\PC\\Desktop\\gestion-bibliotheque\\laravel-backend\\vendor\\laravel\\framework\\src\\Illuminate\\Pipeline\\Pipeline.php(209): Illuminate\\View\\Middleware\\ShareErrorsFromSession->handle(Object(Illuminate\\Http\\Request), Object(Closure))
#28 C:\\Users\\PC\\Desktop\\gestion-bibliotheque\\laravel-backend\\vendor\\laravel\\framework\\src\\Illuminate\\Session\\Middleware\\StartSession.php(121): Illuminate\\Pipeline\\Pipeline->Illuminate\\Pipeline\\{closure}(Object(Illuminate\\Http\\Request))
#29 C:\\Users\\PC\\Desktop\\gestion-bibliotheque\\laravel-backend\\vendor\\laravel\\framework\\src\\Illuminate\\Session\\Middleware\\StartSession.php(64): Illuminate\\Session\\Middleware\\StartSession->handleStatefulRequest(Object(Illuminate\\Http\\Request), Object(Illuminate\\Session\\Store), Object(Closure))
#30 C:\\Users\\PC\\Desktop\\gestion-bibliotheque\\laravel-backend\\vendor\\laravel\\framework\\src\\Illuminate\\Pipeline\\Pipeline.php(209): Illuminate\\Session\\Middleware\\StartSession->handle(Object(Illuminate\\Http\\Request), Object(Closure))
#31 C:\\Users\\PC\\Desktop\\gestion-bibliotheque\\laravel-backend\\vendor\\laravel\\framework\\src\\Illuminate\\Cookie\\Middleware\\AddQueuedCookiesToResponse.php(37): Illuminate\\Pipeline\\Pipeline->Illuminate\\Pipeline\\{closure}(Object(Illuminate\\Http\\Request))
#32 C:\\Users\\PC\\Desktop\\gestion-bibliotheque\\laravel-backend\\vendor\\laravel\\framework\\src\\Illuminate\\Pipeline\\Pipeline.php(209): Illuminate\\Cookie\\Middleware\\AddQueuedCookiesToResponse->handle(Object(Illuminate\\Http\\Request), Object(Closure))
#33 C:\\Users\\PC\\Desktop\\gestion-bibliotheque\\laravel-backend\\vendor\\laravel\\framework\\src\\Illuminate\\Cookie\\Middleware\\EncryptCookies.php(75): Illuminate\\Pipeline\\Pipeline->Illuminate\\Pipeline\\{closure}(Object(Illuminate\\Http\\Request))
#34 C:\\Users\\PC\\Desktop\\gestion-bibliotheque\\laravel-backend\\vendor\\laravel\\framework\\src\\Illuminate\\Pipeline\\Pipeline.php(209): Illuminate\\Cookie\\Middleware\\EncryptCookies->handle(Object(Illuminate\\Http\\Request), Object(Closure))
#35 C:\\Users\\PC\\Desktop\\gestion-bibliotheque\\laravel-backend\\vendor\\laravel\\framework\\src\\Illuminate\\Pipeline\\Pipeline.php(127): Illuminate\\Pipeline\\Pipeline->Illuminate\\Pipeline\\{closure}(Object(Illuminate\\Http\\Request))
#36 C:\\Users\\PC\\Desktop\\gestion-bibliotheque\\laravel-backend\\vendor\\laravel\\framework\\src\\Illuminate\\Routing\\Router.php(807): Illuminate\\Pipeline\\Pipeline->then(Object(Closure))
#37 C:\\Users\\PC\\Desktop\\gestion-bibliotheque\\laravel-backend\\vendor\\laravel\\framework\\src\\Illuminate\\Routing\\Router.php(786): Illuminate\\Routing\\Router->runRouteWithinStack(Object(Illuminate\\Routing\\Route), Object(Illuminate\\Http\\Request))
#38 C:\\Users\\PC\\Desktop\\gestion-bibliotheque\\laravel-backend\\vendor\\laravel\\framework\\src\\Illuminate\\Routing\\Router.php(750): Illuminate\\Routing\\Router->runRoute(Object(Illuminate\\Http\\Request), Object(Illuminate\\Routing\\Route))
#39 C:\\Users\\PC\\Desktop\\gestion-bibliotheque\\laravel-backend\\vendor\\laravel\\framework\\src\\Illuminate\\Routing\\Router.php(739): Illuminate\\Routing\\Router->dispatchToRoute(Object(Illuminate\\Http\\Request))
#40 C:\\Users\\PC\\Desktop\\gestion-bibliotheque\\laravel-backend\\vendor\\laravel\\framework\\src\\Illuminate\\Foundation\\Http\\Kernel.php(201): Illuminate\\Routing\\Router->dispatch(Object(Illuminate\\Http\\Request))
#41 C:\\Users\\PC\\Desktop\\gestion-bibliotheque\\laravel-backend\\vendor\\laravel\\framework\\src\\Illuminate\\Pipeline\\Pipeline.php(170): Illuminate\\Foundation\\Http\\Kernel->Illuminate\\Foundation\\Http\\{closure}(Object(Illuminate\\Http\\Request))
#42 C:\\Users\\PC\\Desktop\\gestion-bibliotheque\\laravel-backend\\vendor\\laravel\\framework\\src\\Illuminate\\Foundation\\Http\\Middleware\\TransformsRequest.php(21): Illuminate\\Pipeline\\Pipeline->Illuminate\\Pipeline\\{closure}(Object(Illuminate\\Http\\Request))
#43 C:\\Users\\PC\\Desktop\\gestion-bibliotheque\\laravel-backend\\vendor\\laravel\\framework\\src\\Illuminate\\Foundation\\Http\\Middleware\\ConvertEmptyStringsToNull.php(31): Illuminate\\Foundation\\Http\\Middleware\\TransformsRequest->handle(Object(Illuminate\\Http\\Request), Object(Closure))
#44 C:\\Users\\PC\\Desktop\\gestion-bibliotheque\\laravel-backend\\vendor\\laravel\\framework\\src\\Illuminate\\Pipeline\\Pipeline.php(209): Illuminate\\Foundation\\Http\\Middleware\\ConvertEmptyStringsToNull->handle(Object(Illuminate\\Http\\Request), Object(Closure))
#45 C:\\Users\\PC\\Desktop\\gestion-bibliotheque\\laravel-backend\\vendor\\laravel\\framework\\src\\Illuminate\\Foundation\\Http\\Middleware\\TransformsRequest.php(21): Illuminate\\Pipeline\\Pipeline->Illuminate\\Pipeline\\{closure}(Object(Illuminate\\Http\\Request))
#46 C:\\Users\\PC\\Desktop\\gestion-bibliotheque\\laravel-backend\\vendor\\laravel\\framework\\src\\Illuminate\\Foundation\\Http\\Middleware\\TrimStrings.php(51): Illuminate\\Foundation\\Http\\Middleware\\TransformsRequest->handle(Object(Illuminate\\Http\\Request), Object(Closure))
#47 C:\\Users\\PC\\Desktop\\gestion-bibliotheque\\laravel-backend\\vendor\\laravel\\framework\\src\\Illuminate\\Pipeline\\Pipeline.php(209): Illuminate\\Foundation\\Http\\Middleware\\TrimStrings->handle(Object(Illuminate\\Http\\Request), Object(Closure))
#48 C:\\Users\\PC\\Desktop\\gestion-bibliotheque\\laravel-backend\\vendor\\laravel\\framework\\src\\Illuminate\\Http\\Middleware\\ValidatePostSize.php(27): Illuminate\\Pipeline\\Pipeline->Illuminate\\Pipeline\\{closure}(Object(Illuminate\\Http\\Request))
#49 C:\\Users\\PC\\Desktop\\gestion-bibliotheque\\laravel-backend\\vendor\\laravel\\framework\\src\\Illuminate\\Pipeline\\Pipeline.php(209): Illuminate\\Http\\Middleware\\ValidatePostSize->handle(Object(Illuminate\\Http\\Request), Object(Closure))
#50 C:\\Users\\PC\\Desktop\\gestion-bibliotheque\\laravel-backend\\vendor\\laravel\\framework\\src\\Illuminate\\Foundation\\Http\\Middleware\\PreventRequestsDuringMaintenance.php(110): Illuminate\\Pipeline\\Pipeline->Illuminate\\Pipeline\\{closure}(Object(Illuminate\\Http\\Request))
#51 C:\\Users\\PC\\Desktop\\gestion-bibliotheque\\laravel-backend\\vendor\\laravel\\framework\\src\\Illuminate\\Pipeline\\Pipeline.php(209): Illuminate\\Foundation\\Http\\Middleware\\PreventRequestsDuringMaintenance->handle(Object(Illuminate\\Http\\Request), Object(Closure))
#52 C:\\Users\\PC\\Desktop\\gestion-bibliotheque\\laravel-backend\\vendor\\laravel\\framework\\src\\Illuminate\\Http\\Middleware\\HandleCors.php(49): Illuminate\\Pipeline\\Pipeline->Illuminate\\Pipeline\\{closure}(Object(Illuminate\\Http\\Request))
#53 C:\\Users\\PC\\Desktop\\gestion-bibliotheque\\laravel-backend\\vendor\\laravel\\framework\\src\\Illuminate\\Pipeline\\Pipeline.php(209): Illuminate\\Http\\Middleware\\HandleCors->handle(Object(Illuminate\\Http\\Request), Object(Closure))
#54 C:\\Users\\PC\\Desktop\\gestion-bibliotheque\\laravel-backend\\vendor\\laravel\\framework\\src\\Illuminate\\Http\\Middleware\\TrustProxies.php(58): Illuminate\\Pipeline\\Pipeline->Illuminate\\Pipeline\\{closure}(Object(Illuminate\\Http\\Request))
#55 C:\\Users\\PC\\Desktop\\gestion-bibliotheque\\laravel-backend\\vendor\\laravel\\framework\\src\\Illuminate\\Pipeline\\Pipeline.php(209): Illuminate\\Http\\Middleware\\TrustProxies->handle(Object(Illuminate\\Http\\Request), Object(Closure))
#56 C:\\Users\\PC\\Desktop\\gestion-bibliotheque\\laravel-backend\\vendor\\laravel\\framework\\src\\Illuminate\\Foundation\\Http\\Middleware\\InvokeDeferredCallbacks.php(22): Illuminate\\Pipeline\\Pipeline->Illuminate\\Pipeline\\{closure}(Object(Illuminate\\Http\\Request))
#57 C:\\Users\\PC\\Desktop\\gestion-bibliotheque\\laravel-backend\\vendor\\laravel\\framework\\src\\Illuminate\\Pipeline\\Pipeline.php(209): Illuminate\\Foundation\\Http\\Middleware\\InvokeDeferredCallbacks->handle(Object(Illuminate\\Http\\Request), Object(Closure))
#58 C:\\Users\\PC\\Desktop\\gestion-bibliotheque\\laravel-backend\\vendor\\laravel\\framework\\src\\Illuminate\\Pipeline\\Pipeline.php(127): Illuminate\\Pipeline\\Pipeline->Illuminate\\Pipeline\\{closure}(Object(Illuminate\\Http\\Request))
#59 C:\\Users\\PC\\Desktop\\gestion-bibliotheque\\laravel-backend\\vendor\\laravel\\framework\\src\\Illuminate\\Foundation\\Http\\Kernel.php(176): Illuminate\\Pipeline\\Pipeline->then(Object(Closure))
#60 C:\\Users\\PC\\Desktop\\gestion-bibliotheque\\laravel-backend\\vendor\\laravel\\framework\\src\\Illuminate\\Foundation\\Http\\Kernel.php(145): Illuminate\\Foundation\\Http\\Kernel->sendRequestThroughRouter(Object(Illuminate\\Http\\Request))
#61 C:\\Users\\PC\\Desktop\\gestion-bibliotheque\\laravel-backend\\vendor\\laravel\\framework\\src\\Illuminate\\Foundation\\Application.php(1216): Illuminate\\Foundation\\Http\\Kernel->handle(Object(Illuminate\\Http\\Request))
#62 C:\\Users\\PC\\Desktop\\gestion-bibliotheque\\laravel-backend\\public\\index.php(17): Illuminate\\Foundation\\Application->handleRequest(Object(Illuminate\\Http\\Request))
#63 C:\\Users\\PC\\Desktop\\gestion-bibliotheque\\laravel-backend\\vendor\\laravel\\framework\\src\\Illuminate\\Foundation\\resources\\server.php(23): require_once('C:\\\\Users\\\\PC\\\\Des...')
#64 {main}

[previous exception] [object] (InvalidArgumentException(code: 0): Unable to locate a class or view for component [x-responsive-nav-link]. at C:\\Users\\PC\\Desktop\\gestion-bibliotheque\\laravel-backend\\vendor\\laravel\\framework\\src\\Illuminate\\View\\Compilers\\ComponentTagCompiler.php:316)
[stacktrace]
#0 C:\\Users\\PC\\Desktop\\gestion-bibliotheque\\laravel-backend\\vendor\\laravel\\framework\\src\\Illuminate\\View\\Compilers\\ComponentTagCompiler.php(236): Illuminate\\View\\Compilers\\ComponentTagCompiler->componentClass('x-responsive-na...')
#1 C:\\Users\\PC\\Desktop\\gestion-bibliotheque\\laravel-backend\\vendor\\laravel\\framework\\src\\Illuminate\\View\\Compilers\\ComponentTagCompiler.php(157): Illuminate\\View\\Compilers\\ComponentTagCompiler->componentString('x-responsive-na...', Array)
#2 [internal function]: Illuminate\\View\\Compilers\\ComponentTagCompiler->Illuminate\\View\\Compilers\\{closure}(Array)
#3 C:\\Users\\PC\\Desktop\\gestion-bibliotheque\\laravel-backend\\vendor\\laravel\\framework\\src\\Illuminate\\View\\Compilers\\ComponentTagCompiler.php(152): preg_replace_callback('/\\n            <...', Object(Closure), '<nav x-data=\"{ ...')
#4 C:\\Users\\PC\\Desktop\\gestion-bibliotheque\\laravel-backend\\vendor\\laravel\\framework\\src\\Illuminate\\View\\Compilers\\ComponentTagCompiler.php(91): Illuminate\\View\\Compilers\\ComponentTagCompiler->compileOpeningTags('<nav x-data=\"{ ...')
#5 C:\\Users\\PC\\Desktop\\gestion-bibliotheque\\laravel-backend\\vendor\\laravel\\framework\\src\\Illuminate\\View\\Compilers\\ComponentTagCompiler.php(77): Illuminate\\View\\Compilers\\ComponentTagCompiler->compileTags('<nav x-data=\"{ ...')
#6 C:\\Users\\PC\\Desktop\\gestion-bibliotheque\\laravel-backend\\vendor\\laravel\\framework\\src\\Illuminate\\View\\Compilers\\BladeCompiler.php(440): Illuminate\\View\\Compilers\\ComponentTagCompiler->compile('<nav x-data=\"{ ...')
#7 C:\\Users\\PC\\Desktop\\gestion-bibliotheque\\laravel-backend\\vendor\\laravel\\framework\\src\\Illuminate\\View\\Compilers\\BladeCompiler.php(272): Illuminate\\View\\Compilers\\BladeCompiler->compileComponentTags('<nav x-data=\"{ ...')
#8 C:\\Users\\PC\\Desktop\\gestion-bibliotheque\\laravel-backend\\vendor\\laravel\\framework\\src\\Illuminate\\View\\Compilers\\BladeCompiler.php(186): Illuminate\\View\\Compilers\\BladeCompiler->compileString('<nav x-data=\"{ ...')
#9 C:\\Users\\PC\\Desktop\\gestion-bibliotheque\\laravel-backend\\vendor\\laravel\\framework\\src\\Illuminate\\View\\Engines\\CompilerEngine.php(67): Illuminate\\View\\Compilers\\BladeCompiler->compile('C:\\\\Users\\\\PC\\\\Des...')
#10 C:\\Users\\PC\\Desktop\\gestion-bibliotheque\\laravel-backend\\vendor\\laravel\\framework\\src\\Illuminate\\View\\View.php(209): Illuminate\\View\\Engines\\CompilerEngine->get('C:\\\\Users\\\\PC\\\\Des...', Array)
#11 C:\\Users\\PC\\Desktop\\gestion-bibliotheque\\laravel-backend\\vendor\\laravel\\framework\\src\\Illuminate\\View\\View.php(192): Illuminate\\View\\View->getContents()
#12 C:\\Users\\PC\\Desktop\\gestion-bibliotheque\\laravel-backend\\vendor\\laravel\\framework\\src\\Illuminate\\View\\View.php(161): Illuminate\\View\\View->renderContents()
#13 C:\\Users\\PC\\Desktop\\gestion-bibliotheque\\laravel-backend\\storage\\framework\\views\\0221793b5fc5f334ee883978d5e1f415.php(25): Illuminate\\View\\View->render()
#14 C:\\Users\\PC\\Desktop\\gestion-bibliotheque\\laravel-backend\\vendor\\laravel\\framework\\src\\Illuminate\\Filesystem\\Filesystem.php(123): require('C:\\\\Users\\\\PC\\\\Des...')
#15 C:\\Users\\PC\\Desktop\\gestion-bibliotheque\\laravel-backend\\vendor\\laravel\\framework\\src\\Illuminate\\Filesystem\\Filesystem.php(124): Illuminate\\Filesystem\\Filesystem::Illuminate\\Filesystem\\{closure}()
#16 C:\\Users\\PC\\Desktop\\gestion-bibliotheque\\laravel-backend\\vendor\\laravel\\framework\\src\\Illuminate\\View\\Engines\\PhpEngine.php(58): Illuminate\\Filesystem\\Filesystem->getRequire('C:\\\\Users\\\\PC\\\\Des...', Array)
#17 C:\\Users\\PC\\Desktop\\gestion-bibliotheque\\laravel-backend\\vendor\\laravel\\framework\\src\\Illuminate\\View\\Engines\\CompilerEngine.php(75): Illuminate\\View\\Engines\\PhpEngine->evaluatePath('C:\\\\Users\\\\PC\\\\Des...', Array)
#18 C:\\Users\\PC\\Desktop\\gestion-bibliotheque\\laravel-backend\\vendor\\laravel\\framework\\src\\Illuminate\\View\\View.php(209): Illuminate\\View\\Engines\\CompilerEngine->get('C:\\\\Users\\\\PC\\\\Des...', Array)
#19 C:\\Users\\PC\\Desktop\\gestion-bibliotheque\\laravel-backend\\vendor\\laravel\\framework\\src\\Illuminate\\View\\View.php(192): Illuminate\\View\\View->getContents()
#20 C:\\Users\\PC\\Desktop\\gestion-bibliotheque\\laravel-backend\\vendor\\laravel\\framework\\src\\Illuminate\\View\\View.php(161): Illuminate\\View\\View->renderContents()
#21 C:\\Users\\PC\\Desktop\\gestion-bibliotheque\\laravel-backend\\vendor\\laravel\\framework\\src\\Illuminate\\View\\Concerns\\ManagesComponents.php(99): Illuminate\\View\\View->render()
#22 C:\\Users\\PC\\Desktop\\gestion-bibliotheque\\laravel-backend\\storage\\framework\\views\\e5d0604f2052bffb8609fe48245580b0.php(103): Illuminate\\View\\Factory->renderComponent()
#23 C:\\Users\\PC\\Desktop\\gestion-bibliotheque\\laravel-backend\\vendor\\laravel\\framework\\src\\Illuminate\\Filesystem\\Filesystem.php(123): require('C:\\\\Users\\\\PC\\\\Des...')
#24 C:\\Users\\PC\\Desktop\\gestion-bibliotheque\\laravel-backend\\vendor\\laravel\\framework\\src\\Illuminate\\Filesystem\\Filesystem.php(124): Illuminate\\Filesystem\\Filesystem::Illuminate\\Filesystem\\{closure}()
#25 C:\\Users\\PC\\Desktop\\gestion-bibliotheque\\laravel-backend\\vendor\\laravel\\framework\\src\\Illuminate\\View\\Engines\\PhpEngine.php(58): Illuminate\\Filesystem\\Filesystem->getRequire('C:\\\\Users\\\\PC\\\\Des...', Array)
#26 C:\\Users\\PC\\Desktop\\gestion-bibliotheque\\laravel-backend\\vendor\\laravel\\framework\\src\\Illuminate\\View\\Engines\\CompilerEngine.php(75): Illuminate\\View\\Engines\\PhpEngine->evaluatePath('C:\\\\Users\\\\PC\\\\Des...', Array)
#27 C:\\Users\\PC\\Desktop\\gestion-bibliotheque\\laravel-backend\\vendor\\laravel\\framework\\src\\Illuminate\\View\\View.php(209): Illuminate\\View\\Engines\\CompilerEngine->get('C:\\\\Users\\\\PC\\\\Des...', Array)
#28 C:\\Users\\PC\\Desktop\\gestion-bibliotheque\\laravel-backend\\vendor\\laravel\\framework\\src\\Illuminate\\View\\View.php(192): Illuminate\\View\\View->getContents()
#29 C:\\Users\\PC\\Desktop\\gestion-bibliotheque\\laravel-backend\\vendor\\laravel\\framework\\src\\Illuminate\\View\\View.php(161): Illuminate\\View\\View->renderContents()
#30 C:\\Users\\PC\\Desktop\\gestion-bibliotheque\\laravel-backend\\vendor\\laravel\\framework\\src\\Illuminate\\Http\\Response.php(79): Illuminate\\View\\View->render()
#31 C:\\Users\\PC\\Desktop\\gestion-bibliotheque\\laravel-backend\\vendor\\laravel\\framework\\src\\Illuminate\\Http\\Response.php(35): Illuminate\\Http\\Response->setContent(Object(Illuminate\\View\\View))
#32 C:\\Users\\PC\\Desktop\\gestion-bibliotheque\\laravel-backend\\vendor\\laravel\\framework\\src\\Illuminate\\Routing\\Router.php(920): Illuminate\\Http\\Response->__construct(Object(Illuminate\\View\\View), 200, Array)
#33 C:\\Users\\PC\\Desktop\\gestion-bibliotheque\\laravel-backend\\vendor\\laravel\\framework\\src\\Illuminate\\Routing\\Router.php(887): Illuminate\\Routing\\Router::toResponse(Object(Illuminate\\Http\\Request), Object(Illuminate\\View\\View))
#34 C:\\Users\\PC\\Desktop\\gestion-bibliotheque\\laravel-backend\\vendor\\laravel\\framework\\src\\Illuminate\\Routing\\Router.php(807): Illuminate\\Routing\\Router->prepareResponse(Object(Illuminate\\Http\\Request), Object(Illuminate\\View\\View))
#35 C:\\Users\\PC\\Desktop\\gestion-bibliotheque\\laravel-backend\\vendor\\laravel\\framework\\src\\Illuminate\\Pipeline\\Pipeline.php(170): Illuminate\\Routing\\Router->Illuminate\\Routing\\{closure}(Object(Illuminate\\Http\\Request))
#36 C:\\Users\\PC\\Desktop\\gestion-bibliotheque\\laravel-backend\\vendor\\laravel\\framework\\src\\Illuminate\\Routing\\Middleware\\SubstituteBindings.php(51): Illuminate\\Pipeline\\Pipeline->Illuminate\\Pipeline\\{closure}(Object(Illuminate\\Http\\Request))
#37 C:\\Users\\PC\\Desktop\\gestion-bibliotheque\\laravel-backend\\vendor\\laravel\\framework\\src\\Illuminate\\Pipeline\\Pipeline.php(209): Illuminate\\Routing\\Middleware\\SubstituteBindings->handle(Object(Illuminate\\Http\\Request), Object(Closure))
#38 C:\\Users\\PC\\Desktop\\gestion-bibliotheque\\laravel-backend\\vendor\\laravel\\framework\\src\\Illuminate\\Auth\\Middleware\\Authenticate.php(64): Illuminate\\Pipeline\\Pipeline->Illuminate\\Pipeline\\{closure}(Object(Illuminate\\Http\\Request))
#39 C:\\Users\\PC\\Desktop\\gestion-bibliotheque\\laravel-backend\\vendor\\laravel\\framework\\src\\Illuminate\\Pipeline\\Pipeline.php(209): Illuminate\\Auth\\Middleware\\Authenticate->handle(Object(Illuminate\\Http\\Request), Object(Closure))
#40 C:\\Users\\PC\\Desktop\\gestion-bibliotheque\\laravel-backend\\vendor\\laravel\\framework\\src\\Illuminate\\Foundation\\Http\\Middleware\\VerifyCsrfToken.php(88): Illuminate\\Pipeline\\Pipeline->Illuminate\\Pipeline\\{closure}(Object(Illuminate\\Http\\Request))
#41 C:\\Users\\PC\\Desktop\\gestion-bibliotheque\\laravel-backend\\vendor\\laravel\\framework\\src\\Illuminate\\Pipeline\\Pipeline.php(209): Illuminate\\Foundation\\Http\\Middleware\\VerifyCsrfToken->handle(Object(Illuminate\\Http\\Request), Object(Closure))
#42 C:\\Users\\PC\\Desktop\\gestion-bibliotheque\\laravel-backend\\vendor\\laravel\\framework\\src\\Illuminate\\View\\Middleware\\ShareErrorsFromSession.php(49): Illuminate\\Pipeline\\Pipeline->Illuminate\\Pipeline\\{closure}(Object(Illuminate\\Http\\Request))
#43 C:\\Users\\PC\\Desktop\\gestion-bibliotheque\\laravel-backend\\vendor\\laravel\\framework\\src\\Illuminate\\Pipeline\\Pipeline.php(209): Illuminate\\View\\Middleware\\ShareErrorsFromSession->handle(Object(Illuminate\\Http\\Request), Object(Closure))
#44 C:\\Users\\PC\\Desktop\\gestion-bibliotheque\\laravel-backend\\vendor\\laravel\\framework\\src\\Illuminate\\Session\\Middleware\\StartSession.php(121): Illuminate\\Pipeline\\Pipeline->Illuminate\\Pipeline\\{closure}(Object(Illuminate\\Http\\Request))
#45 C:\\Users\\PC\\Desktop\\gestion-bibliotheque\\laravel-backend\\vendor\\laravel\\framework\\src\\Illuminate\\Session\\Middleware\\StartSession.php(64): Illuminate\\Session\\Middleware\\StartSession->handleStatefulRequest(Object(Illuminate\\Http\\Request), Object(Illuminate\\Session\\Store), Object(Closure))
#46 C:\\Users\\PC\\Desktop\\gestion-bibliotheque\\laravel-backend\\vendor\\laravel\\framework\\src\\Illuminate\\Pipeline\\Pipeline.php(209): Illuminate\\Session\\Middleware\\StartSession->handle(Object(Illuminate\\Http\\Request), Object(Closure))
#47 C:\\Users\\PC\\Desktop\\gestion-bibliotheque\\laravel-backend\\vendor\\laravel\\framework\\src\\Illuminate\\Cookie\\Middleware\\AddQueuedCookiesToResponse.php(37): Illuminate\\Pipeline\\Pipeline->Illuminate\\Pipeline\\{closure}(Object(Illuminate\\Http\\Request))
#48 C:\\Users\\PC\\Desktop\\gestion-bibliotheque\\laravel-backend\\vendor\\laravel\\framework\\src\\Illuminate\\Pipeline\\Pipeline.php(209): Illuminate\\Cookie\\Middleware\\AddQueuedCookiesToResponse->handle(Object(Illuminate\\Http\\Request), Object(Closure))
#49 C:\\Users\\PC\\Desktop\\gestion-bibliotheque\\laravel-backend\\vendor\\laravel\\framework\\src\\Illuminate\\Cookie\\Middleware\\EncryptCookies.php(75): Illuminate\\Pipeline\\Pipeline->Illuminate\\Pipeline\\{closure}(Object(Illuminate\\Http\\Request))
#50 C:\\Users\\PC\\Desktop\\gestion-bibliotheque\\laravel-backend\\vendor\\laravel\\framework\\src\\Illuminate\\Pipeline\\Pipeline.php(209): Illuminate\\Cookie\\Middleware\\EncryptCookies->handle(Object(Illuminate\\Http\\Request), Object(Closure))
#51 C:\\Users\\PC\\Desktop\\gestion-bibliotheque\\laravel-backend\\vendor\\laravel\\framework\\src\\Illuminate\\Pipeline\\Pipeline.php(127): Illuminate\\Pipeline\\Pipeline->Illuminate\\Pipeline\\{closure}(Object(Illuminate\\Http\\Request))
#52 C:\\Users\\PC\\Desktop\\gestion-bibliotheque\\laravel-backend\\vendor\\laravel\\framework\\src\\Illuminate\\Routing\\Router.php(807): Illuminate\\Pipeline\\Pipeline->then(Object(Closure))
#53 C:\\Users\\PC\\Desktop\\gestion-bibliotheque\\laravel-backend\\vendor\\laravel\\framework\\src\\Illuminate\\Routing\\Router.php(786): Illuminate\\Routing\\Router->runRouteWithinStack(Object(Illuminate\\Routing\\Route), Object(Illuminate\\Http\\Request))
#54 C:\\Users\\PC\\Desktop\\gestion-bibliotheque\\laravel-backend\\vendor\\laravel\\framework\\src\\Illuminate\\Routing\\Router.php(750): Illuminate\\Routing\\Router->runRoute(Object(Illuminate\\Http\\Request), Object(Illuminate\\Routing\\Route))
#55 C:\\Users\\PC\\Desktop\\gestion-bibliotheque\\laravel-backend\\vendor\\laravel\\framework\\src\\Illuminate\\Routing\\Router.php(739): Illuminate\\Routing\\Router->dispatchToRoute(Object(Illuminate\\Http\\Request))
#56 C:\\Users\\PC\\Desktop\\gestion-bibliotheque\\laravel-backend\\vendor\\laravel\\framework\\src\\Illuminate\\Foundation\\Http\\Kernel.php(201): Illuminate\\Routing\\Router->dispatch(Object(Illuminate\\Http\\Request))
#57 C:\\Users\\PC\\Desktop\\gestion-bibliotheque\\laravel-backend\\vendor\\laravel\\framework\\src\\Illuminate\\Pipeline\\Pipeline.php(170): Illuminate\\Foundation\\Http\\Kernel->Illuminate\\Foundation\\Http\\{closure}(Object(Illuminate\\Http\\Request))
#58 C:\\Users\\PC\\Desktop\\gestion-bibliotheque\\laravel-backend\\vendor\\laravel\\framework\\src\\Illuminate\\Foundation\\Http\\Middleware\\TransformsRequest.php(21): Illuminate\\Pipeline\\Pipeline->Illuminate\\Pipeline\\{closure}(Object(Illuminate\\Http\\Request))
#59 C:\\Users\\PC\\Desktop\\gestion-bibliotheque\\laravel-backend\\vendor\\laravel\\framework\\src\\Illuminate\\Foundation\\Http\\Middleware\\ConvertEmptyStringsToNull.php(31): Illuminate\\Foundation\\Http\\Middleware\\TransformsRequest->handle(Object(Illuminate\\Http\\Request), Object(Closure))
#60 C:\\Users\\PC\\Desktop\\gestion-bibliotheque\\laravel-backend\\vendor\\laravel\\framework\\src\\Illuminate\\Pipeline\\Pipeline.php(209): Illuminate\\Foundation\\Http\\Middleware\\ConvertEmptyStringsToNull->handle(Object(Illuminate\\Http\\Request), Object(Closure))
#61 C:\\Users\\PC\\Desktop\\gestion-bibliotheque\\laravel-backend\\vendor\\laravel\\framework\\src\\Illuminate\\Foundation\\Http\\Middleware\\TransformsRequest.php(21): Illuminate\\Pipeline\\Pipeline->Illuminate\\Pipeline\\{closure}(Object(Illuminate\\Http\\Request))
#62 C:\\Users\\PC\\Desktop\\gestion-bibliotheque\\laravel-backend\\vendor\\laravel\\framework\\src\\Illuminate\\Foundation\\Http\\Middleware\\TrimStrings.php(51): Illuminate\\Foundation\\Http\\Middleware\\TransformsRequest->handle(Object(Illuminate\\Http\\Request), Object(Closure))
#63 C:\\Users\\PC\\Desktop\\gestion-bibliotheque\\laravel-backend\\vendor\\laravel\\framework\\src\\Illuminate\\Pipeline\\Pipeline.php(209): Illuminate\\Foundation\\Http\\Middleware\\TrimStrings->handle(Object(Illuminate\\Http\\Request), Object(Closure))
#64 C:\\Users\\PC\\Desktop\\gestion-bibliotheque\\laravel-backend\\vendor\\laravel\\framework\\src\\Illuminate\\Http\\Middleware\\ValidatePostSize.php(27): Illuminate\\Pipeline\\Pipeline->Illuminate\\Pipeline\\{closure}(Object(Illuminate\\Http\\Request))
#65 C:\\Users\\PC\\Desktop\\gestion-bibliotheque\\laravel-backend\\vendor\\laravel\\framework\\src\\Illuminate\\Pipeline\\Pipeline.php(209): Illuminate\\Http\\Middleware\\ValidatePostSize->handle(Object(Illuminate\\Http\\Request), Object(Closure))
#66 C:\\Users\\PC\\Desktop\\gestion-bibliotheque\\laravel-backend\\vendor\\laravel\\framework\\src\\Illuminate\\Foundation\\Http\\Middleware\\PreventRequestsDuringMaintenance.php(110): Illuminate\\Pipeline\\Pipeline->Illuminate\\Pipeline\\{closure}(Object(Illuminate\\Http\\Request))
#67 C:\\Users\\PC\\Desktop\\gestion-bibliotheque\\laravel-backend\\vendor\\laravel\\framework\\src\\Illuminate\\Pipeline\\Pipeline.php(209): Illuminate\\Foundation\\Http\\Middleware\\PreventRequestsDuringMaintenance->handle(Object(Illuminate\\Http\\Request), Object(Closure))
#68 C:\\Users\\PC\\Desktop\\gestion-bibliotheque\\laravel-backend\\vendor\\laravel\\framework\\src\\Illuminate\\Http\\Middleware\\HandleCors.php(49): Illuminate\\Pipeline\\Pipeline->Illuminate\\Pipeline\\{closure}(Object(Illuminate\\Http\\Request))
#69 C:\\Users\\PC\\Desktop\\gestion-bibliotheque\\laravel-backend\\vendor\\laravel\\framework\\src\\Illuminate\\Pipeline\\Pipeline.php(209): Illuminate\\Http\\Middleware\\HandleCors->handle(Object(Illuminate\\Http\\Request), Object(Closure))
#70 C:\\Users\\PC\\Desktop\\gestion-bibliotheque\\laravel-backend\\vendor\\laravel\\framework\\src\\Illuminate\\Http\\Middleware\\TrustProxies.php(58): Illuminate\\Pipeline\\Pipeline->Illuminate\\Pipeline\\{closure}(Object(Illuminate\\Http\\Request))
#71 C:\\Users\\PC\\Desktop\\gestion-bibliotheque\\laravel-backend\\vendor\\laravel\\framework\\src\\Illuminate\\Pipeline\\Pipeline.php(209): Illuminate\\Http\\Middleware\\TrustProxies->handle(Object(Illuminate\\Http\\Request), Object(Closure))
#72 C:\\Users\\PC\\Desktop\\gestion-bibliotheque\\laravel-backend\\vendor\\laravel\\framework\\src\\Illuminate\\Foundation\\Http\\Middleware\\InvokeDeferredCallbacks.php(22): Illuminate\\Pipeline\\Pipeline->Illuminate\\Pipeline\\{closure}(Object(Illuminate\\Http\\Request))
#73 C:\\Users\\PC\\Desktop\\gestion-bibliotheque\\laravel-backend\\vendor\\laravel\\framework\\src\\Illuminate\\Pipeline\\Pipeline.php(209): Illuminate\\Foundation\\Http\\Middleware\\InvokeDeferredCallbacks->handle(Object(Illuminate\\Http\\Request), Object(Closure))
#74 C:\\Users\\PC\\Desktop\\gestion-bibliotheque\\laravel-backend\\vendor\\laravel\\framework\\src\\Illuminate\\Pipeline\\Pipeline.php(127): Illuminate\\Pipeline\\Pipeline->Illuminate\\Pipeline\\{closure}(Object(Illuminate\\Http\\Request))
#75 C:\\Users\\PC\\Desktop\\gestion-bibliotheque\\laravel-backend\\vendor\\laravel\\framework\\src\\Illuminate\\Foundation\\Http\\Kernel.php(176): Illuminate\\Pipeline\\Pipeline->then(Object(Closure))
#76 C:\\Users\\PC\\Desktop\\gestion-bibliotheque\\laravel-backend\\vendor\\laravel\\framework\\src\\Illuminate\\Foundation\\Http\\Kernel.php(145): Illuminate\\Foundation\\Http\\Kernel->sendRequestThroughRouter(Object(Illuminate\\Http\\Request))
#77 C:\\Users\\PC\\Desktop\\gestion-bibliotheque\\laravel-backend\\vendor\\laravel\\framework\\src\\Illuminate\\Foundation\\Application.php(1216): Illuminate\\Foundation\\Http\\Kernel->handle(Object(Illuminate\\Http\\Request))
#78 C:\\Users\\PC\\Desktop\\gestion-bibliotheque\\laravel-backend\\public\\index.php(17): Illuminate\\Foundation\\Application->handleRequest(Object(Illuminate\\Http\\Request))
#79 C:\\Users\\PC\\Desktop\\gestion-bibliotheque\\laravel-backend\\vendor\\laravel\\framework\\src\\Illuminate\\Foundation\\resources\\server.php(23): require_once('C:\\\\Users\\\\PC\\\\Des...')
#80 {main}
"} 
[2025-03-19 17:49:24] local.ERROR: Attempt to read property "role" on null (View: C:\Users\PC\Desktop\gestion-bibliotheque\laravel-backend\resources\views\layouts\navigation.blade.php) (View: C:\Users\PC\Desktop\gestion-bibliotheque\laravel-backend\resources\views\layouts\navigation.blade.php) (View: C:\Users\PC\Desktop\gestion-bibliotheque\laravel-backend\resources\views\layouts\navigation.blade.php) {"exception":"[object] (Illuminate\\View\\ViewException(code: 0): Attempt to read property \"role\" on null (View: C:\\Users\\PC\\Desktop\\gestion-bibliotheque\\laravel-backend\\resources\\views\\layouts\\navigation.blade.php) (View: C:\\Users\\PC\\Desktop\\gestion-bibliotheque\\laravel-backend\\resources\\views\\layouts\\navigation.blade.php) (View: C:\\Users\\PC\\Desktop\\gestion-bibliotheque\\laravel-backend\\resources\\views\\layouts\\navigation.blade.php) at C:\\Users\\PC\\Desktop\\gestion-bibliotheque\\laravel-backend\\storage\\framework\\views\\617b2930a8e5af9b8c5990d526b04203.php:8)
[stacktrace]
#0 C:\\Users\\PC\\Desktop\\gestion-bibliotheque\\laravel-backend\\vendor\\laravel\\framework\\src\\Illuminate\\View\\Engines\\PhpEngine.php(60): Illuminate\\View\\Engines\\CompilerEngine->handleViewException(Object(Illuminate\\View\\ViewException), 1)
#1 C:\\Users\\PC\\Desktop\\gestion-bibliotheque\\laravel-backend\\vendor\\laravel\\framework\\src\\Illuminate\\View\\Engines\\CompilerEngine.php(75): Illuminate\\View\\Engines\\PhpEngine->evaluatePath('C:\\\\Users\\\\PC\\\\Des...', Array)
#2 C:\\Users\\PC\\Desktop\\gestion-bibliotheque\\laravel-backend\\vendor\\laravel\\framework\\src\\Illuminate\\View\\View.php(209): Illuminate\\View\\Engines\\CompilerEngine->get('C:\\\\Users\\\\PC\\\\Des...', Array)
#3 C:\\Users\\PC\\Desktop\\gestion-bibliotheque\\laravel-backend\\vendor\\laravel\\framework\\src\\Illuminate\\View\\View.php(192): Illuminate\\View\\View->getContents()
#4 C:\\Users\\PC\\Desktop\\gestion-bibliotheque\\laravel-backend\\vendor\\laravel\\framework\\src\\Illuminate\\View\\View.php(161): Illuminate\\View\\View->renderContents()
#5 C:\\Users\\PC\\Desktop\\gestion-bibliotheque\\laravel-backend\\vendor\\laravel\\framework\\src\\Illuminate\\Http\\Response.php(79): Illuminate\\View\\View->render()
#6 C:\\Users\\PC\\Desktop\\gestion-bibliotheque\\laravel-backend\\vendor\\laravel\\framework\\src\\Illuminate\\Http\\Response.php(35): Illuminate\\Http\\Response->setContent(Object(Illuminate\\View\\View))
#7 C:\\Users\\PC\\Desktop\\gestion-bibliotheque\\laravel-backend\\vendor\\laravel\\framework\\src\\Illuminate\\Routing\\Router.php(920): Illuminate\\Http\\Response->__construct(Object(Illuminate\\View\\View), 200, Array)
#8 C:\\Users\\PC\\Desktop\\gestion-bibliotheque\\laravel-backend\\vendor\\laravel\\framework\\src\\Illuminate\\Routing\\Router.php(887): Illuminate\\Routing\\Router::toResponse(Object(Illuminate\\Http\\Request), Object(Illuminate\\View\\View))
#9 C:\\Users\\PC\\Desktop\\gestion-bibliotheque\\laravel-backend\\vendor\\laravel\\framework\\src\\Illuminate\\Routing\\Router.php(807): Illuminate\\Routing\\Router->prepareResponse(Object(Illuminate\\Http\\Request), Object(Illuminate\\View\\View))
#10 C:\\Users\\PC\\Desktop\\gestion-bibliotheque\\laravel-backend\\vendor\\laravel\\framework\\src\\Illuminate\\Pipeline\\Pipeline.php(170): Illuminate\\Routing\\Router->Illuminate\\Routing\\{closure}(Object(Illuminate\\Http\\Request))
#11 C:\\Users\\PC\\Desktop\\gestion-bibliotheque\\laravel-backend\\vendor\\laravel\\framework\\src\\Illuminate\\Routing\\Middleware\\SubstituteBindings.php(51): Illuminate\\Pipeline\\Pipeline->Illuminate\\Pipeline\\{closure}(Object(Illuminate\\Http\\Request))
#12 C:\\Users\\PC\\Desktop\\gestion-bibliotheque\\laravel-backend\\vendor\\laravel\\framework\\src\\Illuminate\\Pipeline\\Pipeline.php(209): Illuminate\\Routing\\Middleware\\SubstituteBindings->handle(Object(Illuminate\\Http\\Request), Object(Closure))
#13 C:\\Users\\PC\\Desktop\\gestion-bibliotheque\\laravel-backend\\vendor\\laravel\\framework\\src\\Illuminate\\Foundation\\Http\\Middleware\\VerifyCsrfToken.php(88): Illuminate\\Pipeline\\Pipeline->Illuminate\\Pipeline\\{closure}(Object(Illuminate\\Http\\Request))
#14 C:\\Users\\PC\\Desktop\\gestion-bibliotheque\\laravel-backend\\vendor\\laravel\\framework\\src\\Illuminate\\Pipeline\\Pipeline.php(209): Illuminate\\Foundation\\Http\\Middleware\\VerifyCsrfToken->handle(Object(Illuminate\\Http\\Request), Object(Closure))
#15 C:\\Users\\PC\\Desktop\\gestion-bibliotheque\\laravel-backend\\vendor\\laravel\\framework\\src\\Illuminate\\View\\Middleware\\ShareErrorsFromSession.php(49): Illuminate\\Pipeline\\Pipeline->Illuminate\\Pipeline\\{closure}(Object(Illuminate\\Http\\Request))
#16 C:\\Users\\PC\\Desktop\\gestion-bibliotheque\\laravel-backend\\vendor\\laravel\\framework\\src\\Illuminate\\Pipeline\\Pipeline.php(209): Illuminate\\View\\Middleware\\ShareErrorsFromSession->handle(Object(Illuminate\\Http\\Request), Object(Closure))
#17 C:\\Users\\PC\\Desktop\\gestion-bibliotheque\\laravel-backend\\vendor\\laravel\\framework\\src\\Illuminate\\Session\\Middleware\\StartSession.php(121): Illuminate\\Pipeline\\Pipeline->Illuminate\\Pipeline\\{closure}(Object(Illuminate\\Http\\Request))
#18 C:\\Users\\PC\\Desktop\\gestion-bibliotheque\\laravel-backend\\vendor\\laravel\\framework\\src\\Illuminate\\Session\\Middleware\\StartSession.php(64): Illuminate\\Session\\Middleware\\StartSession->handleStatefulRequest(Object(Illuminate\\Http\\Request), Object(Illuminate\\Session\\Store), Object(Closure))
#19 C:\\Users\\PC\\Desktop\\gestion-bibliotheque\\laravel-backend\\vendor\\laravel\\framework\\src\\Illuminate\\Pipeline\\Pipeline.php(209): Illuminate\\Session\\Middleware\\StartSession->handle(Object(Illuminate\\Http\\Request), Object(Closure))
#20 C:\\Users\\PC\\Desktop\\gestion-bibliotheque\\laravel-backend\\vendor\\laravel\\framework\\src\\Illuminate\\Cookie\\Middleware\\AddQueuedCookiesToResponse.php(37): Illuminate\\Pipeline\\Pipeline->Illuminate\\Pipeline\\{closure}(Object(Illuminate\\Http\\Request))
#21 C:\\Users\\PC\\Desktop\\gestion-bibliotheque\\laravel-backend\\vendor\\laravel\\framework\\src\\Illuminate\\Pipeline\\Pipeline.php(209): Illuminate\\Cookie\\Middleware\\AddQueuedCookiesToResponse->handle(Object(Illuminate\\Http\\Request), Object(Closure))
#22 C:\\Users\\PC\\Desktop\\gestion-bibliotheque\\laravel-backend\\vendor\\laravel\\framework\\src\\Illuminate\\Cookie\\Middleware\\EncryptCookies.php(75): Illuminate\\Pipeline\\Pipeline->Illuminate\\Pipeline\\{closure}(Object(Illuminate\\Http\\Request))
#23 C:\\Users\\PC\\Desktop\\gestion-bibliotheque\\laravel-backend\\vendor\\laravel\\framework\\src\\Illuminate\\Pipeline\\Pipeline.php(209): Illuminate\\Cookie\\Middleware\\EncryptCookies->handle(Object(Illuminate\\Http\\Request), Object(Closure))
#24 C:\\Users\\PC\\Desktop\\gestion-bibliotheque\\laravel-backend\\vendor\\laravel\\framework\\src\\Illuminate\\Pipeline\\Pipeline.php(127): Illuminate\\Pipeline\\Pipeline->Illuminate\\Pipeline\\{closure}(Object(Illuminate\\Http\\Request))
#25 C:\\Users\\PC\\Desktop\\gestion-bibliotheque\\laravel-backend\\vendor\\laravel\\framework\\src\\Illuminate\\Routing\\Router.php(807): Illuminate\\Pipeline\\Pipeline->then(Object(Closure))
#26 C:\\Users\\PC\\Desktop\\gestion-bibliotheque\\laravel-backend\\vendor\\laravel\\framework\\src\\Illuminate\\Routing\\Router.php(786): Illuminate\\Routing\\Router->runRouteWithinStack(Object(Illuminate\\Routing\\Route), Object(Illuminate\\Http\\Request))
#27 C:\\Users\\PC\\Desktop\\gestion-bibliotheque\\laravel-backend\\vendor\\laravel\\framework\\src\\Illuminate\\Routing\\Router.php(750): Illuminate\\Routing\\Router->runRoute(Object(Illuminate\\Http\\Request), Object(Illuminate\\Routing\\Route))
#28 C:\\Users\\PC\\Desktop\\gestion-bibliotheque\\laravel-backend\\vendor\\laravel\\framework\\src\\Illuminate\\Routing\\Router.php(739): Illuminate\\Routing\\Router->dispatchToRoute(Object(Illuminate\\Http\\Request))
#29 C:\\Users\\PC\\Desktop\\gestion-bibliotheque\\laravel-backend\\vendor\\laravel\\framework\\src\\Illuminate\\Foundation\\Http\\Kernel.php(201): Illuminate\\Routing\\Router->dispatch(Object(Illuminate\\Http\\Request))
#30 C:\\Users\\PC\\Desktop\\gestion-bibliotheque\\laravel-backend\\vendor\\laravel\\framework\\src\\Illuminate\\Pipeline\\Pipeline.php(170): Illuminate\\Foundation\\Http\\Kernel->Illuminate\\Foundation\\Http\\{closure}(Object(Illuminate\\Http\\Request))
#31 C:\\Users\\PC\\Desktop\\gestion-bibliotheque\\laravel-backend\\vendor\\laravel\\framework\\src\\Illuminate\\Foundation\\Http\\Middleware\\TransformsRequest.php(21): Illuminate\\Pipeline\\Pipeline->Illuminate\\Pipeline\\{closure}(Object(Illuminate\\Http\\Request))
#32 C:\\Users\\PC\\Desktop\\gestion-bibliotheque\\laravel-backend\\vendor\\laravel\\framework\\src\\Illuminate\\Foundation\\Http\\Middleware\\ConvertEmptyStringsToNull.php(31): Illuminate\\Foundation\\Http\\Middleware\\TransformsRequest->handle(Object(Illuminate\\Http\\Request), Object(Closure))
#33 C:\\Users\\PC\\Desktop\\gestion-bibliotheque\\laravel-backend\\vendor\\laravel\\framework\\src\\Illuminate\\Pipeline\\Pipeline.php(209): Illuminate\\Foundation\\Http\\Middleware\\ConvertEmptyStringsToNull->handle(Object(Illuminate\\Http\\Request), Object(Closure))
#34 C:\\Users\\PC\\Desktop\\gestion-bibliotheque\\laravel-backend\\vendor\\laravel\\framework\\src\\Illuminate\\Foundation\\Http\\Middleware\\TransformsRequest.php(21): Illuminate\\Pipeline\\Pipeline->Illuminate\\Pipeline\\{closure}(Object(Illuminate\\Http\\Request))
#35 C:\\Users\\PC\\Desktop\\gestion-bibliotheque\\laravel-backend\\vendor\\laravel\\framework\\src\\Illuminate\\Foundation\\Http\\Middleware\\TrimStrings.php(51): Illuminate\\Foundation\\Http\\Middleware\\TransformsRequest->handle(Object(Illuminate\\Http\\Request), Object(Closure))
#36 C:\\Users\\PC\\Desktop\\gestion-bibliotheque\\laravel-backend\\vendor\\laravel\\framework\\src\\Illuminate\\Pipeline\\Pipeline.php(209): Illuminate\\Foundation\\Http\\Middleware\\TrimStrings->handle(Object(Illuminate\\Http\\Request), Object(Closure))
#37 C:\\Users\\PC\\Desktop\\gestion-bibliotheque\\laravel-backend\\vendor\\laravel\\framework\\src\\Illuminate\\Http\\Middleware\\ValidatePostSize.php(27): Illuminate\\Pipeline\\Pipeline->Illuminate\\Pipeline\\{closure}(Object(Illuminate\\Http\\Request))
#38 C:\\Users\\PC\\Desktop\\gestion-bibliotheque\\laravel-backend\\vendor\\laravel\\framework\\src\\Illuminate\\Pipeline\\Pipeline.php(209): Illuminate\\Http\\Middleware\\ValidatePostSize->handle(Object(Illuminate\\Http\\Request), Object(Closure))
#39 C:\\Users\\PC\\Desktop\\gestion-bibliotheque\\laravel-backend\\vendor\\laravel\\framework\\src\\Illuminate\\Foundation\\Http\\Middleware\\PreventRequestsDuringMaintenance.php(110): Illuminate\\Pipeline\\Pipeline->Illuminate\\Pipeline\\{closure}(Object(Illuminate\\Http\\Request))
#40 C:\\Users\\PC\\Desktop\\gestion-bibliotheque\\laravel-backend\\vendor\\laravel\\framework\\src\\Illuminate\\Pipeline\\Pipeline.php(209): Illuminate\\Foundation\\Http\\Middleware\\PreventRequestsDuringMaintenance->handle(Object(Illuminate\\Http\\Request), Object(Closure))
#41 C:\\Users\\PC\\Desktop\\gestion-bibliotheque\\laravel-backend\\vendor\\laravel\\framework\\src\\Illuminate\\Http\\Middleware\\HandleCors.php(49): Illuminate\\Pipeline\\Pipeline->Illuminate\\Pipeline\\{closure}(Object(Illuminate\\Http\\Request))
#42 C:\\Users\\PC\\Desktop\\gestion-bibliotheque\\laravel-backend\\vendor\\laravel\\framework\\src\\Illuminate\\Pipeline\\Pipeline.php(209): Illuminate\\Http\\Middleware\\HandleCors->handle(Object(Illuminate\\Http\\Request), Object(Closure))
#43 C:\\Users\\PC\\Desktop\\gestion-bibliotheque\\laravel-backend\\vendor\\laravel\\framework\\src\\Illuminate\\Http\\Middleware\\TrustProxies.php(58): Illuminate\\Pipeline\\Pipeline->Illuminate\\Pipeline\\{closure}(Object(Illuminate\\Http\\Request))
#44 C:\\Users\\PC\\Desktop\\gestion-bibliotheque\\laravel-backend\\vendor\\laravel\\framework\\src\\Illuminate\\Pipeline\\Pipeline.php(209): Illuminate\\Http\\Middleware\\TrustProxies->handle(Object(Illuminate\\Http\\Request), Object(Closure))
#45 C:\\Users\\PC\\Desktop\\gestion-bibliotheque\\laravel-backend\\vendor\\laravel\\framework\\src\\Illuminate\\Foundation\\Http\\Middleware\\InvokeDeferredCallbacks.php(22): Illuminate\\Pipeline\\Pipeline->Illuminate\\Pipeline\\{closure}(Object(Illuminate\\Http\\Request))
#46 C:\\Users\\PC\\Desktop\\gestion-bibliotheque\\laravel-backend\\vendor\\laravel\\framework\\src\\Illuminate\\Pipeline\\Pipeline.php(209): Illuminate\\Foundation\\Http\\Middleware\\InvokeDeferredCallbacks->handle(Object(Illuminate\\Http\\Request), Object(Closure))
#47 C:\\Users\\PC\\Desktop\\gestion-bibliotheque\\laravel-backend\\vendor\\laravel\\framework\\src\\Illuminate\\Pipeline\\Pipeline.php(127): Illuminate\\Pipeline\\Pipeline->Illuminate\\Pipeline\\{closure}(Object(Illuminate\\Http\\Request))
#48 C:\\Users\\PC\\Desktop\\gestion-bibliotheque\\laravel-backend\\vendor\\laravel\\framework\\src\\Illuminate\\Foundation\\Http\\Kernel.php(176): Illuminate\\Pipeline\\Pipeline->then(Object(Closure))
#49 C:\\Users\\PC\\Desktop\\gestion-bibliotheque\\laravel-backend\\vendor\\laravel\\framework\\src\\Illuminate\\Foundation\\Http\\Kernel.php(145): Illuminate\\Foundation\\Http\\Kernel->sendRequestThroughRouter(Object(Illuminate\\Http\\Request))
#50 C:\\Users\\PC\\Desktop\\gestion-bibliotheque\\laravel-backend\\vendor\\laravel\\framework\\src\\Illuminate\\Foundation\\Application.php(1216): Illuminate\\Foundation\\Http\\Kernel->handle(Object(Illuminate\\Http\\Request))
#51 C:\\Users\\PC\\Desktop\\gestion-bibliotheque\\laravel-backend\\public\\index.php(17): Illuminate\\Foundation\\Application->handleRequest(Object(Illuminate\\Http\\Request))
#52 C:\\Users\\PC\\Desktop\\gestion-bibliotheque\\laravel-backend\\vendor\\laravel\\framework\\src\\Illuminate\\Foundation\\resources\\server.php(23): require_once('C:\\\\Users\\\\PC\\\\Des...')
#53 {main}

[previous exception] [object] (Illuminate\\View\\ViewException(code: 0): Attempt to read property \"role\" on null (View: C:\\Users\\PC\\Desktop\\gestion-bibliotheque\\laravel-backend\\resources\\views\\layouts\\navigation.blade.php) (View: C:\\Users\\PC\\Desktop\\gestion-bibliotheque\\laravel-backend\\resources\\views\\layouts\\navigation.blade.php) at C:\\Users\\PC\\Desktop\\gestion-bibliotheque\\laravel-backend\\storage\\framework\\views\\617b2930a8e5af9b8c5990d526b04203.php:8)
[stacktrace]
#0 C:\\Users\\PC\\Desktop\\gestion-bibliotheque\\laravel-backend\\vendor\\laravel\\framework\\src\\Illuminate\\View\\Engines\\PhpEngine.php(60): Illuminate\\View\\Engines\\CompilerEngine->handleViewException(Object(Illuminate\\View\\ViewException), 2)
#1 C:\\Users\\PC\\Desktop\\gestion-bibliotheque\\laravel-backend\\vendor\\laravel\\framework\\src\\Illuminate\\View\\Engines\\CompilerEngine.php(75): Illuminate\\View\\Engines\\PhpEngine->evaluatePath('C:\\\\Users\\\\PC\\\\Des...', Array)
#2 C:\\Users\\PC\\Desktop\\gestion-bibliotheque\\laravel-backend\\vendor\\laravel\\framework\\src\\Illuminate\\View\\View.php(209): Illuminate\\View\\Engines\\CompilerEngine->get('C:\\\\Users\\\\PC\\\\Des...', Array)
#3 C:\\Users\\PC\\Desktop\\gestion-bibliotheque\\laravel-backend\\vendor\\laravel\\framework\\src\\Illuminate\\View\\View.php(192): Illuminate\\View\\View->getContents()
#4 C:\\Users\\PC\\Desktop\\gestion-bibliotheque\\laravel-backend\\vendor\\laravel\\framework\\src\\Illuminate\\View\\View.php(161): Illuminate\\View\\View->renderContents()
#5 C:\\Users\\PC\\Desktop\\gestion-bibliotheque\\laravel-backend\\vendor\\laravel\\framework\\src\\Illuminate\\View\\Concerns\\ManagesComponents.php(99): Illuminate\\View\\View->render()
#6 C:\\Users\\PC\\Desktop\\gestion-bibliotheque\\laravel-backend\\storage\\framework\\views\\406238a1f4ec5449f69423aa678d669a.php(97): Illuminate\\View\\Factory->renderComponent()
#7 C:\\Users\\PC\\Desktop\\gestion-bibliotheque\\laravel-backend\\vendor\\laravel\\framework\\src\\Illuminate\\Filesystem\\Filesystem.php(123): require('C:\\\\Users\\\\PC\\\\Des...')
#8 C:\\Users\\PC\\Desktop\\gestion-bibliotheque\\laravel-backend\\vendor\\laravel\\framework\\src\\Illuminate\\Filesystem\\Filesystem.php(124): Illuminate\\Filesystem\\Filesystem::Illuminate\\Filesystem\\{closure}()
#9 C:\\Users\\PC\\Desktop\\gestion-bibliotheque\\laravel-backend\\vendor\\laravel\\framework\\src\\Illuminate\\View\\Engines\\PhpEngine.php(58): Illuminate\\Filesystem\\Filesystem->getRequire('C:\\\\Users\\\\PC\\\\Des...', Array)
#10 C:\\Users\\PC\\Desktop\\gestion-bibliotheque\\laravel-backend\\vendor\\laravel\\framework\\src\\Illuminate\\View\\Engines\\CompilerEngine.php(75): Illuminate\\View\\Engines\\PhpEngine->evaluatePath('C:\\\\Users\\\\PC\\\\Des...', Array)
#11 C:\\Users\\PC\\Desktop\\gestion-bibliotheque\\laravel-backend\\vendor\\laravel\\framework\\src\\Illuminate\\View\\View.php(209): Illuminate\\View\\Engines\\CompilerEngine->get('C:\\\\Users\\\\PC\\\\Des...', Array)
#12 C:\\Users\\PC\\Desktop\\gestion-bibliotheque\\laravel-backend\\vendor\\laravel\\framework\\src\\Illuminate\\View\\View.php(192): Illuminate\\View\\View->getContents()
#13 C:\\Users\\PC\\Desktop\\gestion-bibliotheque\\laravel-backend\\vendor\\laravel\\framework\\src\\Illuminate\\View\\View.php(161): Illuminate\\View\\View->renderContents()
#14 C:\\Users\\PC\\Desktop\\gestion-bibliotheque\\laravel-backend\\vendor\\laravel\\framework\\src\\Illuminate\\Http\\Response.php(79): Illuminate\\View\\View->render()
#15 C:\\Users\\PC\\Desktop\\gestion-bibliotheque\\laravel-backend\\vendor\\laravel\\framework\\src\\Illuminate\\Http\\Response.php(35): Illuminate\\Http\\Response->setContent(Object(Illuminate\\View\\View))
#16 C:\\Users\\PC\\Desktop\\gestion-bibliotheque\\laravel-backend\\vendor\\laravel\\framework\\src\\Illuminate\\Routing\\Router.php(920): Illuminate\\Http\\Response->__construct(Object(Illuminate\\View\\View), 200, Array)
#17 C:\\Users\\PC\\Desktop\\gestion-bibliotheque\\laravel-backend\\vendor\\laravel\\framework\\src\\Illuminate\\Routing\\Router.php(887): Illuminate\\Routing\\Router::toResponse(Object(Illuminate\\Http\\Request), Object(Illuminate\\View\\View))
#18 C:\\Users\\PC\\Desktop\\gestion-bibliotheque\\laravel-backend\\vendor\\laravel\\framework\\src\\Illuminate\\Routing\\Router.php(807): Illuminate\\Routing\\Router->prepareResponse(Object(Illuminate\\Http\\Request), Object(Illuminate\\View\\View))
#19 C:\\Users\\PC\\Desktop\\gestion-bibliotheque\\laravel-backend\\vendor\\laravel\\framework\\src\\Illuminate\\Pipeline\\Pipeline.php(170): Illuminate\\Routing\\Router->Illuminate\\Routing\\{closure}(Object(Illuminate\\Http\\Request))
#20 C:\\Users\\PC\\Desktop\\gestion-bibliotheque\\laravel-backend\\vendor\\laravel\\framework\\src\\Illuminate\\Routing\\Middleware\\SubstituteBindings.php(51): Illuminate\\Pipeline\\Pipeline->Illuminate\\Pipeline\\{closure}(Object(Illuminate\\Http\\Request))
#21 C:\\Users\\PC\\Desktop\\gestion-bibliotheque\\laravel-backend\\vendor\\laravel\\framework\\src\\Illuminate\\Pipeline\\Pipeline.php(209): Illuminate\\Routing\\Middleware\\SubstituteBindings->handle(Object(Illuminate\\Http\\Request), Object(Closure))
#22 C:\\Users\\PC\\Desktop\\gestion-bibliotheque\\laravel-backend\\vendor\\laravel\\framework\\src\\Illuminate\\Foundation\\Http\\Middleware\\VerifyCsrfToken.php(88): Illuminate\\Pipeline\\Pipeline->Illuminate\\Pipeline\\{closure}(Object(Illuminate\\Http\\Request))
#23 C:\\Users\\PC\\Desktop\\gestion-bibliotheque\\laravel-backend\\vendor\\laravel\\framework\\src\\Illuminate\\Pipeline\\Pipeline.php(209): Illuminate\\Foundation\\Http\\Middleware\\VerifyCsrfToken->handle(Object(Illuminate\\Http\\Request), Object(Closure))
#24 C:\\Users\\PC\\Desktop\\gestion-bibliotheque\\laravel-backend\\vendor\\laravel\\framework\\src\\Illuminate\\View\\Middleware\\ShareErrorsFromSession.php(49): Illuminate\\Pipeline\\Pipeline->Illuminate\\Pipeline\\{closure}(Object(Illuminate\\Http\\Request))
#25 C:\\Users\\PC\\Desktop\\gestion-bibliotheque\\laravel-backend\\vendor\\laravel\\framework\\src\\Illuminate\\Pipeline\\Pipeline.php(209): Illuminate\\View\\Middleware\\ShareErrorsFromSession->handle(Object(Illuminate\\Http\\Request), Object(Closure))
#26 C:\\Users\\PC\\Desktop\\gestion-bibliotheque\\laravel-backend\\vendor\\laravel\\framework\\src\\Illuminate\\Session\\Middleware\\StartSession.php(121): Illuminate\\Pipeline\\Pipeline->Illuminate\\Pipeline\\{closure}(Object(Illuminate\\Http\\Request))
#27 C:\\Users\\PC\\Desktop\\gestion-bibliotheque\\laravel-backend\\vendor\\laravel\\framework\\src\\Illuminate\\Session\\Middleware\\StartSession.php(64): Illuminate\\Session\\Middleware\\StartSession->handleStatefulRequest(Object(Illuminate\\Http\\Request), Object(Illuminate\\Session\\Store), Object(Closure))
#28 C:\\Users\\PC\\Desktop\\gestion-bibliotheque\\laravel-backend\\vendor\\laravel\\framework\\src\\Illuminate\\Pipeline\\Pipeline.php(209): Illuminate\\Session\\Middleware\\StartSession->handle(Object(Illuminate\\Http\\Request), Object(Closure))
#29 C:\\Users\\PC\\Desktop\\gestion-bibliotheque\\laravel-backend\\vendor\\laravel\\framework\\src\\Illuminate\\Cookie\\Middleware\\AddQueuedCookiesToResponse.php(37): Illuminate\\Pipeline\\Pipeline->Illuminate\\Pipeline\\{closure}(Object(Illuminate\\Http\\Request))
#30 C:\\Users\\PC\\Desktop\\gestion-bibliotheque\\laravel-backend\\vendor\\laravel\\framework\\src\\Illuminate\\Pipeline\\Pipeline.php(209): Illuminate\\Cookie\\Middleware\\AddQueuedCookiesToResponse->handle(Object(Illuminate\\Http\\Request), Object(Closure))
#31 C:\\Users\\PC\\Desktop\\gestion-bibliotheque\\laravel-backend\\vendor\\laravel\\framework\\src\\Illuminate\\Cookie\\Middleware\\EncryptCookies.php(75): Illuminate\\Pipeline\\Pipeline->Illuminate\\Pipeline\\{closure}(Object(Illuminate\\Http\\Request))
#32 C:\\Users\\PC\\Desktop\\gestion-bibliotheque\\laravel-backend\\vendor\\laravel\\framework\\src\\Illuminate\\Pipeline\\Pipeline.php(209): Illuminate\\Cookie\\Middleware\\EncryptCookies->handle(Object(Illuminate\\Http\\Request), Object(Closure))
#33 C:\\Users\\PC\\Desktop\\gestion-bibliotheque\\laravel-backend\\vendor\\laravel\\framework\\src\\Illuminate\\Pipeline\\Pipeline.php(127): Illuminate\\Pipeline\\Pipeline->Illuminate\\Pipeline\\{closure}(Object(Illuminate\\Http\\Request))
#34 C:\\Users\\PC\\Desktop\\gestion-bibliotheque\\laravel-backend\\vendor\\laravel\\framework\\src\\Illuminate\\Routing\\Router.php(807): Illuminate\\Pipeline\\Pipeline->then(Object(Closure))
#35 C:\\Users\\PC\\Desktop\\gestion-bibliotheque\\laravel-backend\\vendor\\laravel\\framework\\src\\Illuminate\\Routing\\Router.php(786): Illuminate\\Routing\\Router->runRouteWithinStack(Object(Illuminate\\Routing\\Route), Object(Illuminate\\Http\\Request))
#36 C:\\Users\\PC\\Desktop\\gestion-bibliotheque\\laravel-backend\\vendor\\laravel\\framework\\src\\Illuminate\\Routing\\Router.php(750): Illuminate\\Routing\\Router->runRoute(Object(Illuminate\\Http\\Request), Object(Illuminate\\Routing\\Route))
#37 C:\\Users\\PC\\Desktop\\gestion-bibliotheque\\laravel-backend\\vendor\\laravel\\framework\\src\\Illuminate\\Routing\\Router.php(739): Illuminate\\Routing\\Router->dispatchToRoute(Object(Illuminate\\Http\\Request))
#38 C:\\Users\\PC\\Desktop\\gestion-bibliotheque\\laravel-backend\\vendor\\laravel\\framework\\src\\Illuminate\\Foundation\\Http\\Kernel.php(201): Illuminate\\Routing\\Router->dispatch(Object(Illuminate\\Http\\Request))
#39 C:\\Users\\PC\\Desktop\\gestion-bibliotheque\\laravel-backend\\vendor\\laravel\\framework\\src\\Illuminate\\Pipeline\\Pipeline.php(170): Illuminate\\Foundation\\Http\\Kernel->Illuminate\\Foundation\\Http\\{closure}(Object(Illuminate\\Http\\Request))
#40 C:\\Users\\PC\\Desktop\\gestion-bibliotheque\\laravel-backend\\vendor\\laravel\\framework\\src\\Illuminate\\Foundation\\Http\\Middleware\\TransformsRequest.php(21): Illuminate\\Pipeline\\Pipeline->Illuminate\\Pipeline\\{closure}(Object(Illuminate\\Http\\Request))
#41 C:\\Users\\PC\\Desktop\\gestion-bibliotheque\\laravel-backend\\vendor\\laravel\\framework\\src\\Illuminate\\Foundation\\Http\\Middleware\\ConvertEmptyStringsToNull.php(31): Illuminate\\Foundation\\Http\\Middleware\\TransformsRequest->handle(Object(Illuminate\\Http\\Request), Object(Closure))
#42 C:\\Users\\PC\\Desktop\\gestion-bibliotheque\\laravel-backend\\vendor\\laravel\\framework\\src\\Illuminate\\Pipeline\\Pipeline.php(209): Illuminate\\Foundation\\Http\\Middleware\\ConvertEmptyStringsToNull->handle(Object(Illuminate\\Http\\Request), Object(Closure))
#43 C:\\Users\\PC\\Desktop\\gestion-bibliotheque\\laravel-backend\\vendor\\laravel\\framework\\src\\Illuminate\\Foundation\\Http\\Middleware\\TransformsRequest.php(21): Illuminate\\Pipeline\\Pipeline->Illuminate\\Pipeline\\{closure}(Object(Illuminate\\Http\\Request))
#44 C:\\Users\\PC\\Desktop\\gestion-bibliotheque\\laravel-backend\\vendor\\laravel\\framework\\src\\Illuminate\\Foundation\\Http\\Middleware\\TrimStrings.php(51): Illuminate\\Foundation\\Http\\Middleware\\TransformsRequest->handle(Object(Illuminate\\Http\\Request), Object(Closure))
#45 C:\\Users\\PC\\Desktop\\gestion-bibliotheque\\laravel-backend\\vendor\\laravel\\framework\\src\\Illuminate\\Pipeline\\Pipeline.php(209): Illuminate\\Foundation\\Http\\Middleware\\TrimStrings->handle(Object(Illuminate\\Http\\Request), Object(Closure))
#46 C:\\Users\\PC\\Desktop\\gestion-bibliotheque\\laravel-backend\\vendor\\laravel\\framework\\src\\Illuminate\\Http\\Middleware\\ValidatePostSize.php(27): Illuminate\\Pipeline\\Pipeline->Illuminate\\Pipeline\\{closure}(Object(Illuminate\\Http\\Request))
#47 C:\\Users\\PC\\Desktop\\gestion-bibliotheque\\laravel-backend\\vendor\\laravel\\framework\\src\\Illuminate\\Pipeline\\Pipeline.php(209): Illuminate\\Http\\Middleware\\ValidatePostSize->handle(Object(Illuminate\\Http\\Request), Object(Closure))
#48 C:\\Users\\PC\\Desktop\\gestion-bibliotheque\\laravel-backend\\vendor\\laravel\\framework\\src\\Illuminate\\Foundation\\Http\\Middleware\\PreventRequestsDuringMaintenance.php(110): Illuminate\\Pipeline\\Pipeline->Illuminate\\Pipeline\\{closure}(Object(Illuminate\\Http\\Request))
#49 C:\\Users\\PC\\Desktop\\gestion-bibliotheque\\laravel-backend\\vendor\\laravel\\framework\\src\\Illuminate\\Pipeline\\Pipeline.php(209): Illuminate\\Foundation\\Http\\Middleware\\PreventRequestsDuringMaintenance->handle(Object(Illuminate\\Http\\Request), Object(Closure))
#50 C:\\Users\\PC\\Desktop\\gestion-bibliotheque\\laravel-backend\\vendor\\laravel\\framework\\src\\Illuminate\\Http\\Middleware\\HandleCors.php(49): Illuminate\\Pipeline\\Pipeline->Illuminate\\Pipeline\\{closure}(Object(Illuminate\\Http\\Request))
#51 C:\\Users\\PC\\Desktop\\gestion-bibliotheque\\laravel-backend\\vendor\\laravel\\framework\\src\\Illuminate\\Pipeline\\Pipeline.php(209): Illuminate\\Http\\Middleware\\HandleCors->handle(Object(Illuminate\\Http\\Request), Object(Closure))
#52 C:\\Users\\PC\\Desktop\\gestion-bibliotheque\\laravel-backend\\vendor\\laravel\\framework\\src\\Illuminate\\Http\\Middleware\\TrustProxies.php(58): Illuminate\\Pipeline\\Pipeline->Illuminate\\Pipeline\\{closure}(Object(Illuminate\\Http\\Request))
#53 C:\\Users\\PC\\Desktop\\gestion-bibliotheque\\laravel-backend\\vendor\\laravel\\framework\\src\\Illuminate\\Pipeline\\Pipeline.php(209): Illuminate\\Http\\Middleware\\TrustProxies->handle(Object(Illuminate\\Http\\Request), Object(Closure))
#54 C:\\Users\\PC\\Desktop\\gestion-bibliotheque\\laravel-backend\\vendor\\laravel\\framework\\src\\Illuminate\\Foundation\\Http\\Middleware\\InvokeDeferredCallbacks.php(22): Illuminate\\Pipeline\\Pipeline->Illuminate\\Pipeline\\{closure}(Object(Illuminate\\Http\\Request))
#55 C:\\Users\\PC\\Desktop\\gestion-bibliotheque\\laravel-backend\\vendor\\laravel\\framework\\src\\Illuminate\\Pipeline\\Pipeline.php(209): Illuminate\\Foundation\\Http\\Middleware\\InvokeDeferredCallbacks->handle(Object(Illuminate\\Http\\Request), Object(Closure))
#56 C:\\Users\\PC\\Desktop\\gestion-bibliotheque\\laravel-backend\\vendor\\laravel\\framework\\src\\Illuminate\\Pipeline\\Pipeline.php(127): Illuminate\\Pipeline\\Pipeline->Illuminate\\Pipeline\\{closure}(Object(Illuminate\\Http\\Request))
#57 C:\\Users\\PC\\Desktop\\gestion-bibliotheque\\laravel-backend\\vendor\\laravel\\framework\\src\\Illuminate\\Foundation\\Http\\Kernel.php(176): Illuminate\\Pipeline\\Pipeline->then(Object(Closure))
#58 C:\\Users\\PC\\Desktop\\gestion-bibliotheque\\laravel-backend\\vendor\\laravel\\framework\\src\\Illuminate\\Foundation\\Http\\Kernel.php(145): Illuminate\\Foundation\\Http\\Kernel->sendRequestThroughRouter(Object(Illuminate\\Http\\Request))
#59 C:\\Users\\PC\\Desktop\\gestion-bibliotheque\\laravel-backend\\vendor\\laravel\\framework\\src\\Illuminate\\Foundation\\Application.php(1216): Illuminate\\Foundation\\Http\\Kernel->handle(Object(Illuminate\\Http\\Request))
#60 C:\\Users\\PC\\Desktop\\gestion-bibliotheque\\laravel-backend\\public\\index.php(17): Illuminate\\Foundation\\Application->handleRequest(Object(Illuminate\\Http\\Request))
#61 C:\\Users\\PC\\Desktop\\gestion-bibliotheque\\laravel-backend\\vendor\\laravel\\framework\\src\\Illuminate\\Foundation\\resources\\server.php(23): require_once('C:\\\\Users\\\\PC\\\\Des...')
#62 {main}

[previous exception] [object] (Illuminate\\View\\ViewException(code: 0): Attempt to read property \"role\" on null (View: C:\\Users\\PC\\Desktop\\gestion-bibliotheque\\laravel-backend\\resources\\views\\layouts\\navigation.blade.php) at C:\\Users\\PC\\Desktop\\gestion-bibliotheque\\laravel-backend\\storage\\framework\\views\\617b2930a8e5af9b8c5990d526b04203.php:8)
[stacktrace]
#0 C:\\Users\\PC\\Desktop\\gestion-bibliotheque\\laravel-backend\\vendor\\laravel\\framework\\src\\Illuminate\\View\\Engines\\PhpEngine.php(60): Illuminate\\View\\Engines\\CompilerEngine->handleViewException(Object(ErrorException), 3)
#1 C:\\Users\\PC\\Desktop\\gestion-bibliotheque\\laravel-backend\\vendor\\laravel\\framework\\src\\Illuminate\\View\\Engines\\CompilerEngine.php(75): Illuminate\\View\\Engines\\PhpEngine->evaluatePath('C:\\\\Users\\\\PC\\\\Des...', Array)
#2 C:\\Users\\PC\\Desktop\\gestion-bibliotheque\\laravel-backend\\vendor\\laravel\\framework\\src\\Illuminate\\View\\View.php(209): Illuminate\\View\\Engines\\CompilerEngine->get('C:\\\\Users\\\\PC\\\\Des...', Array)
#3 C:\\Users\\PC\\Desktop\\gestion-bibliotheque\\laravel-backend\\vendor\\laravel\\framework\\src\\Illuminate\\View\\View.php(192): Illuminate\\View\\View->getContents()
#4 C:\\Users\\PC\\Desktop\\gestion-bibliotheque\\laravel-backend\\vendor\\laravel\\framework\\src\\Illuminate\\View\\View.php(161): Illuminate\\View\\View->renderContents()
#5 C:\\Users\\PC\\Desktop\\gestion-bibliotheque\\laravel-backend\\storage\\framework\\views\\0221793b5fc5f334ee883978d5e1f415.php(25): Illuminate\\View\\View->render()
#6 C:\\Users\\PC\\Desktop\\gestion-bibliotheque\\laravel-backend\\vendor\\laravel\\framework\\src\\Illuminate\\Filesystem\\Filesystem.php(123): require('C:\\\\Users\\\\PC\\\\Des...')
#7 C:\\Users\\PC\\Desktop\\gestion-bibliotheque\\laravel-backend\\vendor\\laravel\\framework\\src\\Illuminate\\Filesystem\\Filesystem.php(124): Illuminate\\Filesystem\\Filesystem::Illuminate\\Filesystem\\{closure}()
#8 C:\\Users\\PC\\Desktop\\gestion-bibliotheque\\laravel-backend\\vendor\\laravel\\framework\\src\\Illuminate\\View\\Engines\\PhpEngine.php(58): Illuminate\\Filesystem\\Filesystem->getRequire('C:\\\\Users\\\\PC\\\\Des...', Array)
#9 C:\\Users\\PC\\Desktop\\gestion-bibliotheque\\laravel-backend\\vendor\\laravel\\framework\\src\\Illuminate\\View\\Engines\\CompilerEngine.php(75): Illuminate\\View\\Engines\\PhpEngine->evaluatePath('C:\\\\Users\\\\PC\\\\Des...', Array)
#10 C:\\Users\\PC\\Desktop\\gestion-bibliotheque\\laravel-backend\\vendor\\laravel\\framework\\src\\Illuminate\\View\\View.php(209): Illuminate\\View\\Engines\\CompilerEngine->get('C:\\\\Users\\\\PC\\\\Des...', Array)
#11 C:\\Users\\PC\\Desktop\\gestion-bibliotheque\\laravel-backend\\vendor\\laravel\\framework\\src\\Illuminate\\View\\View.php(192): Illuminate\\View\\View->getContents()
#12 C:\\Users\\PC\\Desktop\\gestion-bibliotheque\\laravel-backend\\vendor\\laravel\\framework\\src\\Illuminate\\View\\View.php(161): Illuminate\\View\\View->renderContents()
#13 C:\\Users\\PC\\Desktop\\gestion-bibliotheque\\laravel-backend\\vendor\\laravel\\framework\\src\\Illuminate\\View\\Concerns\\ManagesComponents.php(99): Illuminate\\View\\View->render()
#14 C:\\Users\\PC\\Desktop\\gestion-bibliotheque\\laravel-backend\\storage\\framework\\views\\406238a1f4ec5449f69423aa678d669a.php(97): Illuminate\\View\\Factory->renderComponent()
#15 C:\\Users\\PC\\Desktop\\gestion-bibliotheque\\laravel-backend\\vendor\\laravel\\framework\\src\\Illuminate\\Filesystem\\Filesystem.php(123): require('C:\\\\Users\\\\PC\\\\Des...')
#16 C:\\Users\\PC\\Desktop\\gestion-bibliotheque\\laravel-backend\\vendor\\laravel\\framework\\src\\Illuminate\\Filesystem\\Filesystem.php(124): Illuminate\\Filesystem\\Filesystem::Illuminate\\Filesystem\\{closure}()
#17 C:\\Users\\PC\\Desktop\\gestion-bibliotheque\\laravel-backend\\vendor\\laravel\\framework\\src\\Illuminate\\View\\Engines\\PhpEngine.php(58): Illuminate\\Filesystem\\Filesystem->getRequire('C:\\\\Users\\\\PC\\\\Des...', Array)
#18 C:\\Users\\PC\\Desktop\\gestion-bibliotheque\\laravel-backend\\vendor\\laravel\\framework\\src\\Illuminate\\View\\Engines\\CompilerEngine.php(75): Illuminate\\View\\Engines\\PhpEngine->evaluatePath('C:\\\\Users\\\\PC\\\\Des...', Array)
#19 C:\\Users\\PC\\Desktop\\gestion-bibliotheque\\laravel-backend\\vendor\\laravel\\framework\\src\\Illuminate\\View\\View.php(209): Illuminate\\View\\Engines\\CompilerEngine->get('C:\\\\Users\\\\PC\\\\Des...', Array)
#20 C:\\Users\\PC\\Desktop\\gestion-bibliotheque\\laravel-backend\\vendor\\laravel\\framework\\src\\Illuminate\\View\\View.php(192): Illuminate\\View\\View->getContents()
#21 C:\\Users\\PC\\Desktop\\gestion-bibliotheque\\laravel-backend\\vendor\\laravel\\framework\\src\\Illuminate\\View\\View.php(161): Illuminate\\View\\View->renderContents()
#22 C:\\Users\\PC\\Desktop\\gestion-bibliotheque\\laravel-backend\\vendor\\laravel\\framework\\src\\Illuminate\\Http\\Response.php(79): Illuminate\\View\\View->render()
#23 C:\\Users\\PC\\Desktop\\gestion-bibliotheque\\laravel-backend\\vendor\\laravel\\framework\\src\\Illuminate\\Http\\Response.php(35): Illuminate\\Http\\Response->setContent(Object(Illuminate\\View\\View))
#24 C:\\Users\\PC\\Desktop\\gestion-bibliotheque\\laravel-backend\\vendor\\laravel\\framework\\src\\Illuminate\\Routing\\Router.php(920): Illuminate\\Http\\Response->__construct(Object(Illuminate\\View\\View), 200, Array)
#25 C:\\Users\\PC\\Desktop\\gestion-bibliotheque\\laravel-backend\\vendor\\laravel\\framework\\src\\Illuminate\\Routing\\Router.php(887): Illuminate\\Routing\\Router::toResponse(Object(Illuminate\\Http\\Request), Object(Illuminate\\View\\View))
#26 C:\\Users\\PC\\Desktop\\gestion-bibliotheque\\laravel-backend\\vendor\\laravel\\framework\\src\\Illuminate\\Routing\\Router.php(807): Illuminate\\Routing\\Router->prepareResponse(Object(Illuminate\\Http\\Request), Object(Illuminate\\View\\View))
#27 C:\\Users\\PC\\Desktop\\gestion-bibliotheque\\laravel-backend\\vendor\\laravel\\framework\\src\\Illuminate\\Pipeline\\Pipeline.php(170): Illuminate\\Routing\\Router->Illuminate\\Routing\\{closure}(Object(Illuminate\\Http\\Request))
#28 C:\\Users\\PC\\Desktop\\gestion-bibliotheque\\laravel-backend\\vendor\\laravel\\framework\\src\\Illuminate\\Routing\\Middleware\\SubstituteBindings.php(51): Illuminate\\Pipeline\\Pipeline->Illuminate\\Pipeline\\{closure}(Object(Illuminate\\Http\\Request))
#29 C:\\Users\\PC\\Desktop\\gestion-bibliotheque\\laravel-backend\\vendor\\laravel\\framework\\src\\Illuminate\\Pipeline\\Pipeline.php(209): Illuminate\\Routing\\Middleware\\SubstituteBindings->handle(Object(Illuminate\\Http\\Request), Object(Closure))
#30 C:\\Users\\PC\\Desktop\\gestion-bibliotheque\\laravel-backend\\vendor\\laravel\\framework\\src\\Illuminate\\Foundation\\Http\\Middleware\\VerifyCsrfToken.php(88): Illuminate\\Pipeline\\Pipeline->Illuminate\\Pipeline\\{closure}(Object(Illuminate\\Http\\Request))
#31 C:\\Users\\PC\\Desktop\\gestion-bibliotheque\\laravel-backend\\vendor\\laravel\\framework\\src\\Illuminate\\Pipeline\\Pipeline.php(209): Illuminate\\Foundation\\Http\\Middleware\\VerifyCsrfToken->handle(Object(Illuminate\\Http\\Request), Object(Closure))
#32 C:\\Users\\PC\\Desktop\\gestion-bibliotheque\\laravel-backend\\vendor\\laravel\\framework\\src\\Illuminate\\View\\Middleware\\ShareErrorsFromSession.php(49): Illuminate\\Pipeline\\Pipeline->Illuminate\\Pipeline\\{closure}(Object(Illuminate\\Http\\Request))
#33 C:\\Users\\PC\\Desktop\\gestion-bibliotheque\\laravel-backend\\vendor\\laravel\\framework\\src\\Illuminate\\Pipeline\\Pipeline.php(209): Illuminate\\View\\Middleware\\ShareErrorsFromSession->handle(Object(Illuminate\\Http\\Request), Object(Closure))
#34 C:\\Users\\PC\\Desktop\\gestion-bibliotheque\\laravel-backend\\vendor\\laravel\\framework\\src\\Illuminate\\Session\\Middleware\\StartSession.php(121): Illuminate\\Pipeline\\Pipeline->Illuminate\\Pipeline\\{closure}(Object(Illuminate\\Http\\Request))
#35 C:\\Users\\PC\\Desktop\\gestion-bibliotheque\\laravel-backend\\vendor\\laravel\\framework\\src\\Illuminate\\Session\\Middleware\\StartSession.php(64): Illuminate\\Session\\Middleware\\StartSession->handleStatefulRequest(Object(Illuminate\\Http\\Request), Object(Illuminate\\Session\\Store), Object(Closure))
#36 C:\\Users\\PC\\Desktop\\gestion-bibliotheque\\laravel-backend\\vendor\\laravel\\framework\\src\\Illuminate\\Pipeline\\Pipeline.php(209): Illuminate\\Session\\Middleware\\StartSession->handle(Object(Illuminate\\Http\\Request), Object(Closure))
#37 C:\\Users\\PC\\Desktop\\gestion-bibliotheque\\laravel-backend\\vendor\\laravel\\framework\\src\\Illuminate\\Cookie\\Middleware\\AddQueuedCookiesToResponse.php(37): Illuminate\\Pipeline\\Pipeline->Illuminate\\Pipeline\\{closure}(Object(Illuminate\\Http\\Request))
#38 C:\\Users\\PC\\Desktop\\gestion-bibliotheque\\laravel-backend\\vendor\\laravel\\framework\\src\\Illuminate\\Pipeline\\Pipeline.php(209): Illuminate\\Cookie\\Middleware\\AddQueuedCookiesToResponse->handle(Object(Illuminate\\Http\\Request), Object(Closure))
#39 C:\\Users\\PC\\Desktop\\gestion-bibliotheque\\laravel-backend\\vendor\\laravel\\framework\\src\\Illuminate\\Cookie\\Middleware\\EncryptCookies.php(75): Illuminate\\Pipeline\\Pipeline->Illuminate\\Pipeline\\{closure}(Object(Illuminate\\Http\\Request))
#40 C:\\Users\\PC\\Desktop\\gestion-bibliotheque\\laravel-backend\\vendor\\laravel\\framework\\src\\Illuminate\\Pipeline\\Pipeline.php(209): Illuminate\\Cookie\\Middleware\\EncryptCookies->handle(Object(Illuminate\\Http\\Request), Object(Closure))
#41 C:\\Users\\PC\\Desktop\\gestion-bibliotheque\\laravel-backend\\vendor\\laravel\\framework\\src\\Illuminate\\Pipeline\\Pipeline.php(127): Illuminate\\Pipeline\\Pipeline->Illuminate\\Pipeline\\{closure}(Object(Illuminate\\Http\\Request))
#42 C:\\Users\\PC\\Desktop\\gestion-bibliotheque\\laravel-backend\\vendor\\laravel\\framework\\src\\Illuminate\\Routing\\Router.php(807): Illuminate\\Pipeline\\Pipeline->then(Object(Closure))
#43 C:\\Users\\PC\\Desktop\\gestion-bibliotheque\\laravel-backend\\vendor\\laravel\\framework\\src\\Illuminate\\Routing\\Router.php(786): Illuminate\\Routing\\Router->runRouteWithinStack(Object(Illuminate\\Routing\\Route), Object(Illuminate\\Http\\Request))
#44 C:\\Users\\PC\\Desktop\\gestion-bibliotheque\\laravel-backend\\vendor\\laravel\\framework\\src\\Illuminate\\Routing\\Router.php(750): Illuminate\\Routing\\Router->runRoute(Object(Illuminate\\Http\\Request), Object(Illuminate\\Routing\\Route))
#45 C:\\Users\\PC\\Desktop\\gestion-bibliotheque\\laravel-backend\\vendor\\laravel\\framework\\src\\Illuminate\\Routing\\Router.php(739): Illuminate\\Routing\\Router->dispatchToRoute(Object(Illuminate\\Http\\Request))
#46 C:\\Users\\PC\\Desktop\\gestion-bibliotheque\\laravel-backend\\vendor\\laravel\\framework\\src\\Illuminate\\Foundation\\Http\\Kernel.php(201): Illuminate\\Routing\\Router->dispatch(Object(Illuminate\\Http\\Request))
#47 C:\\Users\\PC\\Desktop\\gestion-bibliotheque\\laravel-backend\\vendor\\laravel\\framework\\src\\Illuminate\\Pipeline\\Pipeline.php(170): Illuminate\\Foundation\\Http\\Kernel->Illuminate\\Foundation\\Http\\{closure}(Object(Illuminate\\Http\\Request))
#48 C:\\Users\\PC\\Desktop\\gestion-bibliotheque\\laravel-backend\\vendor\\laravel\\framework\\src\\Illuminate\\Foundation\\Http\\Middleware\\TransformsRequest.php(21): Illuminate\\Pipeline\\Pipeline->Illuminate\\Pipeline\\{closure}(Object(Illuminate\\Http\\Request))
#49 C:\\Users\\PC\\Desktop\\gestion-bibliotheque\\laravel-backend\\vendor\\laravel\\framework\\src\\Illuminate\\Foundation\\Http\\Middleware\\ConvertEmptyStringsToNull.php(31): Illuminate\\Foundation\\Http\\Middleware\\TransformsRequest->handle(Object(Illuminate\\Http\\Request), Object(Closure))
#50 C:\\Users\\PC\\Desktop\\gestion-bibliotheque\\laravel-backend\\vendor\\laravel\\framework\\src\\Illuminate\\Pipeline\\Pipeline.php(209): Illuminate\\Foundation\\Http\\Middleware\\ConvertEmptyStringsToNull->handle(Object(Illuminate\\Http\\Request), Object(Closure))
#51 C:\\Users\\PC\\Desktop\\gestion-bibliotheque\\laravel-backend\\vendor\\laravel\\framework\\src\\Illuminate\\Foundation\\Http\\Middleware\\TransformsRequest.php(21): Illuminate\\Pipeline\\Pipeline->Illuminate\\Pipeline\\{closure}(Object(Illuminate\\Http\\Request))
#52 C:\\Users\\PC\\Desktop\\gestion-bibliotheque\\laravel-backend\\vendor\\laravel\\framework\\src\\Illuminate\\Foundation\\Http\\Middleware\\TrimStrings.php(51): Illuminate\\Foundation\\Http\\Middleware\\TransformsRequest->handle(Object(Illuminate\\Http\\Request), Object(Closure))
#53 C:\\Users\\PC\\Desktop\\gestion-bibliotheque\\laravel-backend\\vendor\\laravel\\framework\\src\\Illuminate\\Pipeline\\Pipeline.php(209): Illuminate\\Foundation\\Http\\Middleware\\TrimStrings->handle(Object(Illuminate\\Http\\Request), Object(Closure))
#54 C:\\Users\\PC\\Desktop\\gestion-bibliotheque\\laravel-backend\\vendor\\laravel\\framework\\src\\Illuminate\\Http\\Middleware\\ValidatePostSize.php(27): Illuminate\\Pipeline\\Pipeline->Illuminate\\Pipeline\\{closure}(Object(Illuminate\\Http\\Request))
#55 C:\\Users\\PC\\Desktop\\gestion-bibliotheque\\laravel-backend\\vendor\\laravel\\framework\\src\\Illuminate\\Pipeline\\Pipeline.php(209): Illuminate\\Http\\Middleware\\ValidatePostSize->handle(Object(Illuminate\\Http\\Request), Object(Closure))
#56 C:\\Users\\PC\\Desktop\\gestion-bibliotheque\\laravel-backend\\vendor\\laravel\\framework\\src\\Illuminate\\Foundation\\Http\\Middleware\\PreventRequestsDuringMaintenance.php(110): Illuminate\\Pipeline\\Pipeline->Illuminate\\Pipeline\\{closure}(Object(Illuminate\\Http\\Request))
#57 C:\\Users\\PC\\Desktop\\gestion-bibliotheque\\laravel-backend\\vendor\\laravel\\framework\\src\\Illuminate\\Pipeline\\Pipeline.php(209): Illuminate\\Foundation\\Http\\Middleware\\PreventRequestsDuringMaintenance->handle(Object(Illuminate\\Http\\Request), Object(Closure))
#58 C:\\Users\\PC\\Desktop\\gestion-bibliotheque\\laravel-backend\\vendor\\laravel\\framework\\src\\Illuminate\\Http\\Middleware\\HandleCors.php(49): Illuminate\\Pipeline\\Pipeline->Illuminate\\Pipeline\\{closure}(Object(Illuminate\\Http\\Request))
#59 C:\\Users\\PC\\Desktop\\gestion-bibliotheque\\laravel-backend\\vendor\\laravel\\framework\\src\\Illuminate\\Pipeline\\Pipeline.php(209): Illuminate\\Http\\Middleware\\HandleCors->handle(Object(Illuminate\\Http\\Request), Object(Closure))
#60 C:\\Users\\PC\\Desktop\\gestion-bibliotheque\\laravel-backend\\vendor\\laravel\\framework\\src\\Illuminate\\Http\\Middleware\\TrustProxies.php(58): Illuminate\\Pipeline\\Pipeline->Illuminate\\Pipeline\\{closure}(Object(Illuminate\\Http\\Request))
#61 C:\\Users\\PC\\Desktop\\gestion-bibliotheque\\laravel-backend\\vendor\\laravel\\framework\\src\\Illuminate\\Pipeline\\Pipeline.php(209): Illuminate\\Http\\Middleware\\TrustProxies->handle(Object(Illuminate\\Http\\Request), Object(Closure))
#62 C:\\Users\\PC\\Desktop\\gestion-bibliotheque\\laravel-backend\\vendor\\laravel\\framework\\src\\Illuminate\\Foundation\\Http\\Middleware\\InvokeDeferredCallbacks.php(22): Illuminate\\Pipeline\\Pipeline->Illuminate\\Pipeline\\{closure}(Object(Illuminate\\Http\\Request))
#63 C:\\Users\\PC\\Desktop\\gestion-bibliotheque\\laravel-backend\\vendor\\laravel\\framework\\src\\Illuminate\\Pipeline\\Pipeline.php(209): Illuminate\\Foundation\\Http\\Middleware\\InvokeDeferredCallbacks->handle(Object(Illuminate\\Http\\Request), Object(Closure))
#64 C:\\Users\\PC\\Desktop\\gestion-bibliotheque\\laravel-backend\\vendor\\laravel\\framework\\src\\Illuminate\\Pipeline\\Pipeline.php(127): Illuminate\\Pipeline\\Pipeline->Illuminate\\Pipeline\\{closure}(Object(Illuminate\\Http\\Request))
#65 C:\\Users\\PC\\Desktop\\gestion-bibliotheque\\laravel-backend\\vendor\\laravel\\framework\\src\\Illuminate\\Foundation\\Http\\Kernel.php(176): Illuminate\\Pipeline\\Pipeline->then(Object(Closure))
#66 C:\\Users\\PC\\Desktop\\gestion-bibliotheque\\laravel-backend\\vendor\\laravel\\framework\\src\\Illuminate\\Foundation\\Http\\Kernel.php(145): Illuminate\\Foundation\\Http\\Kernel->sendRequestThroughRouter(Object(Illuminate\\Http\\Request))
#67 C:\\Users\\PC\\Desktop\\gestion-bibliotheque\\laravel-backend\\vendor\\laravel\\framework\\src\\Illuminate\\Foundation\\Application.php(1216): Illuminate\\Foundation\\Http\\Kernel->handle(Object(Illuminate\\Http\\Request))
#68 C:\\Users\\PC\\Desktop\\gestion-bibliotheque\\laravel-backend\\public\\index.php(17): Illuminate\\Foundation\\Application->handleRequest(Object(Illuminate\\Http\\Request))
#69 C:\\Users\\PC\\Desktop\\gestion-bibliotheque\\laravel-backend\\vendor\\laravel\\framework\\src\\Illuminate\\Foundation\\resources\\server.php(23): require_once('C:\\\\Users\\\\PC\\\\Des...')
#70 {main}

[previous exception] [object] (ErrorException(code: 0): Attempt to read property \"role\" on null at C:\\Users\\PC\\Desktop\\gestion-bibliotheque\\laravel-backend\\storage\\framework\\views\\617b2930a8e5af9b8c5990d526b04203.php:8)
[stacktrace]
#0 C:\\Users\\PC\\Desktop\\gestion-bibliotheque\\laravel-backend\\vendor\\laravel\\framework\\src\\Illuminate\\Foundation\\Bootstrap\\HandleExceptions.php(256): Illuminate\\Foundation\\Bootstrap\\HandleExceptions->handleError(2, 'Attempt to read...', 'C:\\\\Users\\\\PC\\\\Des...', 8)
#1 C:\\Users\\PC\\Desktop\\gestion-bibliotheque\\laravel-backend\\storage\\framework\\views\\617b2930a8e5af9b8c5990d526b04203.php(8): Illuminate\\Foundation\\Bootstrap\\HandleExceptions->Illuminate\\Foundation\\Bootstrap\\{closure}(2, 'Attempt to read...', 'C:\\\\Users\\\\PC\\\\Des...', 8)
#2 C:\\Users\\PC\\Desktop\\gestion-bibliotheque\\laravel-backend\\vendor\\laravel\\framework\\src\\Illuminate\\Filesystem\\Filesystem.php(123): require('C:\\\\Users\\\\PC\\\\Des...')
#3 C:\\Users\\PC\\Desktop\\gestion-bibliotheque\\laravel-backend\\vendor\\laravel\\framework\\src\\Illuminate\\Filesystem\\Filesystem.php(124): Illuminate\\Filesystem\\Filesystem::Illuminate\\Filesystem\\{closure}()
#4 C:\\Users\\PC\\Desktop\\gestion-bibliotheque\\laravel-backend\\vendor\\laravel\\framework\\src\\Illuminate\\View\\Engines\\PhpEngine.php(58): Illuminate\\Filesystem\\Filesystem->getRequire('C:\\\\Users\\\\PC\\\\Des...', Array)
#5 C:\\Users\\PC\\Desktop\\gestion-bibliotheque\\laravel-backend\\vendor\\laravel\\framework\\src\\Illuminate\\View\\Engines\\CompilerEngine.php(75): Illuminate\\View\\Engines\\PhpEngine->evaluatePath('C:\\\\Users\\\\PC\\\\Des...', Array)
#6 C:\\Users\\PC\\Desktop\\gestion-bibliotheque\\laravel-backend\\vendor\\laravel\\framework\\src\\Illuminate\\View\\View.php(209): Illuminate\\View\\Engines\\CompilerEngine->get('C:\\\\Users\\\\PC\\\\Des...', Array)
#7 C:\\Users\\PC\\Desktop\\gestion-bibliotheque\\laravel-backend\\vendor\\laravel\\framework\\src\\Illuminate\\View\\View.php(192): Illuminate\\View\\View->getContents()
#8 C:\\Users\\PC\\Desktop\\gestion-bibliotheque\\laravel-backend\\vendor\\laravel\\framework\\src\\Illuminate\\View\\View.php(161): Illuminate\\View\\View->renderContents()
#9 C:\\Users\\PC\\Desktop\\gestion-bibliotheque\\laravel-backend\\storage\\framework\\views\\0221793b5fc5f334ee883978d5e1f415.php(25): Illuminate\\View\\View->render()
#10 C:\\Users\\PC\\Desktop\\gestion-bibliotheque\\laravel-backend\\vendor\\laravel\\framework\\src\\Illuminate\\Filesystem\\Filesystem.php(123): require('C:\\\\Users\\\\PC\\\\Des...')
#11 C:\\Users\\PC\\Desktop\\gestion-bibliotheque\\laravel-backend\\vendor\\laravel\\framework\\src\\Illuminate\\Filesystem\\Filesystem.php(124): Illuminate\\Filesystem\\Filesystem::Illuminate\\Filesystem\\{closure}()
#12 C:\\Users\\PC\\Desktop\\gestion-bibliotheque\\laravel-backend\\vendor\\laravel\\framework\\src\\Illuminate\\View\\Engines\\PhpEngine.php(58): Illuminate\\Filesystem\\Filesystem->getRequire('C:\\\\Users\\\\PC\\\\Des...', Array)
#13 C:\\Users\\PC\\Desktop\\gestion-bibliotheque\\laravel-backend\\vendor\\laravel\\framework\\src\\Illuminate\\View\\Engines\\CompilerEngine.php(75): Illuminate\\View\\Engines\\PhpEngine->evaluatePath('C:\\\\Users\\\\PC\\\\Des...', Array)
#14 C:\\Users\\PC\\Desktop\\gestion-bibliotheque\\laravel-backend\\vendor\\laravel\\framework\\src\\Illuminate\\View\\View.php(209): Illuminate\\View\\Engines\\CompilerEngine->get('C:\\\\Users\\\\PC\\\\Des...', Array)
#15 C:\\Users\\PC\\Desktop\\gestion-bibliotheque\\laravel-backend\\vendor\\laravel\\framework\\src\\Illuminate\\View\\View.php(192): Illuminate\\View\\View->getContents()
#16 C:\\Users\\PC\\Desktop\\gestion-bibliotheque\\laravel-backend\\vendor\\laravel\\framework\\src\\Illuminate\\View\\View.php(161): Illuminate\\View\\View->renderContents()
#17 C:\\Users\\PC\\Desktop\\gestion-bibliotheque\\laravel-backend\\vendor\\laravel\\framework\\src\\Illuminate\\View\\Concerns\\ManagesComponents.php(99): Illuminate\\View\\View->render()
#18 C:\\Users\\PC\\Desktop\\gestion-bibliotheque\\laravel-backend\\storage\\framework\\views\\406238a1f4ec5449f69423aa678d669a.php(97): Illuminate\\View\\Factory->renderComponent()
#19 C:\\Users\\PC\\Desktop\\gestion-bibliotheque\\laravel-backend\\vendor\\laravel\\framework\\src\\Illuminate\\Filesystem\\Filesystem.php(123): require('C:\\\\Users\\\\PC\\\\Des...')
#20 C:\\Users\\PC\\Desktop\\gestion-bibliotheque\\laravel-backend\\vendor\\laravel\\framework\\src\\Illuminate\\Filesystem\\Filesystem.php(124): Illuminate\\Filesystem\\Filesystem::Illuminate\\Filesystem\\{closure}()
#21 C:\\Users\\PC\\Desktop\\gestion-bibliotheque\\laravel-backend\\vendor\\laravel\\framework\\src\\Illuminate\\View\\Engines\\PhpEngine.php(58): Illuminate\\Filesystem\\Filesystem->getRequire('C:\\\\Users\\\\PC\\\\Des...', Array)
#22 C:\\Users\\PC\\Desktop\\gestion-bibliotheque\\laravel-backend\\vendor\\laravel\\framework\\src\\Illuminate\\View\\Engines\\CompilerEngine.php(75): Illuminate\\View\\Engines\\PhpEngine->evaluatePath('C:\\\\Users\\\\PC\\\\Des...', Array)
#23 C:\\Users\\PC\\Desktop\\gestion-bibliotheque\\laravel-backend\\vendor\\laravel\\framework\\src\\Illuminate\\View\\View.php(209): Illuminate\\View\\Engines\\CompilerEngine->get('C:\\\\Users\\\\PC\\\\Des...', Array)
#24 C:\\Users\\PC\\Desktop\\gestion-bibliotheque\\laravel-backend\\vendor\\laravel\\framework\\src\\Illuminate\\View\\View.php(192): Illuminate\\View\\View->getContents()
#25 C:\\Users\\PC\\Desktop\\gestion-bibliotheque\\laravel-backend\\vendor\\laravel\\framework\\src\\Illuminate\\View\\View.php(161): Illuminate\\View\\View->renderContents()
#26 C:\\Users\\PC\\Desktop\\gestion-bibliotheque\\laravel-backend\\vendor\\laravel\\framework\\src\\Illuminate\\Http\\Response.php(79): Illuminate\\View\\View->render()
#27 C:\\Users\\PC\\Desktop\\gestion-bibliotheque\\laravel-backend\\vendor\\laravel\\framework\\src\\Illuminate\\Http\\Response.php(35): Illuminate\\Http\\Response->setContent(Object(Illuminate\\View\\View))
#28 C:\\Users\\PC\\Desktop\\gestion-bibliotheque\\laravel-backend\\vendor\\laravel\\framework\\src\\Illuminate\\Routing\\Router.php(920): Illuminate\\Http\\Response->__construct(Object(Illuminate\\View\\View), 200, Array)
#29 C:\\Users\\PC\\Desktop\\gestion-bibliotheque\\laravel-backend\\vendor\\laravel\\framework\\src\\Illuminate\\Routing\\Router.php(887): Illuminate\\Routing\\Router::toResponse(Object(Illuminate\\Http\\Request), Object(Illuminate\\View\\View))
#30 C:\\Users\\PC\\Desktop\\gestion-bibliotheque\\laravel-backend\\vendor\\laravel\\framework\\src\\Illuminate\\Routing\\Router.php(807): Illuminate\\Routing\\Router->prepareResponse(Object(Illuminate\\Http\\Request), Object(Illuminate\\View\\View))
#31 C:\\Users\\PC\\Desktop\\gestion-bibliotheque\\laravel-backend\\vendor\\laravel\\framework\\src\\Illuminate\\Pipeline\\Pipeline.php(170): Illuminate\\Routing\\Router->Illuminate\\Routing\\{closure}(Object(Illuminate\\Http\\Request))
#32 C:\\Users\\PC\\Desktop\\gestion-bibliotheque\\laravel-backend\\vendor\\laravel\\framework\\src\\Illuminate\\Routing\\Middleware\\SubstituteBindings.php(51): Illuminate\\Pipeline\\Pipeline->Illuminate\\Pipeline\\{closure}(Object(Illuminate\\Http\\Request))
#33 C:\\Users\\PC\\Desktop\\gestion-bibliotheque\\laravel-backend\\vendor\\laravel\\framework\\src\\Illuminate\\Pipeline\\Pipeline.php(209): Illuminate\\Routing\\Middleware\\SubstituteBindings->handle(Object(Illuminate\\Http\\Request), Object(Closure))
#34 C:\\Users\\PC\\Desktop\\gestion-bibliotheque\\laravel-backend\\vendor\\laravel\\framework\\src\\Illuminate\\Foundation\\Http\\Middleware\\VerifyCsrfToken.php(88): Illuminate\\Pipeline\\Pipeline->Illuminate\\Pipeline\\{closure}(Object(Illuminate\\Http\\Request))
#35 C:\\Users\\PC\\Desktop\\gestion-bibliotheque\\laravel-backend\\vendor\\laravel\\framework\\src\\Illuminate\\Pipeline\\Pipeline.php(209): Illuminate\\Foundation\\Http\\Middleware\\VerifyCsrfToken->handle(Object(Illuminate\\Http\\Request), Object(Closure))
#36 C:\\Users\\PC\\Desktop\\gestion-bibliotheque\\laravel-backend\\vendor\\laravel\\framework\\src\\Illuminate\\View\\Middleware\\ShareErrorsFromSession.php(49): Illuminate\\Pipeline\\Pipeline->Illuminate\\Pipeline\\{closure}(Object(Illuminate\\Http\\Request))
#37 C:\\Users\\PC\\Desktop\\gestion-bibliotheque\\laravel-backend\\vendor\\laravel\\framework\\src\\Illuminate\\Pipeline\\Pipeline.php(209): Illuminate\\View\\Middleware\\ShareErrorsFromSession->handle(Object(Illuminate\\Http\\Request), Object(Closure))
#38 C:\\Users\\PC\\Desktop\\gestion-bibliotheque\\laravel-backend\\vendor\\laravel\\framework\\src\\Illuminate\\Session\\Middleware\\StartSession.php(121): Illuminate\\Pipeline\\Pipeline->Illuminate\\Pipeline\\{closure}(Object(Illuminate\\Http\\Request))
#39 C:\\Users\\PC\\Desktop\\gestion-bibliotheque\\laravel-backend\\vendor\\laravel\\framework\\src\\Illuminate\\Session\\Middleware\\StartSession.php(64): Illuminate\\Session\\Middleware\\StartSession->handleStatefulRequest(Object(Illuminate\\Http\\Request), Object(Illuminate\\Session\\Store), Object(Closure))
#40 C:\\Users\\PC\\Desktop\\gestion-bibliotheque\\laravel-backend\\vendor\\laravel\\framework\\src\\Illuminate\\Pipeline\\Pipeline.php(209): Illuminate\\Session\\Middleware\\StartSession->handle(Object(Illuminate\\Http\\Request), Object(Closure))
#41 C:\\Users\\PC\\Desktop\\gestion-bibliotheque\\laravel-backend\\vendor\\laravel\\framework\\src\\Illuminate\\Cookie\\Middleware\\AddQueuedCookiesToResponse.php(37): Illuminate\\Pipeline\\Pipeline->Illuminate\\Pipeline\\{closure}(Object(Illuminate\\Http\\Request))
#42 C:\\Users\\PC\\Desktop\\gestion-bibliotheque\\laravel-backend\\vendor\\laravel\\framework\\src\\Illuminate\\Pipeline\\Pipeline.php(209): Illuminate\\Cookie\\Middleware\\AddQueuedCookiesToResponse->handle(Object(Illuminate\\Http\\Request), Object(Closure))
#43 C:\\Users\\PC\\Desktop\\gestion-bibliotheque\\laravel-backend\\vendor\\laravel\\framework\\src\\Illuminate\\Cookie\\Middleware\\EncryptCookies.php(75): Illuminate\\Pipeline\\Pipeline->Illuminate\\Pipeline\\{closure}(Object(Illuminate\\Http\\Request))
#44 C:\\Users\\PC\\Desktop\\gestion-bibliotheque\\laravel-backend\\vendor\\laravel\\framework\\src\\Illuminate\\Pipeline\\Pipeline.php(209): Illuminate\\Cookie\\Middleware\\EncryptCookies->handle(Object(Illuminate\\Http\\Request), Object(Closure))
#45 C:\\Users\\PC\\Desktop\\gestion-bibliotheque\\laravel-backend\\vendor\\laravel\\framework\\src\\Illuminate\\Pipeline\\Pipeline.php(127): Illuminate\\Pipeline\\Pipeline->Illuminate\\Pipeline\\{closure}(Object(Illuminate\\Http\\Request))
#46 C:\\Users\\PC\\Desktop\\gestion-bibliotheque\\laravel-backend\\vendor\\laravel\\framework\\src\\Illuminate\\Routing\\Router.php(807): Illuminate\\Pipeline\\Pipeline->then(Object(Closure))
#47 C:\\Users\\PC\\Desktop\\gestion-bibliotheque\\laravel-backend\\vendor\\laravel\\framework\\src\\Illuminate\\Routing\\Router.php(786): Illuminate\\Routing\\Router->runRouteWithinStack(Object(Illuminate\\Routing\\Route), Object(Illuminate\\Http\\Request))
#48 C:\\Users\\PC\\Desktop\\gestion-bibliotheque\\laravel-backend\\vendor\\laravel\\framework\\src\\Illuminate\\Routing\\Router.php(750): Illuminate\\Routing\\Router->runRoute(Object(Illuminate\\Http\\Request), Object(Illuminate\\Routing\\Route))
#49 C:\\Users\\PC\\Desktop\\gestion-bibliotheque\\laravel-backend\\vendor\\laravel\\framework\\src\\Illuminate\\Routing\\Router.php(739): Illuminate\\Routing\\Router->dispatchToRoute(Object(Illuminate\\Http\\Request))
#50 C:\\Users\\PC\\Desktop\\gestion-bibliotheque\\laravel-backend\\vendor\\laravel\\framework\\src\\Illuminate\\Foundation\\Http\\Kernel.php(201): Illuminate\\Routing\\Router->dispatch(Object(Illuminate\\Http\\Request))
#51 C:\\Users\\PC\\Desktop\\gestion-bibliotheque\\laravel-backend\\vendor\\laravel\\framework\\src\\Illuminate\\Pipeline\\Pipeline.php(170): Illuminate\\Foundation\\Http\\Kernel->Illuminate\\Foundation\\Http\\{closure}(Object(Illuminate\\Http\\Request))
#52 C:\\Users\\PC\\Desktop\\gestion-bibliotheque\\laravel-backend\\vendor\\laravel\\framework\\src\\Illuminate\\Foundation\\Http\\Middleware\\TransformsRequest.php(21): Illuminate\\Pipeline\\Pipeline->Illuminate\\Pipeline\\{closure}(Object(Illuminate\\Http\\Request))
#53 C:\\Users\\PC\\Desktop\\gestion-bibliotheque\\laravel-backend\\vendor\\laravel\\framework\\src\\Illuminate\\Foundation\\Http\\Middleware\\ConvertEmptyStringsToNull.php(31): Illuminate\\Foundation\\Http\\Middleware\\TransformsRequest->handle(Object(Illuminate\\Http\\Request), Object(Closure))
#54 C:\\Users\\PC\\Desktop\\gestion-bibliotheque\\laravel-backend\\vendor\\laravel\\framework\\src\\Illuminate\\Pipeline\\Pipeline.php(209): Illuminate\\Foundation\\Http\\Middleware\\ConvertEmptyStringsToNull->handle(Object(Illuminate\\Http\\Request), Object(Closure))
#55 C:\\Users\\PC\\Desktop\\gestion-bibliotheque\\laravel-backend\\vendor\\laravel\\framework\\src\\Illuminate\\Foundation\\Http\\Middleware\\TransformsRequest.php(21): Illuminate\\Pipeline\\Pipeline->Illuminate\\Pipeline\\{closure}(Object(Illuminate\\Http\\Request))
#56 C:\\Users\\PC\\Desktop\\gestion-bibliotheque\\laravel-backend\\vendor\\laravel\\framework\\src\\Illuminate\\Foundation\\Http\\Middleware\\TrimStrings.php(51): Illuminate\\Foundation\\Http\\Middleware\\TransformsRequest->handle(Object(Illuminate\\Http\\Request), Object(Closure))
#57 C:\\Users\\PC\\Desktop\\gestion-bibliotheque\\laravel-backend\\vendor\\laravel\\framework\\src\\Illuminate\\Pipeline\\Pipeline.php(209): Illuminate\\Foundation\\Http\\Middleware\\TrimStrings->handle(Object(Illuminate\\Http\\Request), Object(Closure))
#58 C:\\Users\\PC\\Desktop\\gestion-bibliotheque\\laravel-backend\\vendor\\laravel\\framework\\src\\Illuminate\\Http\\Middleware\\ValidatePostSize.php(27): Illuminate\\Pipeline\\Pipeline->Illuminate\\Pipeline\\{closure}(Object(Illuminate\\Http\\Request))
#59 C:\\Users\\PC\\Desktop\\gestion-bibliotheque\\laravel-backend\\vendor\\laravel\\framework\\src\\Illuminate\\Pipeline\\Pipeline.php(209): Illuminate\\Http\\Middleware\\ValidatePostSize->handle(Object(Illuminate\\Http\\Request), Object(Closure))
#60 C:\\Users\\PC\\Desktop\\gestion-bibliotheque\\laravel-backend\\vendor\\laravel\\framework\\src\\Illuminate\\Foundation\\Http\\Middleware\\PreventRequestsDuringMaintenance.php(110): Illuminate\\Pipeline\\Pipeline->Illuminate\\Pipeline\\{closure}(Object(Illuminate\\Http\\Request))
#61 C:\\Users\\PC\\Desktop\\gestion-bibliotheque\\laravel-backend\\vendor\\laravel\\framework\\src\\Illuminate\\Pipeline\\Pipeline.php(209): Illuminate\\Foundation\\Http\\Middleware\\PreventRequestsDuringMaintenance->handle(Object(Illuminate\\Http\\Request), Object(Closure))
#62 C:\\Users\\PC\\Desktop\\gestion-bibliotheque\\laravel-backend\\vendor\\laravel\\framework\\src\\Illuminate\\Http\\Middleware\\HandleCors.php(49): Illuminate\\Pipeline\\Pipeline->Illuminate\\Pipeline\\{closure}(Object(Illuminate\\Http\\Request))
#63 C:\\Users\\PC\\Desktop\\gestion-bibliotheque\\laravel-backend\\vendor\\laravel\\framework\\src\\Illuminate\\Pipeline\\Pipeline.php(209): Illuminate\\Http\\Middleware\\HandleCors->handle(Object(Illuminate\\Http\\Request), Object(Closure))
#64 C:\\Users\\PC\\Desktop\\gestion-bibliotheque\\laravel-backend\\vendor\\laravel\\framework\\src\\Illuminate\\Http\\Middleware\\TrustProxies.php(58): Illuminate\\Pipeline\\Pipeline->Illuminate\\Pipeline\\{closure}(Object(Illuminate\\Http\\Request))
#65 C:\\Users\\PC\\Desktop\\gestion-bibliotheque\\laravel-backend\\vendor\\laravel\\framework\\src\\Illuminate\\Pipeline\\Pipeline.php(209): Illuminate\\Http\\Middleware\\TrustProxies->handle(Object(Illuminate\\Http\\Request), Object(Closure))
#66 C:\\Users\\PC\\Desktop\\gestion-bibliotheque\\laravel-backend\\vendor\\laravel\\framework\\src\\Illuminate\\Foundation\\Http\\Middleware\\InvokeDeferredCallbacks.php(22): Illuminate\\Pipeline\\Pipeline->Illuminate\\Pipeline\\{closure}(Object(Illuminate\\Http\\Request))
#67 C:\\Users\\PC\\Desktop\\gestion-bibliotheque\\laravel-backend\\vendor\\laravel\\framework\\src\\Illuminate\\Pipeline\\Pipeline.php(209): Illuminate\\Foundation\\Http\\Middleware\\InvokeDeferredCallbacks->handle(Object(Illuminate\\Http\\Request), Object(Closure))
#68 C:\\Users\\PC\\Desktop\\gestion-bibliotheque\\laravel-backend\\vendor\\laravel\\framework\\src\\Illuminate\\Pipeline\\Pipeline.php(127): Illuminate\\Pipeline\\Pipeline->Illuminate\\Pipeline\\{closure}(Object(Illuminate\\Http\\Request))
#69 C:\\Users\\PC\\Desktop\\gestion-bibliotheque\\laravel-backend\\vendor\\laravel\\framework\\src\\Illuminate\\Foundation\\Http\\Kernel.php(176): Illuminate\\Pipeline\\Pipeline->then(Object(Closure))
#70 C:\\Users\\PC\\Desktop\\gestion-bibliotheque\\laravel-backend\\vendor\\laravel\\framework\\src\\Illuminate\\Foundation\\Http\\Kernel.php(145): Illuminate\\Foundation\\Http\\Kernel->sendRequestThroughRouter(Object(Illuminate\\Http\\Request))
#71 C:\\Users\\PC\\Desktop\\gestion-bibliotheque\\laravel-backend\\vendor\\laravel\\framework\\src\\Illuminate\\Foundation\\Application.php(1216): Illuminate\\Foundation\\Http\\Kernel->handle(Object(Illuminate\\Http\\Request))
#72 C:\\Users\\PC\\Desktop\\gestion-bibliotheque\\laravel-backend\\public\\index.php(17): Illuminate\\Foundation\\Application->handleRequest(Object(Illuminate\\Http\\Request))
#73 C:\\Users\\PC\\Desktop\\gestion-bibliotheque\\laravel-backend\\vendor\\laravel\\framework\\src\\Illuminate\\Foundation\\resources\\server.php(23): require_once('C:\\\\Users\\\\PC\\\\Des...')
#74 {main}
"} 
[2025-03-19 17:51:14] local.ERROR: Attempt to read property "role" on null (View: C:\Users\PC\Desktop\gestion-bibliotheque\laravel-backend\resources\views\layouts\navigation.blade.php) (View: C:\Users\PC\Desktop\gestion-bibliotheque\laravel-backend\resources\views\layouts\navigation.blade.php) (View: C:\Users\PC\Desktop\gestion-bibliotheque\laravel-backend\resources\views\layouts\navigation.blade.php) {"exception":"[object] (Illuminate\\View\\ViewException(code: 0): Attempt to read property \"role\" on null (View: C:\\Users\\PC\\Desktop\\gestion-bibliotheque\\laravel-backend\\resources\\views\\layouts\\navigation.blade.php) (View: C:\\Users\\PC\\Desktop\\gestion-bibliotheque\\laravel-backend\\resources\\views\\layouts\\navigation.blade.php) (View: C:\\Users\\PC\\Desktop\\gestion-bibliotheque\\laravel-backend\\resources\\views\\layouts\\navigation.blade.php) at C:\\Users\\PC\\Desktop\\gestion-bibliotheque\\laravel-backend\\storage\\framework\\views\\617b2930a8e5af9b8c5990d526b04203.php:8)
[stacktrace]
#0 C:\\Users\\PC\\Desktop\\gestion-bibliotheque\\laravel-backend\\vendor\\laravel\\framework\\src\\Illuminate\\View\\Engines\\PhpEngine.php(60): Illuminate\\View\\Engines\\CompilerEngine->handleViewException(Object(Illuminate\\View\\ViewException), 1)
#1 C:\\Users\\PC\\Desktop\\gestion-bibliotheque\\laravel-backend\\vendor\\laravel\\framework\\src\\Illuminate\\View\\Engines\\CompilerEngine.php(75): Illuminate\\View\\Engines\\PhpEngine->evaluatePath('C:\\\\Users\\\\PC\\\\Des...', Array)
#2 C:\\Users\\PC\\Desktop\\gestion-bibliotheque\\laravel-backend\\vendor\\laravel\\framework\\src\\Illuminate\\View\\View.php(209): Illuminate\\View\\Engines\\CompilerEngine->get('C:\\\\Users\\\\PC\\\\Des...', Array)
#3 C:\\Users\\PC\\Desktop\\gestion-bibliotheque\\laravel-backend\\vendor\\laravel\\framework\\src\\Illuminate\\View\\View.php(192): Illuminate\\View\\View->getContents()
#4 C:\\Users\\PC\\Desktop\\gestion-bibliotheque\\laravel-backend\\vendor\\laravel\\framework\\src\\Illuminate\\View\\View.php(161): Illuminate\\View\\View->renderContents()
#5 C:\\Users\\PC\\Desktop\\gestion-bibliotheque\\laravel-backend\\vendor\\laravel\\framework\\src\\Illuminate\\Http\\Response.php(79): Illuminate\\View\\View->render()
#6 C:\\Users\\PC\\Desktop\\gestion-bibliotheque\\laravel-backend\\vendor\\laravel\\framework\\src\\Illuminate\\Http\\Response.php(35): Illuminate\\Http\\Response->setContent(Object(Illuminate\\View\\View))
#7 C:\\Users\\PC\\Desktop\\gestion-bibliotheque\\laravel-backend\\vendor\\laravel\\framework\\src\\Illuminate\\Routing\\Router.php(920): Illuminate\\Http\\Response->__construct(Object(Illuminate\\View\\View), 200, Array)
#8 C:\\Users\\PC\\Desktop\\gestion-bibliotheque\\laravel-backend\\vendor\\laravel\\framework\\src\\Illuminate\\Routing\\Router.php(887): Illuminate\\Routing\\Router::toResponse(Object(Illuminate\\Http\\Request), Object(Illuminate\\View\\View))
#9 C:\\Users\\PC\\Desktop\\gestion-bibliotheque\\laravel-backend\\vendor\\laravel\\framework\\src\\Illuminate\\Routing\\Router.php(807): Illuminate\\Routing\\Router->prepareResponse(Object(Illuminate\\Http\\Request), Object(Illuminate\\View\\View))
#10 C:\\Users\\PC\\Desktop\\gestion-bibliotheque\\laravel-backend\\vendor\\laravel\\framework\\src\\Illuminate\\Pipeline\\Pipeline.php(170): Illuminate\\Routing\\Router->Illuminate\\Routing\\{closure}(Object(Illuminate\\Http\\Request))
#11 C:\\Users\\PC\\Desktop\\gestion-bibliotheque\\laravel-backend\\vendor\\laravel\\framework\\src\\Illuminate\\Routing\\Middleware\\SubstituteBindings.php(51): Illuminate\\Pipeline\\Pipeline->Illuminate\\Pipeline\\{closure}(Object(Illuminate\\Http\\Request))
#12 C:\\Users\\PC\\Desktop\\gestion-bibliotheque\\laravel-backend\\vendor\\laravel\\framework\\src\\Illuminate\\Pipeline\\Pipeline.php(209): Illuminate\\Routing\\Middleware\\SubstituteBindings->handle(Object(Illuminate\\Http\\Request), Object(Closure))
#13 C:\\Users\\PC\\Desktop\\gestion-bibliotheque\\laravel-backend\\vendor\\laravel\\framework\\src\\Illuminate\\Foundation\\Http\\Middleware\\VerifyCsrfToken.php(88): Illuminate\\Pipeline\\Pipeline->Illuminate\\Pipeline\\{closure}(Object(Illuminate\\Http\\Request))
#14 C:\\Users\\PC\\Desktop\\gestion-bibliotheque\\laravel-backend\\vendor\\laravel\\framework\\src\\Illuminate\\Pipeline\\Pipeline.php(209): Illuminate\\Foundation\\Http\\Middleware\\VerifyCsrfToken->handle(Object(Illuminate\\Http\\Request), Object(Closure))
#15 C:\\Users\\PC\\Desktop\\gestion-bibliotheque\\laravel-backend\\vendor\\laravel\\framework\\src\\Illuminate\\View\\Middleware\\ShareErrorsFromSession.php(49): Illuminate\\Pipeline\\Pipeline->Illuminate\\Pipeline\\{closure}(Object(Illuminate\\Http\\Request))
#16 C:\\Users\\PC\\Desktop\\gestion-bibliotheque\\laravel-backend\\vendor\\laravel\\framework\\src\\Illuminate\\Pipeline\\Pipeline.php(209): Illuminate\\View\\Middleware\\ShareErrorsFromSession->handle(Object(Illuminate\\Http\\Request), Object(Closure))
#17 C:\\Users\\PC\\Desktop\\gestion-bibliotheque\\laravel-backend\\vendor\\laravel\\framework\\src\\Illuminate\\Session\\Middleware\\StartSession.php(121): Illuminate\\Pipeline\\Pipeline->Illuminate\\Pipeline\\{closure}(Object(Illuminate\\Http\\Request))
#18 C:\\Users\\PC\\Desktop\\gestion-bibliotheque\\laravel-backend\\vendor\\laravel\\framework\\src\\Illuminate\\Session\\Middleware\\StartSession.php(64): Illuminate\\Session\\Middleware\\StartSession->handleStatefulRequest(Object(Illuminate\\Http\\Request), Object(Illuminate\\Session\\Store), Object(Closure))
#19 C:\\Users\\PC\\Desktop\\gestion-bibliotheque\\laravel-backend\\vendor\\laravel\\framework\\src\\Illuminate\\Pipeline\\Pipeline.php(209): Illuminate\\Session\\Middleware\\StartSession->handle(Object(Illuminate\\Http\\Request), Object(Closure))
#20 C:\\Users\\PC\\Desktop\\gestion-bibliotheque\\laravel-backend\\vendor\\laravel\\framework\\src\\Illuminate\\Cookie\\Middleware\\AddQueuedCookiesToResponse.php(37): Illuminate\\Pipeline\\Pipeline->Illuminate\\Pipeline\\{closure}(Object(Illuminate\\Http\\Request))
#21 C:\\Users\\PC\\Desktop\\gestion-bibliotheque\\laravel-backend\\vendor\\laravel\\framework\\src\\Illuminate\\Pipeline\\Pipeline.php(209): Illuminate\\Cookie\\Middleware\\AddQueuedCookiesToResponse->handle(Object(Illuminate\\Http\\Request), Object(Closure))
#22 C:\\Users\\PC\\Desktop\\gestion-bibliotheque\\laravel-backend\\vendor\\laravel\\framework\\src\\Illuminate\\Cookie\\Middleware\\EncryptCookies.php(75): Illuminate\\Pipeline\\Pipeline->Illuminate\\Pipeline\\{closure}(Object(Illuminate\\Http\\Request))
#23 C:\\Users\\PC\\Desktop\\gestion-bibliotheque\\laravel-backend\\vendor\\laravel\\framework\\src\\Illuminate\\Pipeline\\Pipeline.php(209): Illuminate\\Cookie\\Middleware\\EncryptCookies->handle(Object(Illuminate\\Http\\Request), Object(Closure))
#24 C:\\Users\\PC\\Desktop\\gestion-bibliotheque\\laravel-backend\\vendor\\laravel\\framework\\src\\Illuminate\\Pipeline\\Pipeline.php(127): Illuminate\\Pipeline\\Pipeline->Illuminate\\Pipeline\\{closure}(Object(Illuminate\\Http\\Request))
#25 C:\\Users\\PC\\Desktop\\gestion-bibliotheque\\laravel-backend\\vendor\\laravel\\framework\\src\\Illuminate\\Routing\\Router.php(807): Illuminate\\Pipeline\\Pipeline->then(Object(Closure))
#26 C:\\Users\\PC\\Desktop\\gestion-bibliotheque\\laravel-backend\\vendor\\laravel\\framework\\src\\Illuminate\\Routing\\Router.php(786): Illuminate\\Routing\\Router->runRouteWithinStack(Object(Illuminate\\Routing\\Route), Object(Illuminate\\Http\\Request))
#27 C:\\Users\\PC\\Desktop\\gestion-bibliotheque\\laravel-backend\\vendor\\laravel\\framework\\src\\Illuminate\\Routing\\Router.php(750): Illuminate\\Routing\\Router->runRoute(Object(Illuminate\\Http\\Request), Object(Illuminate\\Routing\\Route))
#28 C:\\Users\\PC\\Desktop\\gestion-bibliotheque\\laravel-backend\\vendor\\laravel\\framework\\src\\Illuminate\\Routing\\Router.php(739): Illuminate\\Routing\\Router->dispatchToRoute(Object(Illuminate\\Http\\Request))
#29 C:\\Users\\PC\\Desktop\\gestion-bibliotheque\\laravel-backend\\vendor\\laravel\\framework\\src\\Illuminate\\Foundation\\Http\\Kernel.php(201): Illuminate\\Routing\\Router->dispatch(Object(Illuminate\\Http\\Request))
#30 C:\\Users\\PC\\Desktop\\gestion-bibliotheque\\laravel-backend\\vendor\\laravel\\framework\\src\\Illuminate\\Pipeline\\Pipeline.php(170): Illuminate\\Foundation\\Http\\Kernel->Illuminate\\Foundation\\Http\\{closure}(Object(Illuminate\\Http\\Request))
#31 C:\\Users\\PC\\Desktop\\gestion-bibliotheque\\laravel-backend\\vendor\\laravel\\framework\\src\\Illuminate\\Foundation\\Http\\Middleware\\TransformsRequest.php(21): Illuminate\\Pipeline\\Pipeline->Illuminate\\Pipeline\\{closure}(Object(Illuminate\\Http\\Request))
#32 C:\\Users\\PC\\Desktop\\gestion-bibliotheque\\laravel-backend\\vendor\\laravel\\framework\\src\\Illuminate\\Foundation\\Http\\Middleware\\ConvertEmptyStringsToNull.php(31): Illuminate\\Foundation\\Http\\Middleware\\TransformsRequest->handle(Object(Illuminate\\Http\\Request), Object(Closure))
#33 C:\\Users\\PC\\Desktop\\gestion-bibliotheque\\laravel-backend\\vendor\\laravel\\framework\\src\\Illuminate\\Pipeline\\Pipeline.php(209): Illuminate\\Foundation\\Http\\Middleware\\ConvertEmptyStringsToNull->handle(Object(Illuminate\\Http\\Request), Object(Closure))
#34 C:\\Users\\PC\\Desktop\\gestion-bibliotheque\\laravel-backend\\vendor\\laravel\\framework\\src\\Illuminate\\Foundation\\Http\\Middleware\\TransformsRequest.php(21): Illuminate\\Pipeline\\Pipeline->Illuminate\\Pipeline\\{closure}(Object(Illuminate\\Http\\Request))
#35 C:\\Users\\PC\\Desktop\\gestion-bibliotheque\\laravel-backend\\vendor\\laravel\\framework\\src\\Illuminate\\Foundation\\Http\\Middleware\\TrimStrings.php(51): Illuminate\\Foundation\\Http\\Middleware\\TransformsRequest->handle(Object(Illuminate\\Http\\Request), Object(Closure))
#36 C:\\Users\\PC\\Desktop\\gestion-bibliotheque\\laravel-backend\\vendor\\laravel\\framework\\src\\Illuminate\\Pipeline\\Pipeline.php(209): Illuminate\\Foundation\\Http\\Middleware\\TrimStrings->handle(Object(Illuminate\\Http\\Request), Object(Closure))
#37 C:\\Users\\PC\\Desktop\\gestion-bibliotheque\\laravel-backend\\vendor\\laravel\\framework\\src\\Illuminate\\Http\\Middleware\\ValidatePostSize.php(27): Illuminate\\Pipeline\\Pipeline->Illuminate\\Pipeline\\{closure}(Object(Illuminate\\Http\\Request))
#38 C:\\Users\\PC\\Desktop\\gestion-bibliotheque\\laravel-backend\\vendor\\laravel\\framework\\src\\Illuminate\\Pipeline\\Pipeline.php(209): Illuminate\\Http\\Middleware\\ValidatePostSize->handle(Object(Illuminate\\Http\\Request), Object(Closure))
#39 C:\\Users\\PC\\Desktop\\gestion-bibliotheque\\laravel-backend\\vendor\\laravel\\framework\\src\\Illuminate\\Foundation\\Http\\Middleware\\PreventRequestsDuringMaintenance.php(110): Illuminate\\Pipeline\\Pipeline->Illuminate\\Pipeline\\{closure}(Object(Illuminate\\Http\\Request))
#40 C:\\Users\\PC\\Desktop\\gestion-bibliotheque\\laravel-backend\\vendor\\laravel\\framework\\src\\Illuminate\\Pipeline\\Pipeline.php(209): Illuminate\\Foundation\\Http\\Middleware\\PreventRequestsDuringMaintenance->handle(Object(Illuminate\\Http\\Request), Object(Closure))
#41 C:\\Users\\PC\\Desktop\\gestion-bibliotheque\\laravel-backend\\vendor\\laravel\\framework\\src\\Illuminate\\Http\\Middleware\\HandleCors.php(49): Illuminate\\Pipeline\\Pipeline->Illuminate\\Pipeline\\{closure}(Object(Illuminate\\Http\\Request))
#42 C:\\Users\\PC\\Desktop\\gestion-bibliotheque\\laravel-backend\\vendor\\laravel\\framework\\src\\Illuminate\\Pipeline\\Pipeline.php(209): Illuminate\\Http\\Middleware\\HandleCors->handle(Object(Illuminate\\Http\\Request), Object(Closure))
#43 C:\\Users\\PC\\Desktop\\gestion-bibliotheque\\laravel-backend\\vendor\\laravel\\framework\\src\\Illuminate\\Http\\Middleware\\TrustProxies.php(58): Illuminate\\Pipeline\\Pipeline->Illuminate\\Pipeline\\{closure}(Object(Illuminate\\Http\\Request))
#44 C:\\Users\\PC\\Desktop\\gestion-bibliotheque\\laravel-backend\\vendor\\laravel\\framework\\src\\Illuminate\\Pipeline\\Pipeline.php(209): Illuminate\\Http\\Middleware\\TrustProxies->handle(Object(Illuminate\\Http\\Request), Object(Closure))
#45 C:\\Users\\PC\\Desktop\\gestion-bibliotheque\\laravel-backend\\vendor\\laravel\\framework\\src\\Illuminate\\Foundation\\Http\\Middleware\\InvokeDeferredCallbacks.php(22): Illuminate\\Pipeline\\Pipeline->Illuminate\\Pipeline\\{closure}(Object(Illuminate\\Http\\Request))
#46 C:\\Users\\PC\\Desktop\\gestion-bibliotheque\\laravel-backend\\vendor\\laravel\\framework\\src\\Illuminate\\Pipeline\\Pipeline.php(209): Illuminate\\Foundation\\Http\\Middleware\\InvokeDeferredCallbacks->handle(Object(Illuminate\\Http\\Request), Object(Closure))
#47 C:\\Users\\PC\\Desktop\\gestion-bibliotheque\\laravel-backend\\vendor\\laravel\\framework\\src\\Illuminate\\Pipeline\\Pipeline.php(127): Illuminate\\Pipeline\\Pipeline->Illuminate\\Pipeline\\{closure}(Object(Illuminate\\Http\\Request))
#48 C:\\Users\\PC\\Desktop\\gestion-bibliotheque\\laravel-backend\\vendor\\laravel\\framework\\src\\Illuminate\\Foundation\\Http\\Kernel.php(176): Illuminate\\Pipeline\\Pipeline->then(Object(Closure))
#49 C:\\Users\\PC\\Desktop\\gestion-bibliotheque\\laravel-backend\\vendor\\laravel\\framework\\src\\Illuminate\\Foundation\\Http\\Kernel.php(145): Illuminate\\Foundation\\Http\\Kernel->sendRequestThroughRouter(Object(Illuminate\\Http\\Request))
#50 C:\\Users\\PC\\Desktop\\gestion-bibliotheque\\laravel-backend\\vendor\\laravel\\framework\\src\\Illuminate\\Foundation\\Application.php(1216): Illuminate\\Foundation\\Http\\Kernel->handle(Object(Illuminate\\Http\\Request))
#51 C:\\Users\\PC\\Desktop\\gestion-bibliotheque\\laravel-backend\\public\\index.php(17): Illuminate\\Foundation\\Application->handleRequest(Object(Illuminate\\Http\\Request))
#52 C:\\Users\\PC\\Desktop\\gestion-bibliotheque\\laravel-backend\\vendor\\laravel\\framework\\src\\Illuminate\\Foundation\\resources\\server.php(23): require_once('C:\\\\Users\\\\PC\\\\Des...')
#53 {main}

[previous exception] [object] (Illuminate\\View\\ViewException(code: 0): Attempt to read property \"role\" on null (View: C:\\Users\\PC\\Desktop\\gestion-bibliotheque\\laravel-backend\\resources\\views\\layouts\\navigation.blade.php) (View: C:\\Users\\PC\\Desktop\\gestion-bibliotheque\\laravel-backend\\resources\\views\\layouts\\navigation.blade.php) at C:\\Users\\PC\\Desktop\\gestion-bibliotheque\\laravel-backend\\storage\\framework\\views\\617b2930a8e5af9b8c5990d526b04203.php:8)
[stacktrace]
#0 C:\\Users\\PC\\Desktop\\gestion-bibliotheque\\laravel-backend\\vendor\\laravel\\framework\\src\\Illuminate\\View\\Engines\\PhpEngine.php(60): Illuminate\\View\\Engines\\CompilerEngine->handleViewException(Object(Illuminate\\View\\ViewException), 2)
#1 C:\\Users\\PC\\Desktop\\gestion-bibliotheque\\laravel-backend\\vendor\\laravel\\framework\\src\\Illuminate\\View\\Engines\\CompilerEngine.php(75): Illuminate\\View\\Engines\\PhpEngine->evaluatePath('C:\\\\Users\\\\PC\\\\Des...', Array)
#2 C:\\Users\\PC\\Desktop\\gestion-bibliotheque\\laravel-backend\\vendor\\laravel\\framework\\src\\Illuminate\\View\\View.php(209): Illuminate\\View\\Engines\\CompilerEngine->get('C:\\\\Users\\\\PC\\\\Des...', Array)
#3 C:\\Users\\PC\\Desktop\\gestion-bibliotheque\\laravel-backend\\vendor\\laravel\\framework\\src\\Illuminate\\View\\View.php(192): Illuminate\\View\\View->getContents()
#4 C:\\Users\\PC\\Desktop\\gestion-bibliotheque\\laravel-backend\\vendor\\laravel\\framework\\src\\Illuminate\\View\\View.php(161): Illuminate\\View\\View->renderContents()
#5 C:\\Users\\PC\\Desktop\\gestion-bibliotheque\\laravel-backend\\vendor\\laravel\\framework\\src\\Illuminate\\View\\Concerns\\ManagesComponents.php(99): Illuminate\\View\\View->render()
#6 C:\\Users\\PC\\Desktop\\gestion-bibliotheque\\laravel-backend\\storage\\framework\\views\\406238a1f4ec5449f69423aa678d669a.php(97): Illuminate\\View\\Factory->renderComponent()
#7 C:\\Users\\PC\\Desktop\\gestion-bibliotheque\\laravel-backend\\vendor\\laravel\\framework\\src\\Illuminate\\Filesystem\\Filesystem.php(123): require('C:\\\\Users\\\\PC\\\\Des...')
#8 C:\\Users\\PC\\Desktop\\gestion-bibliotheque\\laravel-backend\\vendor\\laravel\\framework\\src\\Illuminate\\Filesystem\\Filesystem.php(124): Illuminate\\Filesystem\\Filesystem::Illuminate\\Filesystem\\{closure}()
#9 C:\\Users\\PC\\Desktop\\gestion-bibliotheque\\laravel-backend\\vendor\\laravel\\framework\\src\\Illuminate\\View\\Engines\\PhpEngine.php(58): Illuminate\\Filesystem\\Filesystem->getRequire('C:\\\\Users\\\\PC\\\\Des...', Array)
#10 C:\\Users\\PC\\Desktop\\gestion-bibliotheque\\laravel-backend\\vendor\\laravel\\framework\\src\\Illuminate\\View\\Engines\\CompilerEngine.php(75): Illuminate\\View\\Engines\\PhpEngine->evaluatePath('C:\\\\Users\\\\PC\\\\Des...', Array)
#11 C:\\Users\\PC\\Desktop\\gestion-bibliotheque\\laravel-backend\\vendor\\laravel\\framework\\src\\Illuminate\\View\\View.php(209): Illuminate\\View\\Engines\\CompilerEngine->get('C:\\\\Users\\\\PC\\\\Des...', Array)
#12 C:\\Users\\PC\\Desktop\\gestion-bibliotheque\\laravel-backend\\vendor\\laravel\\framework\\src\\Illuminate\\View\\View.php(192): Illuminate\\View\\View->getContents()
#13 C:\\Users\\PC\\Desktop\\gestion-bibliotheque\\laravel-backend\\vendor\\laravel\\framework\\src\\Illuminate\\View\\View.php(161): Illuminate\\View\\View->renderContents()
#14 C:\\Users\\PC\\Desktop\\gestion-bibliotheque\\laravel-backend\\vendor\\laravel\\framework\\src\\Illuminate\\Http\\Response.php(79): Illuminate\\View\\View->render()
#15 C:\\Users\\PC\\Desktop\\gestion-bibliotheque\\laravel-backend\\vendor\\laravel\\framework\\src\\Illuminate\\Http\\Response.php(35): Illuminate\\Http\\Response->setContent(Object(Illuminate\\View\\View))
#16 C:\\Users\\PC\\Desktop\\gestion-bibliotheque\\laravel-backend\\vendor\\laravel\\framework\\src\\Illuminate\\Routing\\Router.php(920): Illuminate\\Http\\Response->__construct(Object(Illuminate\\View\\View), 200, Array)
#17 C:\\Users\\PC\\Desktop\\gestion-bibliotheque\\laravel-backend\\vendor\\laravel\\framework\\src\\Illuminate\\Routing\\Router.php(887): Illuminate\\Routing\\Router::toResponse(Object(Illuminate\\Http\\Request), Object(Illuminate\\View\\View))
#18 C:\\Users\\PC\\Desktop\\gestion-bibliotheque\\laravel-backend\\vendor\\laravel\\framework\\src\\Illuminate\\Routing\\Router.php(807): Illuminate\\Routing\\Router->prepareResponse(Object(Illuminate\\Http\\Request), Object(Illuminate\\View\\View))
#19 C:\\Users\\PC\\Desktop\\gestion-bibliotheque\\laravel-backend\\vendor\\laravel\\framework\\src\\Illuminate\\Pipeline\\Pipeline.php(170): Illuminate\\Routing\\Router->Illuminate\\Routing\\{closure}(Object(Illuminate\\Http\\Request))
#20 C:\\Users\\PC\\Desktop\\gestion-bibliotheque\\laravel-backend\\vendor\\laravel\\framework\\src\\Illuminate\\Routing\\Middleware\\SubstituteBindings.php(51): Illuminate\\Pipeline\\Pipeline->Illuminate\\Pipeline\\{closure}(Object(Illuminate\\Http\\Request))
#21 C:\\Users\\PC\\Desktop\\gestion-bibliotheque\\laravel-backend\\vendor\\laravel\\framework\\src\\Illuminate\\Pipeline\\Pipeline.php(209): Illuminate\\Routing\\Middleware\\SubstituteBindings->handle(Object(Illuminate\\Http\\Request), Object(Closure))
#22 C:\\Users\\PC\\Desktop\\gestion-bibliotheque\\laravel-backend\\vendor\\laravel\\framework\\src\\Illuminate\\Foundation\\Http\\Middleware\\VerifyCsrfToken.php(88): Illuminate\\Pipeline\\Pipeline->Illuminate\\Pipeline\\{closure}(Object(Illuminate\\Http\\Request))
#23 C:\\Users\\PC\\Desktop\\gestion-bibliotheque\\laravel-backend\\vendor\\laravel\\framework\\src\\Illuminate\\Pipeline\\Pipeline.php(209): Illuminate\\Foundation\\Http\\Middleware\\VerifyCsrfToken->handle(Object(Illuminate\\Http\\Request), Object(Closure))
#24 C:\\Users\\PC\\Desktop\\gestion-bibliotheque\\laravel-backend\\vendor\\laravel\\framework\\src\\Illuminate\\View\\Middleware\\ShareErrorsFromSession.php(49): Illuminate\\Pipeline\\Pipeline->Illuminate\\Pipeline\\{closure}(Object(Illuminate\\Http\\Request))
#25 C:\\Users\\PC\\Desktop\\gestion-bibliotheque\\laravel-backend\\vendor\\laravel\\framework\\src\\Illuminate\\Pipeline\\Pipeline.php(209): Illuminate\\View\\Middleware\\ShareErrorsFromSession->handle(Object(Illuminate\\Http\\Request), Object(Closure))
#26 C:\\Users\\PC\\Desktop\\gestion-bibliotheque\\laravel-backend\\vendor\\laravel\\framework\\src\\Illuminate\\Session\\Middleware\\StartSession.php(121): Illuminate\\Pipeline\\Pipeline->Illuminate\\Pipeline\\{closure}(Object(Illuminate\\Http\\Request))
#27 C:\\Users\\PC\\Desktop\\gestion-bibliotheque\\laravel-backend\\vendor\\laravel\\framework\\src\\Illuminate\\Session\\Middleware\\StartSession.php(64): Illuminate\\Session\\Middleware\\StartSession->handleStatefulRequest(Object(Illuminate\\Http\\Request), Object(Illuminate\\Session\\Store), Object(Closure))
#28 C:\\Users\\PC\\Desktop\\gestion-bibliotheque\\laravel-backend\\vendor\\laravel\\framework\\src\\Illuminate\\Pipeline\\Pipeline.php(209): Illuminate\\Session\\Middleware\\StartSession->handle(Object(Illuminate\\Http\\Request), Object(Closure))
#29 C:\\Users\\PC\\Desktop\\gestion-bibliotheque\\laravel-backend\\vendor\\laravel\\framework\\src\\Illuminate\\Cookie\\Middleware\\AddQueuedCookiesToResponse.php(37): Illuminate\\Pipeline\\Pipeline->Illuminate\\Pipeline\\{closure}(Object(Illuminate\\Http\\Request))
#30 C:\\Users\\PC\\Desktop\\gestion-bibliotheque\\laravel-backend\\vendor\\laravel\\framework\\src\\Illuminate\\Pipeline\\Pipeline.php(209): Illuminate\\Cookie\\Middleware\\AddQueuedCookiesToResponse->handle(Object(Illuminate\\Http\\Request), Object(Closure))
#31 C:\\Users\\PC\\Desktop\\gestion-bibliotheque\\laravel-backend\\vendor\\laravel\\framework\\src\\Illuminate\\Cookie\\Middleware\\EncryptCookies.php(75): Illuminate\\Pipeline\\Pipeline->Illuminate\\Pipeline\\{closure}(Object(Illuminate\\Http\\Request))
#32 C:\\Users\\PC\\Desktop\\gestion-bibliotheque\\laravel-backend\\vendor\\laravel\\framework\\src\\Illuminate\\Pipeline\\Pipeline.php(209): Illuminate\\Cookie\\Middleware\\EncryptCookies->handle(Object(Illuminate\\Http\\Request), Object(Closure))
#33 C:\\Users\\PC\\Desktop\\gestion-bibliotheque\\laravel-backend\\vendor\\laravel\\framework\\src\\Illuminate\\Pipeline\\Pipeline.php(127): Illuminate\\Pipeline\\Pipeline->Illuminate\\Pipeline\\{closure}(Object(Illuminate\\Http\\Request))
#34 C:\\Users\\PC\\Desktop\\gestion-bibliotheque\\laravel-backend\\vendor\\laravel\\framework\\src\\Illuminate\\Routing\\Router.php(807): Illuminate\\Pipeline\\Pipeline->then(Object(Closure))
#35 C:\\Users\\PC\\Desktop\\gestion-bibliotheque\\laravel-backend\\vendor\\laravel\\framework\\src\\Illuminate\\Routing\\Router.php(786): Illuminate\\Routing\\Router->runRouteWithinStack(Object(Illuminate\\Routing\\Route), Object(Illuminate\\Http\\Request))
#36 C:\\Users\\PC\\Desktop\\gestion-bibliotheque\\laravel-backend\\vendor\\laravel\\framework\\src\\Illuminate\\Routing\\Router.php(750): Illuminate\\Routing\\Router->runRoute(Object(Illuminate\\Http\\Request), Object(Illuminate\\Routing\\Route))
#37 C:\\Users\\PC\\Desktop\\gestion-bibliotheque\\laravel-backend\\vendor\\laravel\\framework\\src\\Illuminate\\Routing\\Router.php(739): Illuminate\\Routing\\Router->dispatchToRoute(Object(Illuminate\\Http\\Request))
#38 C:\\Users\\PC\\Desktop\\gestion-bibliotheque\\laravel-backend\\vendor\\laravel\\framework\\src\\Illuminate\\Foundation\\Http\\Kernel.php(201): Illuminate\\Routing\\Router->dispatch(Object(Illuminate\\Http\\Request))
#39 C:\\Users\\PC\\Desktop\\gestion-bibliotheque\\laravel-backend\\vendor\\laravel\\framework\\src\\Illuminate\\Pipeline\\Pipeline.php(170): Illuminate\\Foundation\\Http\\Kernel->Illuminate\\Foundation\\Http\\{closure}(Object(Illuminate\\Http\\Request))
#40 C:\\Users\\PC\\Desktop\\gestion-bibliotheque\\laravel-backend\\vendor\\laravel\\framework\\src\\Illuminate\\Foundation\\Http\\Middleware\\TransformsRequest.php(21): Illuminate\\Pipeline\\Pipeline->Illuminate\\Pipeline\\{closure}(Object(Illuminate\\Http\\Request))
#41 C:\\Users\\PC\\Desktop\\gestion-bibliotheque\\laravel-backend\\vendor\\laravel\\framework\\src\\Illuminate\\Foundation\\Http\\Middleware\\ConvertEmptyStringsToNull.php(31): Illuminate\\Foundation\\Http\\Middleware\\TransformsRequest->handle(Object(Illuminate\\Http\\Request), Object(Closure))
#42 C:\\Users\\PC\\Desktop\\gestion-bibliotheque\\laravel-backend\\vendor\\laravel\\framework\\src\\Illuminate\\Pipeline\\Pipeline.php(209): Illuminate\\Foundation\\Http\\Middleware\\ConvertEmptyStringsToNull->handle(Object(Illuminate\\Http\\Request), Object(Closure))
#43 C:\\Users\\PC\\Desktop\\gestion-bibliotheque\\laravel-backend\\vendor\\laravel\\framework\\src\\Illuminate\\Foundation\\Http\\Middleware\\TransformsRequest.php(21): Illuminate\\Pipeline\\Pipeline->Illuminate\\Pipeline\\{closure}(Object(Illuminate\\Http\\Request))
#44 C:\\Users\\PC\\Desktop\\gestion-bibliotheque\\laravel-backend\\vendor\\laravel\\framework\\src\\Illuminate\\Foundation\\Http\\Middleware\\TrimStrings.php(51): Illuminate\\Foundation\\Http\\Middleware\\TransformsRequest->handle(Object(Illuminate\\Http\\Request), Object(Closure))
#45 C:\\Users\\PC\\Desktop\\gestion-bibliotheque\\laravel-backend\\vendor\\laravel\\framework\\src\\Illuminate\\Pipeline\\Pipeline.php(209): Illuminate\\Foundation\\Http\\Middleware\\TrimStrings->handle(Object(Illuminate\\Http\\Request), Object(Closure))
#46 C:\\Users\\PC\\Desktop\\gestion-bibliotheque\\laravel-backend\\vendor\\laravel\\framework\\src\\Illuminate\\Http\\Middleware\\ValidatePostSize.php(27): Illuminate\\Pipeline\\Pipeline->Illuminate\\Pipeline\\{closure}(Object(Illuminate\\Http\\Request))
#47 C:\\Users\\PC\\Desktop\\gestion-bibliotheque\\laravel-backend\\vendor\\laravel\\framework\\src\\Illuminate\\Pipeline\\Pipeline.php(209): Illuminate\\Http\\Middleware\\ValidatePostSize->handle(Object(Illuminate\\Http\\Request), Object(Closure))
#48 C:\\Users\\PC\\Desktop\\gestion-bibliotheque\\laravel-backend\\vendor\\laravel\\framework\\src\\Illuminate\\Foundation\\Http\\Middleware\\PreventRequestsDuringMaintenance.php(110): Illuminate\\Pipeline\\Pipeline->Illuminate\\Pipeline\\{closure}(Object(Illuminate\\Http\\Request))
#49 C:\\Users\\PC\\Desktop\\gestion-bibliotheque\\laravel-backend\\vendor\\laravel\\framework\\src\\Illuminate\\Pipeline\\Pipeline.php(209): Illuminate\\Foundation\\Http\\Middleware\\PreventRequestsDuringMaintenance->handle(Object(Illuminate\\Http\\Request), Object(Closure))
#50 C:\\Users\\PC\\Desktop\\gestion-bibliotheque\\laravel-backend\\vendor\\laravel\\framework\\src\\Illuminate\\Http\\Middleware\\HandleCors.php(49): Illuminate\\Pipeline\\Pipeline->Illuminate\\Pipeline\\{closure}(Object(Illuminate\\Http\\Request))
#51 C:\\Users\\PC\\Desktop\\gestion-bibliotheque\\laravel-backend\\vendor\\laravel\\framework\\src\\Illuminate\\Pipeline\\Pipeline.php(209): Illuminate\\Http\\Middleware\\HandleCors->handle(Object(Illuminate\\Http\\Request), Object(Closure))
#52 C:\\Users\\PC\\Desktop\\gestion-bibliotheque\\laravel-backend\\vendor\\laravel\\framework\\src\\Illuminate\\Http\\Middleware\\TrustProxies.php(58): Illuminate\\Pipeline\\Pipeline->Illuminate\\Pipeline\\{closure}(Object(Illuminate\\Http\\Request))
#53 C:\\Users\\PC\\Desktop\\gestion-bibliotheque\\laravel-backend\\vendor\\laravel\\framework\\src\\Illuminate\\Pipeline\\Pipeline.php(209): Illuminate\\Http\\Middleware\\TrustProxies->handle(Object(Illuminate\\Http\\Request), Object(Closure))
#54 C:\\Users\\PC\\Desktop\\gestion-bibliotheque\\laravel-backend\\vendor\\laravel\\framework\\src\\Illuminate\\Foundation\\Http\\Middleware\\InvokeDeferredCallbacks.php(22): Illuminate\\Pipeline\\Pipeline->Illuminate\\Pipeline\\{closure}(Object(Illuminate\\Http\\Request))
#55 C:\\Users\\PC\\Desktop\\gestion-bibliotheque\\laravel-backend\\vendor\\laravel\\framework\\src\\Illuminate\\Pipeline\\Pipeline.php(209): Illuminate\\Foundation\\Http\\Middleware\\InvokeDeferredCallbacks->handle(Object(Illuminate\\Http\\Request), Object(Closure))
#56 C:\\Users\\PC\\Desktop\\gestion-bibliotheque\\laravel-backend\\vendor\\laravel\\framework\\src\\Illuminate\\Pipeline\\Pipeline.php(127): Illuminate\\Pipeline\\Pipeline->Illuminate\\Pipeline\\{closure}(Object(Illuminate\\Http\\Request))
#57 C:\\Users\\PC\\Desktop\\gestion-bibliotheque\\laravel-backend\\vendor\\laravel\\framework\\src\\Illuminate\\Foundation\\Http\\Kernel.php(176): Illuminate\\Pipeline\\Pipeline->then(Object(Closure))
#58 C:\\Users\\PC\\Desktop\\gestion-bibliotheque\\laravel-backend\\vendor\\laravel\\framework\\src\\Illuminate\\Foundation\\Http\\Kernel.php(145): Illuminate\\Foundation\\Http\\Kernel->sendRequestThroughRouter(Object(Illuminate\\Http\\Request))
#59 C:\\Users\\PC\\Desktop\\gestion-bibliotheque\\laravel-backend\\vendor\\laravel\\framework\\src\\Illuminate\\Foundation\\Application.php(1216): Illuminate\\Foundation\\Http\\Kernel->handle(Object(Illuminate\\Http\\Request))
#60 C:\\Users\\PC\\Desktop\\gestion-bibliotheque\\laravel-backend\\public\\index.php(17): Illuminate\\Foundation\\Application->handleRequest(Object(Illuminate\\Http\\Request))
#61 C:\\Users\\PC\\Desktop\\gestion-bibliotheque\\laravel-backend\\vendor\\laravel\\framework\\src\\Illuminate\\Foundation\\resources\\server.php(23): require_once('C:\\\\Users\\\\PC\\\\Des...')
#62 {main}

[previous exception] [object] (Illuminate\\View\\ViewException(code: 0): Attempt to read property \"role\" on null (View: C:\\Users\\PC\\Desktop\\gestion-bibliotheque\\laravel-backend\\resources\\views\\layouts\\navigation.blade.php) at C:\\Users\\PC\\Desktop\\gestion-bibliotheque\\laravel-backend\\storage\\framework\\views\\617b2930a8e5af9b8c5990d526b04203.php:8)
[stacktrace]
#0 C:\\Users\\PC\\Desktop\\gestion-bibliotheque\\laravel-backend\\vendor\\laravel\\framework\\src\\Illuminate\\View\\Engines\\PhpEngine.php(60): Illuminate\\View\\Engines\\CompilerEngine->handleViewException(Object(ErrorException), 3)
#1 C:\\Users\\PC\\Desktop\\gestion-bibliotheque\\laravel-backend\\vendor\\laravel\\framework\\src\\Illuminate\\View\\Engines\\CompilerEngine.php(75): Illuminate\\View\\Engines\\PhpEngine->evaluatePath('C:\\\\Users\\\\PC\\\\Des...', Array)
#2 C:\\Users\\PC\\Desktop\\gestion-bibliotheque\\laravel-backend\\vendor\\laravel\\framework\\src\\Illuminate\\View\\View.php(209): Illuminate\\View\\Engines\\CompilerEngine->get('C:\\\\Users\\\\PC\\\\Des...', Array)
#3 C:\\Users\\PC\\Desktop\\gestion-bibliotheque\\laravel-backend\\vendor\\laravel\\framework\\src\\Illuminate\\View\\View.php(192): Illuminate\\View\\View->getContents()
#4 C:\\Users\\PC\\Desktop\\gestion-bibliotheque\\laravel-backend\\vendor\\laravel\\framework\\src\\Illuminate\\View\\View.php(161): Illuminate\\View\\View->renderContents()
#5 C:\\Users\\PC\\Desktop\\gestion-bibliotheque\\laravel-backend\\storage\\framework\\views\\0221793b5fc5f334ee883978d5e1f415.php(25): Illuminate\\View\\View->render()
#6 C:\\Users\\PC\\Desktop\\gestion-bibliotheque\\laravel-backend\\vendor\\laravel\\framework\\src\\Illuminate\\Filesystem\\Filesystem.php(123): require('C:\\\\Users\\\\PC\\\\Des...')
#7 C:\\Users\\PC\\Desktop\\gestion-bibliotheque\\laravel-backend\\vendor\\laravel\\framework\\src\\Illuminate\\Filesystem\\Filesystem.php(124): Illuminate\\Filesystem\\Filesystem::Illuminate\\Filesystem\\{closure}()
#8 C:\\Users\\PC\\Desktop\\gestion-bibliotheque\\laravel-backend\\vendor\\laravel\\framework\\src\\Illuminate\\View\\Engines\\PhpEngine.php(58): Illuminate\\Filesystem\\Filesystem->getRequire('C:\\\\Users\\\\PC\\\\Des...', Array)
#9 C:\\Users\\PC\\Desktop\\gestion-bibliotheque\\laravel-backend\\vendor\\laravel\\framework\\src\\Illuminate\\View\\Engines\\CompilerEngine.php(75): Illuminate\\View\\Engines\\PhpEngine->evaluatePath('C:\\\\Users\\\\PC\\\\Des...', Array)
#10 C:\\Users\\PC\\Desktop\\gestion-bibliotheque\\laravel-backend\\vendor\\laravel\\framework\\src\\Illuminate\\View\\View.php(209): Illuminate\\View\\Engines\\CompilerEngine->get('C:\\\\Users\\\\PC\\\\Des...', Array)
#11 C:\\Users\\PC\\Desktop\\gestion-bibliotheque\\laravel-backend\\vendor\\laravel\\framework\\src\\Illuminate\\View\\View.php(192): Illuminate\\View\\View->getContents()
#12 C:\\Users\\PC\\Desktop\\gestion-bibliotheque\\laravel-backend\\vendor\\laravel\\framework\\src\\Illuminate\\View\\View.php(161): Illuminate\\View\\View->renderContents()
#13 C:\\Users\\PC\\Desktop\\gestion-bibliotheque\\laravel-backend\\vendor\\laravel\\framework\\src\\Illuminate\\View\\Concerns\\ManagesComponents.php(99): Illuminate\\View\\View->render()
#14 C:\\Users\\PC\\Desktop\\gestion-bibliotheque\\laravel-backend\\storage\\framework\\views\\406238a1f4ec5449f69423aa678d669a.php(97): Illuminate\\View\\Factory->renderComponent()
#15 C:\\Users\\PC\\Desktop\\gestion-bibliotheque\\laravel-backend\\vendor\\laravel\\framework\\src\\Illuminate\\Filesystem\\Filesystem.php(123): require('C:\\\\Users\\\\PC\\\\Des...')
#16 C:\\Users\\PC\\Desktop\\gestion-bibliotheque\\laravel-backend\\vendor\\laravel\\framework\\src\\Illuminate\\Filesystem\\Filesystem.php(124): Illuminate\\Filesystem\\Filesystem::Illuminate\\Filesystem\\{closure}()
#17 C:\\Users\\PC\\Desktop\\gestion-bibliotheque\\laravel-backend\\vendor\\laravel\\framework\\src\\Illuminate\\View\\Engines\\PhpEngine.php(58): Illuminate\\Filesystem\\Filesystem->getRequire('C:\\\\Users\\\\PC\\\\Des...', Array)
#18 C:\\Users\\PC\\Desktop\\gestion-bibliotheque\\laravel-backend\\vendor\\laravel\\framework\\src\\Illuminate\\View\\Engines\\CompilerEngine.php(75): Illuminate\\View\\Engines\\PhpEngine->evaluatePath('C:\\\\Users\\\\PC\\\\Des...', Array)
#19 C:\\Users\\PC\\Desktop\\gestion-bibliotheque\\laravel-backend\\vendor\\laravel\\framework\\src\\Illuminate\\View\\View.php(209): Illuminate\\View\\Engines\\CompilerEngine->get('C:\\\\Users\\\\PC\\\\Des...', Array)
#20 C:\\Users\\PC\\Desktop\\gestion-bibliotheque\\laravel-backend\\vendor\\laravel\\framework\\src\\Illuminate\\View\\View.php(192): Illuminate\\View\\View->getContents()
#21 C:\\Users\\PC\\Desktop\\gestion-bibliotheque\\laravel-backend\\vendor\\laravel\\framework\\src\\Illuminate\\View\\View.php(161): Illuminate\\View\\View->renderContents()
#22 C:\\Users\\PC\\Desktop\\gestion-bibliotheque\\laravel-backend\\vendor\\laravel\\framework\\src\\Illuminate\\Http\\Response.php(79): Illuminate\\View\\View->render()
#23 C:\\Users\\PC\\Desktop\\gestion-bibliotheque\\laravel-backend\\vendor\\laravel\\framework\\src\\Illuminate\\Http\\Response.php(35): Illuminate\\Http\\Response->setContent(Object(Illuminate\\View\\View))
#24 C:\\Users\\PC\\Desktop\\gestion-bibliotheque\\laravel-backend\\vendor\\laravel\\framework\\src\\Illuminate\\Routing\\Router.php(920): Illuminate\\Http\\Response->__construct(Object(Illuminate\\View\\View), 200, Array)
#25 C:\\Users\\PC\\Desktop\\gestion-bibliotheque\\laravel-backend\\vendor\\laravel\\framework\\src\\Illuminate\\Routing\\Router.php(887): Illuminate\\Routing\\Router::toResponse(Object(Illuminate\\Http\\Request), Object(Illuminate\\View\\View))
#26 C:\\Users\\PC\\Desktop\\gestion-bibliotheque\\laravel-backend\\vendor\\laravel\\framework\\src\\Illuminate\\Routing\\Router.php(807): Illuminate\\Routing\\Router->prepareResponse(Object(Illuminate\\Http\\Request), Object(Illuminate\\View\\View))
#27 C:\\Users\\PC\\Desktop\\gestion-bibliotheque\\laravel-backend\\vendor\\laravel\\framework\\src\\Illuminate\\Pipeline\\Pipeline.php(170): Illuminate\\Routing\\Router->Illuminate\\Routing\\{closure}(Object(Illuminate\\Http\\Request))
#28 C:\\Users\\PC\\Desktop\\gestion-bibliotheque\\laravel-backend\\vendor\\laravel\\framework\\src\\Illuminate\\Routing\\Middleware\\SubstituteBindings.php(51): Illuminate\\Pipeline\\Pipeline->Illuminate\\Pipeline\\{closure}(Object(Illuminate\\Http\\Request))
#29 C:\\Users\\PC\\Desktop\\gestion-bibliotheque\\laravel-backend\\vendor\\laravel\\framework\\src\\Illuminate\\Pipeline\\Pipeline.php(209): Illuminate\\Routing\\Middleware\\SubstituteBindings->handle(Object(Illuminate\\Http\\Request), Object(Closure))
#30 C:\\Users\\PC\\Desktop\\gestion-bibliotheque\\laravel-backend\\vendor\\laravel\\framework\\src\\Illuminate\\Foundation\\Http\\Middleware\\VerifyCsrfToken.php(88): Illuminate\\Pipeline\\Pipeline->Illuminate\\Pipeline\\{closure}(Object(Illuminate\\Http\\Request))
#31 C:\\Users\\PC\\Desktop\\gestion-bibliotheque\\laravel-backend\\vendor\\laravel\\framework\\src\\Illuminate\\Pipeline\\Pipeline.php(209): Illuminate\\Foundation\\Http\\Middleware\\VerifyCsrfToken->handle(Object(Illuminate\\Http\\Request), Object(Closure))
#32 C:\\Users\\PC\\Desktop\\gestion-bibliotheque\\laravel-backend\\vendor\\laravel\\framework\\src\\Illuminate\\View\\Middleware\\ShareErrorsFromSession.php(49): Illuminate\\Pipeline\\Pipeline->Illuminate\\Pipeline\\{closure}(Object(Illuminate\\Http\\Request))
#33 C:\\Users\\PC\\Desktop\\gestion-bibliotheque\\laravel-backend\\vendor\\laravel\\framework\\src\\Illuminate\\Pipeline\\Pipeline.php(209): Illuminate\\View\\Middleware\\ShareErrorsFromSession->handle(Object(Illuminate\\Http\\Request), Object(Closure))
#34 C:\\Users\\PC\\Desktop\\gestion-bibliotheque\\laravel-backend\\vendor\\laravel\\framework\\src\\Illuminate\\Session\\Middleware\\StartSession.php(121): Illuminate\\Pipeline\\Pipeline->Illuminate\\Pipeline\\{closure}(Object(Illuminate\\Http\\Request))
#35 C:\\Users\\PC\\Desktop\\gestion-bibliotheque\\laravel-backend\\vendor\\laravel\\framework\\src\\Illuminate\\Session\\Middleware\\StartSession.php(64): Illuminate\\Session\\Middleware\\StartSession->handleStatefulRequest(Object(Illuminate\\Http\\Request), Object(Illuminate\\Session\\Store), Object(Closure))
#36 C:\\Users\\PC\\Desktop\\gestion-bibliotheque\\laravel-backend\\vendor\\laravel\\framework\\src\\Illuminate\\Pipeline\\Pipeline.php(209): Illuminate\\Session\\Middleware\\StartSession->handle(Object(Illuminate\\Http\\Request), Object(Closure))
#37 C:\\Users\\PC\\Desktop\\gestion-bibliotheque\\laravel-backend\\vendor\\laravel\\framework\\src\\Illuminate\\Cookie\\Middleware\\AddQueuedCookiesToResponse.php(37): Illuminate\\Pipeline\\Pipeline->Illuminate\\Pipeline\\{closure}(Object(Illuminate\\Http\\Request))
#38 C:\\Users\\PC\\Desktop\\gestion-bibliotheque\\laravel-backend\\vendor\\laravel\\framework\\src\\Illuminate\\Pipeline\\Pipeline.php(209): Illuminate\\Cookie\\Middleware\\AddQueuedCookiesToResponse->handle(Object(Illuminate\\Http\\Request), Object(Closure))
#39 C:\\Users\\PC\\Desktop\\gestion-bibliotheque\\laravel-backend\\vendor\\laravel\\framework\\src\\Illuminate\\Cookie\\Middleware\\EncryptCookies.php(75): Illuminate\\Pipeline\\Pipeline->Illuminate\\Pipeline\\{closure}(Object(Illuminate\\Http\\Request))
#40 C:\\Users\\PC\\Desktop\\gestion-bibliotheque\\laravel-backend\\vendor\\laravel\\framework\\src\\Illuminate\\Pipeline\\Pipeline.php(209): Illuminate\\Cookie\\Middleware\\EncryptCookies->handle(Object(Illuminate\\Http\\Request), Object(Closure))
#41 C:\\Users\\PC\\Desktop\\gestion-bibliotheque\\laravel-backend\\vendor\\laravel\\framework\\src\\Illuminate\\Pipeline\\Pipeline.php(127): Illuminate\\Pipeline\\Pipeline->Illuminate\\Pipeline\\{closure}(Object(Illuminate\\Http\\Request))
#42 C:\\Users\\PC\\Desktop\\gestion-bibliotheque\\laravel-backend\\vendor\\laravel\\framework\\src\\Illuminate\\Routing\\Router.php(807): Illuminate\\Pipeline\\Pipeline->then(Object(Closure))
#43 C:\\Users\\PC\\Desktop\\gestion-bibliotheque\\laravel-backend\\vendor\\laravel\\framework\\src\\Illuminate\\Routing\\Router.php(786): Illuminate\\Routing\\Router->runRouteWithinStack(Object(Illuminate\\Routing\\Route), Object(Illuminate\\Http\\Request))
#44 C:\\Users\\PC\\Desktop\\gestion-bibliotheque\\laravel-backend\\vendor\\laravel\\framework\\src\\Illuminate\\Routing\\Router.php(750): Illuminate\\Routing\\Router->runRoute(Object(Illuminate\\Http\\Request), Object(Illuminate\\Routing\\Route))
#45 C:\\Users\\PC\\Desktop\\gestion-bibliotheque\\laravel-backend\\vendor\\laravel\\framework\\src\\Illuminate\\Routing\\Router.php(739): Illuminate\\Routing\\Router->dispatchToRoute(Object(Illuminate\\Http\\Request))
#46 C:\\Users\\PC\\Desktop\\gestion-bibliotheque\\laravel-backend\\vendor\\laravel\\framework\\src\\Illuminate\\Foundation\\Http\\Kernel.php(201): Illuminate\\Routing\\Router->dispatch(Object(Illuminate\\Http\\Request))
#47 C:\\Users\\PC\\Desktop\\gestion-bibliotheque\\laravel-backend\\vendor\\laravel\\framework\\src\\Illuminate\\Pipeline\\Pipeline.php(170): Illuminate\\Foundation\\Http\\Kernel->Illuminate\\Foundation\\Http\\{closure}(Object(Illuminate\\Http\\Request))
#48 C:\\Users\\PC\\Desktop\\gestion-bibliotheque\\laravel-backend\\vendor\\laravel\\framework\\src\\Illuminate\\Foundation\\Http\\Middleware\\TransformsRequest.php(21): Illuminate\\Pipeline\\Pipeline->Illuminate\\Pipeline\\{closure}(Object(Illuminate\\Http\\Request))
#49 C:\\Users\\PC\\Desktop\\gestion-bibliotheque\\laravel-backend\\vendor\\laravel\\framework\\src\\Illuminate\\Foundation\\Http\\Middleware\\ConvertEmptyStringsToNull.php(31): Illuminate\\Foundation\\Http\\Middleware\\TransformsRequest->handle(Object(Illuminate\\Http\\Request), Object(Closure))
#50 C:\\Users\\PC\\Desktop\\gestion-bibliotheque\\laravel-backend\\vendor\\laravel\\framework\\src\\Illuminate\\Pipeline\\Pipeline.php(209): Illuminate\\Foundation\\Http\\Middleware\\ConvertEmptyStringsToNull->handle(Object(Illuminate\\Http\\Request), Object(Closure))
#51 C:\\Users\\PC\\Desktop\\gestion-bibliotheque\\laravel-backend\\vendor\\laravel\\framework\\src\\Illuminate\\Foundation\\Http\\Middleware\\TransformsRequest.php(21): Illuminate\\Pipeline\\Pipeline->Illuminate\\Pipeline\\{closure}(Object(Illuminate\\Http\\Request))
#52 C:\\Users\\PC\\Desktop\\gestion-bibliotheque\\laravel-backend\\vendor\\laravel\\framework\\src\\Illuminate\\Foundation\\Http\\Middleware\\TrimStrings.php(51): Illuminate\\Foundation\\Http\\Middleware\\TransformsRequest->handle(Object(Illuminate\\Http\\Request), Object(Closure))
#53 C:\\Users\\PC\\Desktop\\gestion-bibliotheque\\laravel-backend\\vendor\\laravel\\framework\\src\\Illuminate\\Pipeline\\Pipeline.php(209): Illuminate\\Foundation\\Http\\Middleware\\TrimStrings->handle(Object(Illuminate\\Http\\Request), Object(Closure))
#54 C:\\Users\\PC\\Desktop\\gestion-bibliotheque\\laravel-backend\\vendor\\laravel\\framework\\src\\Illuminate\\Http\\Middleware\\ValidatePostSize.php(27): Illuminate\\Pipeline\\Pipeline->Illuminate\\Pipeline\\{closure}(Object(Illuminate\\Http\\Request))
#55 C:\\Users\\PC\\Desktop\\gestion-bibliotheque\\laravel-backend\\vendor\\laravel\\framework\\src\\Illuminate\\Pipeline\\Pipeline.php(209): Illuminate\\Http\\Middleware\\ValidatePostSize->handle(Object(Illuminate\\Http\\Request), Object(Closure))
#56 C:\\Users\\PC\\Desktop\\gestion-bibliotheque\\laravel-backend\\vendor\\laravel\\framework\\src\\Illuminate\\Foundation\\Http\\Middleware\\PreventRequestsDuringMaintenance.php(110): Illuminate\\Pipeline\\Pipeline->Illuminate\\Pipeline\\{closure}(Object(Illuminate\\Http\\Request))
#57 C:\\Users\\PC\\Desktop\\gestion-bibliotheque\\laravel-backend\\vendor\\laravel\\framework\\src\\Illuminate\\Pipeline\\Pipeline.php(209): Illuminate\\Foundation\\Http\\Middleware\\PreventRequestsDuringMaintenance->handle(Object(Illuminate\\Http\\Request), Object(Closure))
#58 C:\\Users\\PC\\Desktop\\gestion-bibliotheque\\laravel-backend\\vendor\\laravel\\framework\\src\\Illuminate\\Http\\Middleware\\HandleCors.php(49): Illuminate\\Pipeline\\Pipeline->Illuminate\\Pipeline\\{closure}(Object(Illuminate\\Http\\Request))
#59 C:\\Users\\PC\\Desktop\\gestion-bibliotheque\\laravel-backend\\vendor\\laravel\\framework\\src\\Illuminate\\Pipeline\\Pipeline.php(209): Illuminate\\Http\\Middleware\\HandleCors->handle(Object(Illuminate\\Http\\Request), Object(Closure))
#60 C:\\Users\\PC\\Desktop\\gestion-bibliotheque\\laravel-backend\\vendor\\laravel\\framework\\src\\Illuminate\\Http\\Middleware\\TrustProxies.php(58): Illuminate\\Pipeline\\Pipeline->Illuminate\\Pipeline\\{closure}(Object(Illuminate\\Http\\Request))
#61 C:\\Users\\PC\\Desktop\\gestion-bibliotheque\\laravel-backend\\vendor\\laravel\\framework\\src\\Illuminate\\Pipeline\\Pipeline.php(209): Illuminate\\Http\\Middleware\\TrustProxies->handle(Object(Illuminate\\Http\\Request), Object(Closure))
#62 C:\\Users\\PC\\Desktop\\gestion-bibliotheque\\laravel-backend\\vendor\\laravel\\framework\\src\\Illuminate\\Foundation\\Http\\Middleware\\InvokeDeferredCallbacks.php(22): Illuminate\\Pipeline\\Pipeline->Illuminate\\Pipeline\\{closure}(Object(Illuminate\\Http\\Request))
#63 C:\\Users\\PC\\Desktop\\gestion-bibliotheque\\laravel-backend\\vendor\\laravel\\framework\\src\\Illuminate\\Pipeline\\Pipeline.php(209): Illuminate\\Foundation\\Http\\Middleware\\InvokeDeferredCallbacks->handle(Object(Illuminate\\Http\\Request), Object(Closure))
#64 C:\\Users\\PC\\Desktop\\gestion-bibliotheque\\laravel-backend\\vendor\\laravel\\framework\\src\\Illuminate\\Pipeline\\Pipeline.php(127): Illuminate\\Pipeline\\Pipeline->Illuminate\\Pipeline\\{closure}(Object(Illuminate\\Http\\Request))
#65 C:\\Users\\PC\\Desktop\\gestion-bibliotheque\\laravel-backend\\vendor\\laravel\\framework\\src\\Illuminate\\Foundation\\Http\\Kernel.php(176): Illuminate\\Pipeline\\Pipeline->then(Object(Closure))
#66 C:\\Users\\PC\\Desktop\\gestion-bibliotheque\\laravel-backend\\vendor\\laravel\\framework\\src\\Illuminate\\Foundation\\Http\\Kernel.php(145): Illuminate\\Foundation\\Http\\Kernel->sendRequestThroughRouter(Object(Illuminate\\Http\\Request))
#67 C:\\Users\\PC\\Desktop\\gestion-bibliotheque\\laravel-backend\\vendor\\laravel\\framework\\src\\Illuminate\\Foundation\\Application.php(1216): Illuminate\\Foundation\\Http\\Kernel->handle(Object(Illuminate\\Http\\Request))
#68 C:\\Users\\PC\\Desktop\\gestion-bibliotheque\\laravel-backend\\public\\index.php(17): Illuminate\\Foundation\\Application->handleRequest(Object(Illuminate\\Http\\Request))
#69 C:\\Users\\PC\\Desktop\\gestion-bibliotheque\\laravel-backend\\vendor\\laravel\\framework\\src\\Illuminate\\Foundation\\resources\\server.php(23): require_once('C:\\\\Users\\\\PC\\\\Des...')
#70 {main}

[previous exception] [object] (ErrorException(code: 0): Attempt to read property \"role\" on null at C:\\Users\\PC\\Desktop\\gestion-bibliotheque\\laravel-backend\\storage\\framework\\views\\617b2930a8e5af9b8c5990d526b04203.php:8)
[stacktrace]
#0 C:\\Users\\PC\\Desktop\\gestion-bibliotheque\\laravel-backend\\vendor\\laravel\\framework\\src\\Illuminate\\Foundation\\Bootstrap\\HandleExceptions.php(256): Illuminate\\Foundation\\Bootstrap\\HandleExceptions->handleError(2, 'Attempt to read...', 'C:\\\\Users\\\\PC\\\\Des...', 8)
#1 C:\\Users\\PC\\Desktop\\gestion-bibliotheque\\laravel-backend\\storage\\framework\\views\\617b2930a8e5af9b8c5990d526b04203.php(8): Illuminate\\Foundation\\Bootstrap\\HandleExceptions->Illuminate\\Foundation\\Bootstrap\\{closure}(2, 'Attempt to read...', 'C:\\\\Users\\\\PC\\\\Des...', 8)
#2 C:\\Users\\PC\\Desktop\\gestion-bibliotheque\\laravel-backend\\vendor\\laravel\\framework\\src\\Illuminate\\Filesystem\\Filesystem.php(123): require('C:\\\\Users\\\\PC\\\\Des...')
#3 C:\\Users\\PC\\Desktop\\gestion-bibliotheque\\laravel-backend\\vendor\\laravel\\framework\\src\\Illuminate\\Filesystem\\Filesystem.php(124): Illuminate\\Filesystem\\Filesystem::Illuminate\\Filesystem\\{closure}()
#4 C:\\Users\\PC\\Desktop\\gestion-bibliotheque\\laravel-backend\\vendor\\laravel\\framework\\src\\Illuminate\\View\\Engines\\PhpEngine.php(58): Illuminate\\Filesystem\\Filesystem->getRequire('C:\\\\Users\\\\PC\\\\Des...', Array)
#5 C:\\Users\\PC\\Desktop\\gestion-bibliotheque\\laravel-backend\\vendor\\laravel\\framework\\src\\Illuminate\\View\\Engines\\CompilerEngine.php(75): Illuminate\\View\\Engines\\PhpEngine->evaluatePath('C:\\\\Users\\\\PC\\\\Des...', Array)
#6 C:\\Users\\PC\\Desktop\\gestion-bibliotheque\\laravel-backend\\vendor\\laravel\\framework\\src\\Illuminate\\View\\View.php(209): Illuminate\\View\\Engines\\CompilerEngine->get('C:\\\\Users\\\\PC\\\\Des...', Array)
#7 C:\\Users\\PC\\Desktop\\gestion-bibliotheque\\laravel-backend\\vendor\\laravel\\framework\\src\\Illuminate\\View\\View.php(192): Illuminate\\View\\View->getContents()
#8 C:\\Users\\PC\\Desktop\\gestion-bibliotheque\\laravel-backend\\vendor\\laravel\\framework\\src\\Illuminate\\View\\View.php(161): Illuminate\\View\\View->renderContents()
#9 C:\\Users\\PC\\Desktop\\gestion-bibliotheque\\laravel-backend\\storage\\framework\\views\\0221793b5fc5f334ee883978d5e1f415.php(25): Illuminate\\View\\View->render()
#10 C:\\Users\\PC\\Desktop\\gestion-bibliotheque\\laravel-backend\\vendor\\laravel\\framework\\src\\Illuminate\\Filesystem\\Filesystem.php(123): require('C:\\\\Users\\\\PC\\\\Des...')
#11 C:\\Users\\PC\\Desktop\\gestion-bibliotheque\\laravel-backend\\vendor\\laravel\\framework\\src\\Illuminate\\Filesystem\\Filesystem.php(124): Illuminate\\Filesystem\\Filesystem::Illuminate\\Filesystem\\{closure}()
#12 C:\\Users\\PC\\Desktop\\gestion-bibliotheque\\laravel-backend\\vendor\\laravel\\framework\\src\\Illuminate\\View\\Engines\\PhpEngine.php(58): Illuminate\\Filesystem\\Filesystem->getRequire('C:\\\\Users\\\\PC\\\\Des...', Array)
#13 C:\\Users\\PC\\Desktop\\gestion-bibliotheque\\laravel-backend\\vendor\\laravel\\framework\\src\\Illuminate\\View\\Engines\\CompilerEngine.php(75): Illuminate\\View\\Engines\\PhpEngine->evaluatePath('C:\\\\Users\\\\PC\\\\Des...', Array)
#14 C:\\Users\\PC\\Desktop\\gestion-bibliotheque\\laravel-backend\\vendor\\laravel\\framework\\src\\Illuminate\\View\\View.php(209): Illuminate\\View\\Engines\\CompilerEngine->get('C:\\\\Users\\\\PC\\\\Des...', Array)
#15 C:\\Users\\PC\\Desktop\\gestion-bibliotheque\\laravel-backend\\vendor\\laravel\\framework\\src\\Illuminate\\View\\View.php(192): Illuminate\\View\\View->getContents()
#16 C:\\Users\\PC\\Desktop\\gestion-bibliotheque\\laravel-backend\\vendor\\laravel\\framework\\src\\Illuminate\\View\\View.php(161): Illuminate\\View\\View->renderContents()
#17 C:\\Users\\PC\\Desktop\\gestion-bibliotheque\\laravel-backend\\vendor\\laravel\\framework\\src\\Illuminate\\View\\Concerns\\ManagesComponents.php(99): Illuminate\\View\\View->render()
#18 C:\\Users\\PC\\Desktop\\gestion-bibliotheque\\laravel-backend\\storage\\framework\\views\\406238a1f4ec5449f69423aa678d669a.php(97): Illuminate\\View\\Factory->renderComponent()
#19 C:\\Users\\PC\\Desktop\\gestion-bibliotheque\\laravel-backend\\vendor\\laravel\\framework\\src\\Illuminate\\Filesystem\\Filesystem.php(123): require('C:\\\\Users\\\\PC\\\\Des...')
#20 C:\\Users\\PC\\Desktop\\gestion-bibliotheque\\laravel-backend\\vendor\\laravel\\framework\\src\\Illuminate\\Filesystem\\Filesystem.php(124): Illuminate\\Filesystem\\Filesystem::Illuminate\\Filesystem\\{closure}()
#21 C:\\Users\\PC\\Desktop\\gestion-bibliotheque\\laravel-backend\\vendor\\laravel\\framework\\src\\Illuminate\\View\\Engines\\PhpEngine.php(58): Illuminate\\Filesystem\\Filesystem->getRequire('C:\\\\Users\\\\PC\\\\Des...', Array)
#22 C:\\Users\\PC\\Desktop\\gestion-bibliotheque\\laravel-backend\\vendor\\laravel\\framework\\src\\Illuminate\\View\\Engines\\CompilerEngine.php(75): Illuminate\\View\\Engines\\PhpEngine->evaluatePath('C:\\\\Users\\\\PC\\\\Des...', Array)
#23 C:\\Users\\PC\\Desktop\\gestion-bibliotheque\\laravel-backend\\vendor\\laravel\\framework\\src\\Illuminate\\View\\View.php(209): Illuminate\\View\\Engines\\CompilerEngine->get('C:\\\\Users\\\\PC\\\\Des...', Array)
#24 C:\\Users\\PC\\Desktop\\gestion-bibliotheque\\laravel-backend\\vendor\\laravel\\framework\\src\\Illuminate\\View\\View.php(192): Illuminate\\View\\View->getContents()
#25 C:\\Users\\PC\\Desktop\\gestion-bibliotheque\\laravel-backend\\vendor\\laravel\\framework\\src\\Illuminate\\View\\View.php(161): Illuminate\\View\\View->renderContents()
#26 C:\\Users\\PC\\Desktop\\gestion-bibliotheque\\laravel-backend\\vendor\\laravel\\framework\\src\\Illuminate\\Http\\Response.php(79): Illuminate\\View\\View->render()
#27 C:\\Users\\PC\\Desktop\\gestion-bibliotheque\\laravel-backend\\vendor\\laravel\\framework\\src\\Illuminate\\Http\\Response.php(35): Illuminate\\Http\\Response->setContent(Object(Illuminate\\View\\View))
#28 C:\\Users\\PC\\Desktop\\gestion-bibliotheque\\laravel-backend\\vendor\\laravel\\framework\\src\\Illuminate\\Routing\\Router.php(920): Illuminate\\Http\\Response->__construct(Object(Illuminate\\View\\View), 200, Array)
#29 C:\\Users\\PC\\Desktop\\gestion-bibliotheque\\laravel-backend\\vendor\\laravel\\framework\\src\\Illuminate\\Routing\\Router.php(887): Illuminate\\Routing\\Router::toResponse(Object(Illuminate\\Http\\Request), Object(Illuminate\\View\\View))
#30 C:\\Users\\PC\\Desktop\\gestion-bibliotheque\\laravel-backend\\vendor\\laravel\\framework\\src\\Illuminate\\Routing\\Router.php(807): Illuminate\\Routing\\Router->prepareResponse(Object(Illuminate\\Http\\Request), Object(Illuminate\\View\\View))
#31 C:\\Users\\PC\\Desktop\\gestion-bibliotheque\\laravel-backend\\vendor\\laravel\\framework\\src\\Illuminate\\Pipeline\\Pipeline.php(170): Illuminate\\Routing\\Router->Illuminate\\Routing\\{closure}(Object(Illuminate\\Http\\Request))
#32 C:\\Users\\PC\\Desktop\\gestion-bibliotheque\\laravel-backend\\vendor\\laravel\\framework\\src\\Illuminate\\Routing\\Middleware\\SubstituteBindings.php(51): Illuminate\\Pipeline\\Pipeline->Illuminate\\Pipeline\\{closure}(Object(Illuminate\\Http\\Request))
#33 C:\\Users\\PC\\Desktop\\gestion-bibliotheque\\laravel-backend\\vendor\\laravel\\framework\\src\\Illuminate\\Pipeline\\Pipeline.php(209): Illuminate\\Routing\\Middleware\\SubstituteBindings->handle(Object(Illuminate\\Http\\Request), Object(Closure))
#34 C:\\Users\\PC\\Desktop\\gestion-bibliotheque\\laravel-backend\\vendor\\laravel\\framework\\src\\Illuminate\\Foundation\\Http\\Middleware\\VerifyCsrfToken.php(88): Illuminate\\Pipeline\\Pipeline->Illuminate\\Pipeline\\{closure}(Object(Illuminate\\Http\\Request))
#35 C:\\Users\\PC\\Desktop\\gestion-bibliotheque\\laravel-backend\\vendor\\laravel\\framework\\src\\Illuminate\\Pipeline\\Pipeline.php(209): Illuminate\\Foundation\\Http\\Middleware\\VerifyCsrfToken->handle(Object(Illuminate\\Http\\Request), Object(Closure))
#36 C:\\Users\\PC\\Desktop\\gestion-bibliotheque\\laravel-backend\\vendor\\laravel\\framework\\src\\Illuminate\\View\\Middleware\\ShareErrorsFromSession.php(49): Illuminate\\Pipeline\\Pipeline->Illuminate\\Pipeline\\{closure}(Object(Illuminate\\Http\\Request))
#37 C:\\Users\\PC\\Desktop\\gestion-bibliotheque\\laravel-backend\\vendor\\laravel\\framework\\src\\Illuminate\\Pipeline\\Pipeline.php(209): Illuminate\\View\\Middleware\\ShareErrorsFromSession->handle(Object(Illuminate\\Http\\Request), Object(Closure))
#38 C:\\Users\\PC\\Desktop\\gestion-bibliotheque\\laravel-backend\\vendor\\laravel\\framework\\src\\Illuminate\\Session\\Middleware\\StartSession.php(121): Illuminate\\Pipeline\\Pipeline->Illuminate\\Pipeline\\{closure}(Object(Illuminate\\Http\\Request))
#39 C:\\Users\\PC\\Desktop\\gestion-bibliotheque\\laravel-backend\\vendor\\laravel\\framework\\src\\Illuminate\\Session\\Middleware\\StartSession.php(64): Illuminate\\Session\\Middleware\\StartSession->handleStatefulRequest(Object(Illuminate\\Http\\Request), Object(Illuminate\\Session\\Store), Object(Closure))
#40 C:\\Users\\PC\\Desktop\\gestion-bibliotheque\\laravel-backend\\vendor\\laravel\\framework\\src\\Illuminate\\Pipeline\\Pipeline.php(209): Illuminate\\Session\\Middleware\\StartSession->handle(Object(Illuminate\\Http\\Request), Object(Closure))
#41 C:\\Users\\PC\\Desktop\\gestion-bibliotheque\\laravel-backend\\vendor\\laravel\\framework\\src\\Illuminate\\Cookie\\Middleware\\AddQueuedCookiesToResponse.php(37): Illuminate\\Pipeline\\Pipeline->Illuminate\\Pipeline\\{closure}(Object(Illuminate\\Http\\Request))
#42 C:\\Users\\PC\\Desktop\\gestion-bibliotheque\\laravel-backend\\vendor\\laravel\\framework\\src\\Illuminate\\Pipeline\\Pipeline.php(209): Illuminate\\Cookie\\Middleware\\AddQueuedCookiesToResponse->handle(Object(Illuminate\\Http\\Request), Object(Closure))
#43 C:\\Users\\PC\\Desktop\\gestion-bibliotheque\\laravel-backend\\vendor\\laravel\\framework\\src\\Illuminate\\Cookie\\Middleware\\EncryptCookies.php(75): Illuminate\\Pipeline\\Pipeline->Illuminate\\Pipeline\\{closure}(Object(Illuminate\\Http\\Request))
#44 C:\\Users\\PC\\Desktop\\gestion-bibliotheque\\laravel-backend\\vendor\\laravel\\framework\\src\\Illuminate\\Pipeline\\Pipeline.php(209): Illuminate\\Cookie\\Middleware\\EncryptCookies->handle(Object(Illuminate\\Http\\Request), Object(Closure))
#45 C:\\Users\\PC\\Desktop\\gestion-bibliotheque\\laravel-backend\\vendor\\laravel\\framework\\src\\Illuminate\\Pipeline\\Pipeline.php(127): Illuminate\\Pipeline\\Pipeline->Illuminate\\Pipeline\\{closure}(Object(Illuminate\\Http\\Request))
#46 C:\\Users\\PC\\Desktop\\gestion-bibliotheque\\laravel-backend\\vendor\\laravel\\framework\\src\\Illuminate\\Routing\\Router.php(807): Illuminate\\Pipeline\\Pipeline->then(Object(Closure))
#47 C:\\Users\\PC\\Desktop\\gestion-bibliotheque\\laravel-backend\\vendor\\laravel\\framework\\src\\Illuminate\\Routing\\Router.php(786): Illuminate\\Routing\\Router->runRouteWithinStack(Object(Illuminate\\Routing\\Route), Object(Illuminate\\Http\\Request))
#48 C:\\Users\\PC\\Desktop\\gestion-bibliotheque\\laravel-backend\\vendor\\laravel\\framework\\src\\Illuminate\\Routing\\Router.php(750): Illuminate\\Routing\\Router->runRoute(Object(Illuminate\\Http\\Request), Object(Illuminate\\Routing\\Route))
#49 C:\\Users\\PC\\Desktop\\gestion-bibliotheque\\laravel-backend\\vendor\\laravel\\framework\\src\\Illuminate\\Routing\\Router.php(739): Illuminate\\Routing\\Router->dispatchToRoute(Object(Illuminate\\Http\\Request))
#50 C:\\Users\\PC\\Desktop\\gestion-bibliotheque\\laravel-backend\\vendor\\laravel\\framework\\src\\Illuminate\\Foundation\\Http\\Kernel.php(201): Illuminate\\Routing\\Router->dispatch(Object(Illuminate\\Http\\Request))
#51 C:\\Users\\PC\\Desktop\\gestion-bibliotheque\\laravel-backend\\vendor\\laravel\\framework\\src\\Illuminate\\Pipeline\\Pipeline.php(170): Illuminate\\Foundation\\Http\\Kernel->Illuminate\\Foundation\\Http\\{closure}(Object(Illuminate\\Http\\Request))
#52 C:\\Users\\PC\\Desktop\\gestion-bibliotheque\\laravel-backend\\vendor\\laravel\\framework\\src\\Illuminate\\Foundation\\Http\\Middleware\\TransformsRequest.php(21): Illuminate\\Pipeline\\Pipeline->Illuminate\\Pipeline\\{closure}(Object(Illuminate\\Http\\Request))
#53 C:\\Users\\PC\\Desktop\\gestion-bibliotheque\\laravel-backend\\vendor\\laravel\\framework\\src\\Illuminate\\Foundation\\Http\\Middleware\\ConvertEmptyStringsToNull.php(31): Illuminate\\Foundation\\Http\\Middleware\\TransformsRequest->handle(Object(Illuminate\\Http\\Request), Object(Closure))
#54 C:\\Users\\PC\\Desktop\\gestion-bibliotheque\\laravel-backend\\vendor\\laravel\\framework\\src\\Illuminate\\Pipeline\\Pipeline.php(209): Illuminate\\Foundation\\Http\\Middleware\\ConvertEmptyStringsToNull->handle(Object(Illuminate\\Http\\Request), Object(Closure))
#55 C:\\Users\\PC\\Desktop\\gestion-bibliotheque\\laravel-backend\\vendor\\laravel\\framework\\src\\Illuminate\\Foundation\\Http\\Middleware\\TransformsRequest.php(21): Illuminate\\Pipeline\\Pipeline->Illuminate\\Pipeline\\{closure}(Object(Illuminate\\Http\\Request))
#56 C:\\Users\\PC\\Desktop\\gestion-bibliotheque\\laravel-backend\\vendor\\laravel\\framework\\src\\Illuminate\\Foundation\\Http\\Middleware\\TrimStrings.php(51): Illuminate\\Foundation\\Http\\Middleware\\TransformsRequest->handle(Object(Illuminate\\Http\\Request), Object(Closure))
#57 C:\\Users\\PC\\Desktop\\gestion-bibliotheque\\laravel-backend\\vendor\\laravel\\framework\\src\\Illuminate\\Pipeline\\Pipeline.php(209): Illuminate\\Foundation\\Http\\Middleware\\TrimStrings->handle(Object(Illuminate\\Http\\Request), Object(Closure))
#58 C:\\Users\\PC\\Desktop\\gestion-bibliotheque\\laravel-backend\\vendor\\laravel\\framework\\src\\Illuminate\\Http\\Middleware\\ValidatePostSize.php(27): Illuminate\\Pipeline\\Pipeline->Illuminate\\Pipeline\\{closure}(Object(Illuminate\\Http\\Request))
#59 C:\\Users\\PC\\Desktop\\gestion-bibliotheque\\laravel-backend\\vendor\\laravel\\framework\\src\\Illuminate\\Pipeline\\Pipeline.php(209): Illuminate\\Http\\Middleware\\ValidatePostSize->handle(Object(Illuminate\\Http\\Request), Object(Closure))
#60 C:\\Users\\PC\\Desktop\\gestion-bibliotheque\\laravel-backend\\vendor\\laravel\\framework\\src\\Illuminate\\Foundation\\Http\\Middleware\\PreventRequestsDuringMaintenance.php(110): Illuminate\\Pipeline\\Pipeline->Illuminate\\Pipeline\\{closure}(Object(Illuminate\\Http\\Request))
#61 C:\\Users\\PC\\Desktop\\gestion-bibliotheque\\laravel-backend\\vendor\\laravel\\framework\\src\\Illuminate\\Pipeline\\Pipeline.php(209): Illuminate\\Foundation\\Http\\Middleware\\PreventRequestsDuringMaintenance->handle(Object(Illuminate\\Http\\Request), Object(Closure))
#62 C:\\Users\\PC\\Desktop\\gestion-bibliotheque\\laravel-backend\\vendor\\laravel\\framework\\src\\Illuminate\\Http\\Middleware\\HandleCors.php(49): Illuminate\\Pipeline\\Pipeline->Illuminate\\Pipeline\\{closure}(Object(Illuminate\\Http\\Request))
#63 C:\\Users\\PC\\Desktop\\gestion-bibliotheque\\laravel-backend\\vendor\\laravel\\framework\\src\\Illuminate\\Pipeline\\Pipeline.php(209): Illuminate\\Http\\Middleware\\HandleCors->handle(Object(Illuminate\\Http\\Request), Object(Closure))
#64 C:\\Users\\PC\\Desktop\\gestion-bibliotheque\\laravel-backend\\vendor\\laravel\\framework\\src\\Illuminate\\Http\\Middleware\\TrustProxies.php(58): Illuminate\\Pipeline\\Pipeline->Illuminate\\Pipeline\\{closure}(Object(Illuminate\\Http\\Request))
#65 C:\\Users\\PC\\Desktop\\gestion-bibliotheque\\laravel-backend\\vendor\\laravel\\framework\\src\\Illuminate\\Pipeline\\Pipeline.php(209): Illuminate\\Http\\Middleware\\TrustProxies->handle(Object(Illuminate\\Http\\Request), Object(Closure))
#66 C:\\Users\\PC\\Desktop\\gestion-bibliotheque\\laravel-backend\\vendor\\laravel\\framework\\src\\Illuminate\\Foundation\\Http\\Middleware\\InvokeDeferredCallbacks.php(22): Illuminate\\Pipeline\\Pipeline->Illuminate\\Pipeline\\{closure}(Object(Illuminate\\Http\\Request))
#67 C:\\Users\\PC\\Desktop\\gestion-bibliotheque\\laravel-backend\\vendor\\laravel\\framework\\src\\Illuminate\\Pipeline\\Pipeline.php(209): Illuminate\\Foundation\\Http\\Middleware\\InvokeDeferredCallbacks->handle(Object(Illuminate\\Http\\Request), Object(Closure))
#68 C:\\Users\\PC\\Desktop\\gestion-bibliotheque\\laravel-backend\\vendor\\laravel\\framework\\src\\Illuminate\\Pipeline\\Pipeline.php(127): Illuminate\\Pipeline\\Pipeline->Illuminate\\Pipeline\\{closure}(Object(Illuminate\\Http\\Request))
#69 C:\\Users\\PC\\Desktop\\gestion-bibliotheque\\laravel-backend\\vendor\\laravel\\framework\\src\\Illuminate\\Foundation\\Http\\Kernel.php(176): Illuminate\\Pipeline\\Pipeline->then(Object(Closure))
#70 C:\\Users\\PC\\Desktop\\gestion-bibliotheque\\laravel-backend\\vendor\\laravel\\framework\\src\\Illuminate\\Foundation\\Http\\Kernel.php(145): Illuminate\\Foundation\\Http\\Kernel->sendRequestThroughRouter(Object(Illuminate\\Http\\Request))
#71 C:\\Users\\PC\\Desktop\\gestion-bibliotheque\\laravel-backend\\vendor\\laravel\\framework\\src\\Illuminate\\Foundation\\Application.php(1216): Illuminate\\Foundation\\Http\\Kernel->handle(Object(Illuminate\\Http\\Request))
#72 C:\\Users\\PC\\Desktop\\gestion-bibliotheque\\laravel-backend\\public\\index.php(17): Illuminate\\Foundation\\Application->handleRequest(Object(Illuminate\\Http\\Request))
#73 C:\\Users\\PC\\Desktop\\gestion-bibliotheque\\laravel-backend\\vendor\\laravel\\framework\\src\\Illuminate\\Foundation\\resources\\server.php(23): require_once('C:\\\\Users\\\\PC\\\\Des...')
#74 {main}
"} 
[2025-03-22 11:13:48] local.ERROR: SQLSTATE[42S02]: Base table or view not found: 1146 La table 'biblio_bit.loans_history' n'existe pas (Connection: mysql, SQL: select count(*) as aggregate from `loans_history`) {"userId":4,"exception":"[object] (Illuminate\\Database\\QueryException(code: 42S02): SQLSTATE[42S02]: Base table or view not found: 1146 La table 'biblio_bit.loans_history' n'existe pas (Connection: mysql, SQL: select count(*) as aggregate from `loans_history`) at C:\\Users\\HP\\Documents\\GitHub\\gestion-bibliotheque\\laravel-backend\\vendor\\laravel\\framework\\src\\Illuminate\\Database\\Connection.php:825)
[stacktrace]
#0 C:\\Users\\HP\\Documents\\GitHub\\gestion-bibliotheque\\laravel-backend\\vendor\\laravel\\framework\\src\\Illuminate\\Database\\Connection.php(779): Illuminate\\Database\\Connection->runQueryCallback()
#1 C:\\Users\\HP\\Documents\\GitHub\\gestion-bibliotheque\\laravel-backend\\vendor\\laravel\\framework\\src\\Illuminate\\Database\\Connection.php(398): Illuminate\\Database\\Connection->run()
#2 C:\\Users\\HP\\Documents\\GitHub\\gestion-bibliotheque\\laravel-backend\\vendor\\laravel\\framework\\src\\Illuminate\\Database\\Query\\Builder.php(3133): Illuminate\\Database\\Connection->select()
#3 C:\\Users\\HP\\Documents\\GitHub\\gestion-bibliotheque\\laravel-backend\\vendor\\laravel\\framework\\src\\Illuminate\\Database\\Query\\Builder.php(3118): Illuminate\\Database\\Query\\Builder->runSelect()
#4 C:\\Users\\HP\\Documents\\GitHub\\gestion-bibliotheque\\laravel-backend\\vendor\\laravel\\framework\\src\\Illuminate\\Database\\Query\\Builder.php(3706): Illuminate\\Database\\Query\\Builder->Illuminate\\Database\\Query\\{closure}()
#5 C:\\Users\\HP\\Documents\\GitHub\\gestion-bibliotheque\\laravel-backend\\vendor\\laravel\\framework\\src\\Illuminate\\Database\\Query\\Builder.php(3117): Illuminate\\Database\\Query\\Builder->onceWithColumns()
#6 C:\\Users\\HP\\Documents\\GitHub\\gestion-bibliotheque\\laravel-backend\\vendor\\laravel\\framework\\src\\Illuminate\\Database\\Query\\Builder.php(3312): Illuminate\\Database\\Query\\Builder->get()
#7 C:\\Users\\HP\\Documents\\GitHub\\gestion-bibliotheque\\laravel-backend\\vendor\\laravel\\framework\\src\\Illuminate\\Database\\Query\\Builder.php(3271): Illuminate\\Database\\Query\\Builder->runPaginationCountQuery()
#8 C:\\Users\\HP\\Documents\\GitHub\\gestion-bibliotheque\\laravel-backend\\vendor\\laravel\\framework\\src\\Illuminate\\Database\\Eloquent\\Builder.php(1005): Illuminate\\Database\\Query\\Builder->getCountForPagination()
#9 C:\\Users\\HP\\Documents\\GitHub\\gestion-bibliotheque\\laravel-backend\\app\\Http\\Controllers\\LoansController.php(181): Illuminate\\Database\\Eloquent\\Builder->paginate()
#10 C:\\Users\\HP\\Documents\\GitHub\\gestion-bibliotheque\\laravel-backend\\vendor\\laravel\\framework\\src\\Illuminate\\Routing\\ControllerDispatcher.php(47): App\\Http\\Controllers\\LoansController->history()
#11 C:\\Users\\HP\\Documents\\GitHub\\gestion-bibliotheque\\laravel-backend\\vendor\\laravel\\framework\\src\\Illuminate\\Routing\\Route.php(266): Illuminate\\Routing\\ControllerDispatcher->dispatch()
#12 C:\\Users\\HP\\Documents\\GitHub\\gestion-bibliotheque\\laravel-backend\\vendor\\laravel\\framework\\src\\Illuminate\\Routing\\Route.php(212): Illuminate\\Routing\\Route->runController()
#13 C:\\Users\\HP\\Documents\\GitHub\\gestion-bibliotheque\\laravel-backend\\vendor\\laravel\\framework\\src\\Illuminate\\Routing\\Router.php(808): Illuminate\\Routing\\Route->run()
#14 C:\\Users\\HP\\Documents\\GitHub\\gestion-bibliotheque\\laravel-backend\\vendor\\laravel\\framework\\src\\Illuminate\\Pipeline\\Pipeline.php(170): Illuminate\\Routing\\Router->Illuminate\\Routing\\{closure}()
#15 C:\\Users\\HP\\Documents\\GitHub\\gestion-bibliotheque\\laravel-backend\\vendor\\laravel\\framework\\src\\Illuminate\\Routing\\Middleware\\SubstituteBindings.php(51): Illuminate\\Pipeline\\Pipeline->Illuminate\\Pipeline\\{closure}()
#16 C:\\Users\\HP\\Documents\\GitHub\\gestion-bibliotheque\\laravel-backend\\vendor\\laravel\\framework\\src\\Illuminate\\Pipeline\\Pipeline.php(209): Illuminate\\Routing\\Middleware\\SubstituteBindings->handle()
#17 C:\\Users\\HP\\Documents\\GitHub\\gestion-bibliotheque\\laravel-backend\\vendor\\laravel\\framework\\src\\Illuminate\\Auth\\Middleware\\Authenticate.php(64): Illuminate\\Pipeline\\Pipeline->Illuminate\\Pipeline\\{closure}()
#18 C:\\Users\\HP\\Documents\\GitHub\\gestion-bibliotheque\\laravel-backend\\vendor\\laravel\\framework\\src\\Illuminate\\Pipeline\\Pipeline.php(209): Illuminate\\Auth\\Middleware\\Authenticate->handle()
#19 C:\\Users\\HP\\Documents\\GitHub\\gestion-bibliotheque\\laravel-backend\\vendor\\laravel\\framework\\src\\Illuminate\\Foundation\\Http\\Middleware\\VerifyCsrfToken.php(88): Illuminate\\Pipeline\\Pipeline->Illuminate\\Pipeline\\{closure}()
#20 C:\\Users\\HP\\Documents\\GitHub\\gestion-bibliotheque\\laravel-backend\\vendor\\laravel\\framework\\src\\Illuminate\\Pipeline\\Pipeline.php(209): Illuminate\\Foundation\\Http\\Middleware\\VerifyCsrfToken->handle()
#21 C:\\Users\\HP\\Documents\\GitHub\\gestion-bibliotheque\\laravel-backend\\vendor\\laravel\\framework\\src\\Illuminate\\View\\Middleware\\ShareErrorsFromSession.php(49): Illuminate\\Pipeline\\Pipeline->Illuminate\\Pipeline\\{closure}()
#22 C:\\Users\\HP\\Documents\\GitHub\\gestion-bibliotheque\\laravel-backend\\vendor\\laravel\\framework\\src\\Illuminate\\Pipeline\\Pipeline.php(209): Illuminate\\View\\Middleware\\ShareErrorsFromSession->handle()
#23 C:\\Users\\HP\\Documents\\GitHub\\gestion-bibliotheque\\laravel-backend\\vendor\\laravel\\framework\\src\\Illuminate\\Session\\Middleware\\StartSession.php(121): Illuminate\\Pipeline\\Pipeline->Illuminate\\Pipeline\\{closure}()
#24 C:\\Users\\HP\\Documents\\GitHub\\gestion-bibliotheque\\laravel-backend\\vendor\\laravel\\framework\\src\\Illuminate\\Session\\Middleware\\StartSession.php(64): Illuminate\\Session\\Middleware\\StartSession->handleStatefulRequest()
#25 C:\\Users\\HP\\Documents\\GitHub\\gestion-bibliotheque\\laravel-backend\\vendor\\laravel\\framework\\src\\Illuminate\\Pipeline\\Pipeline.php(209): Illuminate\\Session\\Middleware\\StartSession->handle()
#26 C:\\Users\\HP\\Documents\\GitHub\\gestion-bibliotheque\\laravel-backend\\vendor\\laravel\\framework\\src\\Illuminate\\Cookie\\Middleware\\AddQueuedCookiesToResponse.php(37): Illuminate\\Pipeline\\Pipeline->Illuminate\\Pipeline\\{closure}()
#27 C:\\Users\\HP\\Documents\\GitHub\\gestion-bibliotheque\\laravel-backend\\vendor\\laravel\\framework\\src\\Illuminate\\Pipeline\\Pipeline.php(209): Illuminate\\Cookie\\Middleware\\AddQueuedCookiesToResponse->handle()
#28 C:\\Users\\HP\\Documents\\GitHub\\gestion-bibliotheque\\laravel-backend\\vendor\\laravel\\framework\\src\\Illuminate\\Cookie\\Middleware\\EncryptCookies.php(75): Illuminate\\Pipeline\\Pipeline->Illuminate\\Pipeline\\{closure}()
#29 C:\\Users\\HP\\Documents\\GitHub\\gestion-bibliotheque\\laravel-backend\\vendor\\laravel\\framework\\src\\Illuminate\\Pipeline\\Pipeline.php(209): Illuminate\\Cookie\\Middleware\\EncryptCookies->handle()
#30 C:\\Users\\HP\\Documents\\GitHub\\gestion-bibliotheque\\laravel-backend\\vendor\\laravel\\framework\\src\\Illuminate\\Pipeline\\Pipeline.php(127): Illuminate\\Pipeline\\Pipeline->Illuminate\\Pipeline\\{closure}()
#31 C:\\Users\\HP\\Documents\\GitHub\\gestion-bibliotheque\\laravel-backend\\vendor\\laravel\\framework\\src\\Illuminate\\Routing\\Router.php(807): Illuminate\\Pipeline\\Pipeline->then()
#32 C:\\Users\\HP\\Documents\\GitHub\\gestion-bibliotheque\\laravel-backend\\vendor\\laravel\\framework\\src\\Illuminate\\Routing\\Router.php(786): Illuminate\\Routing\\Router->runRouteWithinStack()
#33 C:\\Users\\HP\\Documents\\GitHub\\gestion-bibliotheque\\laravel-backend\\vendor\\laravel\\framework\\src\\Illuminate\\Routing\\Router.php(750): Illuminate\\Routing\\Router->runRoute()
#34 C:\\Users\\HP\\Documents\\GitHub\\gestion-bibliotheque\\laravel-backend\\vendor\\laravel\\framework\\src\\Illuminate\\Routing\\Router.php(739): Illuminate\\Routing\\Router->dispatchToRoute()
#35 C:\\Users\\HP\\Documents\\GitHub\\gestion-bibliotheque\\laravel-backend\\vendor\\laravel\\framework\\src\\Illuminate\\Foundation\\Http\\Kernel.php(201): Illuminate\\Routing\\Router->dispatch()
#36 C:\\Users\\HP\\Documents\\GitHub\\gestion-bibliotheque\\laravel-backend\\vendor\\laravel\\framework\\src\\Illuminate\\Pipeline\\Pipeline.php(170): Illuminate\\Foundation\\Http\\Kernel->Illuminate\\Foundation\\Http\\{closure}()
#37 C:\\Users\\HP\\Documents\\GitHub\\gestion-bibliotheque\\laravel-backend\\vendor\\laravel\\framework\\src\\Illuminate\\Foundation\\Http\\Middleware\\TransformsRequest.php(21): Illuminate\\Pipeline\\Pipeline->Illuminate\\Pipeline\\{closure}()
#38 C:\\Users\\HP\\Documents\\GitHub\\gestion-bibliotheque\\laravel-backend\\vendor\\laravel\\framework\\src\\Illuminate\\Foundation\\Http\\Middleware\\ConvertEmptyStringsToNull.php(31): Illuminate\\Foundation\\Http\\Middleware\\TransformsRequest->handle()
#39 C:\\Users\\HP\\Documents\\GitHub\\gestion-bibliotheque\\laravel-backend\\vendor\\laravel\\framework\\src\\Illuminate\\Pipeline\\Pipeline.php(209): Illuminate\\Foundation\\Http\\Middleware\\ConvertEmptyStringsToNull->handle()
#40 C:\\Users\\HP\\Documents\\GitHub\\gestion-bibliotheque\\laravel-backend\\vendor\\laravel\\framework\\src\\Illuminate\\Foundation\\Http\\Middleware\\TransformsRequest.php(21): Illuminate\\Pipeline\\Pipeline->Illuminate\\Pipeline\\{closure}()
#41 C:\\Users\\HP\\Documents\\GitHub\\gestion-bibliotheque\\laravel-backend\\vendor\\laravel\\framework\\src\\Illuminate\\Foundation\\Http\\Middleware\\TrimStrings.php(51): Illuminate\\Foundation\\Http\\Middleware\\TransformsRequest->handle()
#42 C:\\Users\\HP\\Documents\\GitHub\\gestion-bibliotheque\\laravel-backend\\vendor\\laravel\\framework\\src\\Illuminate\\Pipeline\\Pipeline.php(209): Illuminate\\Foundation\\Http\\Middleware\\TrimStrings->handle()
#43 C:\\Users\\HP\\Documents\\GitHub\\gestion-bibliotheque\\laravel-backend\\vendor\\laravel\\framework\\src\\Illuminate\\Http\\Middleware\\ValidatePostSize.php(27): Illuminate\\Pipeline\\Pipeline->Illuminate\\Pipeline\\{closure}()
#44 C:\\Users\\HP\\Documents\\GitHub\\gestion-bibliotheque\\laravel-backend\\vendor\\laravel\\framework\\src\\Illuminate\\Pipeline\\Pipeline.php(209): Illuminate\\Http\\Middleware\\ValidatePostSize->handle()
#45 C:\\Users\\HP\\Documents\\GitHub\\gestion-bibliotheque\\laravel-backend\\vendor\\laravel\\framework\\src\\Illuminate\\Foundation\\Http\\Middleware\\PreventRequestsDuringMaintenance.php(110): Illuminate\\Pipeline\\Pipeline->Illuminate\\Pipeline\\{closure}()
#46 C:\\Users\\HP\\Documents\\GitHub\\gestion-bibliotheque\\laravel-backend\\vendor\\laravel\\framework\\src\\Illuminate\\Pipeline\\Pipeline.php(209): Illuminate\\Foundation\\Http\\Middleware\\PreventRequestsDuringMaintenance->handle()
#47 C:\\Users\\HP\\Documents\\GitHub\\gestion-bibliotheque\\laravel-backend\\vendor\\laravel\\framework\\src\\Illuminate\\Http\\Middleware\\HandleCors.php(49): Illuminate\\Pipeline\\Pipeline->Illuminate\\Pipeline\\{closure}()
#48 C:\\Users\\HP\\Documents\\GitHub\\gestion-bibliotheque\\laravel-backend\\vendor\\laravel\\framework\\src\\Illuminate\\Pipeline\\Pipeline.php(209): Illuminate\\Http\\Middleware\\HandleCors->handle()
#49 C:\\Users\\HP\\Documents\\GitHub\\gestion-bibliotheque\\laravel-backend\\vendor\\laravel\\framework\\src\\Illuminate\\Http\\Middleware\\TrustProxies.php(58): Illuminate\\Pipeline\\Pipeline->Illuminate\\Pipeline\\{closure}()
#50 C:\\Users\\HP\\Documents\\GitHub\\gestion-bibliotheque\\laravel-backend\\vendor\\laravel\\framework\\src\\Illuminate\\Pipeline\\Pipeline.php(209): Illuminate\\Http\\Middleware\\TrustProxies->handle()
#51 C:\\Users\\HP\\Documents\\GitHub\\gestion-bibliotheque\\laravel-backend\\vendor\\laravel\\framework\\src\\Illuminate\\Foundation\\Http\\Middleware\\InvokeDeferredCallbacks.php(22): Illuminate\\Pipeline\\Pipeline->Illuminate\\Pipeline\\{closure}()
#52 C:\\Users\\HP\\Documents\\GitHub\\gestion-bibliotheque\\laravel-backend\\vendor\\laravel\\framework\\src\\Illuminate\\Pipeline\\Pipeline.php(209): Illuminate\\Foundation\\Http\\Middleware\\InvokeDeferredCallbacks->handle()
#53 C:\\Users\\HP\\Documents\\GitHub\\gestion-bibliotheque\\laravel-backend\\vendor\\laravel\\framework\\src\\Illuminate\\Pipeline\\Pipeline.php(127): Illuminate\\Pipeline\\Pipeline->Illuminate\\Pipeline\\{closure}()
#54 C:\\Users\\HP\\Documents\\GitHub\\gestion-bibliotheque\\laravel-backend\\vendor\\laravel\\framework\\src\\Illuminate\\Foundation\\Http\\Kernel.php(176): Illuminate\\Pipeline\\Pipeline->then()
#55 C:\\Users\\HP\\Documents\\GitHub\\gestion-bibliotheque\\laravel-backend\\vendor\\laravel\\framework\\src\\Illuminate\\Foundation\\Http\\Kernel.php(145): Illuminate\\Foundation\\Http\\Kernel->sendRequestThroughRouter()
#56 C:\\Users\\HP\\Documents\\GitHub\\gestion-bibliotheque\\laravel-backend\\vendor\\laravel\\framework\\src\\Illuminate\\Foundation\\Application.php(1216): Illuminate\\Foundation\\Http\\Kernel->handle()
#57 C:\\Users\\HP\\Documents\\GitHub\\gestion-bibliotheque\\laravel-backend\\public\\index.php(17): Illuminate\\Foundation\\Application->handleRequest()
#58 C:\\Users\\HP\\Documents\\GitHub\\gestion-bibliotheque\\laravel-backend\\vendor\\laravel\\framework\\src\\Illuminate\\Foundation\\resources\\server.php(23): require_once('...')
#59 {main}

[previous exception] [object] (PDOException(code: 42S02): SQLSTATE[42S02]: Base table or view not found: 1146 La table 'biblio_bit.loans_history' n'existe pas at C:\\Users\\HP\\Documents\\GitHub\\gestion-bibliotheque\\laravel-backend\\vendor\\laravel\\framework\\src\\Illuminate\\Database\\Connection.php:407)
[stacktrace]
#0 C:\\Users\\HP\\Documents\\GitHub\\gestion-bibliotheque\\laravel-backend\\vendor\\laravel\\framework\\src\\Illuminate\\Database\\Connection.php(407): PDO->prepare()
#1 C:\\Users\\HP\\Documents\\GitHub\\gestion-bibliotheque\\laravel-backend\\vendor\\laravel\\framework\\src\\Illuminate\\Database\\Connection.php(812): Illuminate\\Database\\Connection->Illuminate\\Database\\{closure}()
#2 C:\\Users\\HP\\Documents\\GitHub\\gestion-bibliotheque\\laravel-backend\\vendor\\laravel\\framework\\src\\Illuminate\\Database\\Connection.php(779): Illuminate\\Database\\Connection->runQueryCallback()
#3 C:\\Users\\HP\\Documents\\GitHub\\gestion-bibliotheque\\laravel-backend\\vendor\\laravel\\framework\\src\\Illuminate\\Database\\Connection.php(398): Illuminate\\Database\\Connection->run()
#4 C:\\Users\\HP\\Documents\\GitHub\\gestion-bibliotheque\\laravel-backend\\vendor\\laravel\\framework\\src\\Illuminate\\Database\\Query\\Builder.php(3133): Illuminate\\Database\\Connection->select()
#5 C:\\Users\\HP\\Documents\\GitHub\\gestion-bibliotheque\\laravel-backend\\vendor\\laravel\\framework\\src\\Illuminate\\Database\\Query\\Builder.php(3118): Illuminate\\Database\\Query\\Builder->runSelect()
#6 C:\\Users\\HP\\Documents\\GitHub\\gestion-bibliotheque\\laravel-backend\\vendor\\laravel\\framework\\src\\Illuminate\\Database\\Query\\Builder.php(3706): Illuminate\\Database\\Query\\Builder->Illuminate\\Database\\Query\\{closure}()
#7 C:\\Users\\HP\\Documents\\GitHub\\gestion-bibliotheque\\laravel-backend\\vendor\\laravel\\framework\\src\\Illuminate\\Database\\Query\\Builder.php(3117): Illuminate\\Database\\Query\\Builder->onceWithColumns()
#8 C:\\Users\\HP\\Documents\\GitHub\\gestion-bibliotheque\\laravel-backend\\vendor\\laravel\\framework\\src\\Illuminate\\Database\\Query\\Builder.php(3312): Illuminate\\Database\\Query\\Builder->get()
#9 C:\\Users\\HP\\Documents\\GitHub\\gestion-bibliotheque\\laravel-backend\\vendor\\laravel\\framework\\src\\Illuminate\\Database\\Query\\Builder.php(3271): Illuminate\\Database\\Query\\Builder->runPaginationCountQuery()
#10 C:\\Users\\HP\\Documents\\GitHub\\gestion-bibliotheque\\laravel-backend\\vendor\\laravel\\framework\\src\\Illuminate\\Database\\Eloquent\\Builder.php(1005): Illuminate\\Database\\Query\\Builder->getCountForPagination()
#11 C:\\Users\\HP\\Documents\\GitHub\\gestion-bibliotheque\\laravel-backend\\app\\Http\\Controllers\\LoansController.php(181): Illuminate\\Database\\Eloquent\\Builder->paginate()
#12 C:\\Users\\HP\\Documents\\GitHub\\gestion-bibliotheque\\laravel-backend\\vendor\\laravel\\framework\\src\\Illuminate\\Routing\\ControllerDispatcher.php(47): App\\Http\\Controllers\\LoansController->history()
#13 C:\\Users\\HP\\Documents\\GitHub\\gestion-bibliotheque\\laravel-backend\\vendor\\laravel\\framework\\src\\Illuminate\\Routing\\Route.php(266): Illuminate\\Routing\\ControllerDispatcher->dispatch()
#14 C:\\Users\\HP\\Documents\\GitHub\\gestion-bibliotheque\\laravel-backend\\vendor\\laravel\\framework\\src\\Illuminate\\Routing\\Route.php(212): Illuminate\\Routing\\Route->runController()
#15 C:\\Users\\HP\\Documents\\GitHub\\gestion-bibliotheque\\laravel-backend\\vendor\\laravel\\framework\\src\\Illuminate\\Routing\\Router.php(808): Illuminate\\Routing\\Route->run()
#16 C:\\Users\\HP\\Documents\\GitHub\\gestion-bibliotheque\\laravel-backend\\vendor\\laravel\\framework\\src\\Illuminate\\Pipeline\\Pipeline.php(170): Illuminate\\Routing\\Router->Illuminate\\Routing\\{closure}()
#17 C:\\Users\\HP\\Documents\\GitHub\\gestion-bibliotheque\\laravel-backend\\vendor\\laravel\\framework\\src\\Illuminate\\Routing\\Middleware\\SubstituteBindings.php(51): Illuminate\\Pipeline\\Pipeline->Illuminate\\Pipeline\\{closure}()
#18 C:\\Users\\HP\\Documents\\GitHub\\gestion-bibliotheque\\laravel-backend\\vendor\\laravel\\framework\\src\\Illuminate\\Pipeline\\Pipeline.php(209): Illuminate\\Routing\\Middleware\\SubstituteBindings->handle()
#19 C:\\Users\\HP\\Documents\\GitHub\\gestion-bibliotheque\\laravel-backend\\vendor\\laravel\\framework\\src\\Illuminate\\Auth\\Middleware\\Authenticate.php(64): Illuminate\\Pipeline\\Pipeline->Illuminate\\Pipeline\\{closure}()
#20 C:\\Users\\HP\\Documents\\GitHub\\gestion-bibliotheque\\laravel-backend\\vendor\\laravel\\framework\\src\\Illuminate\\Pipeline\\Pipeline.php(209): Illuminate\\Auth\\Middleware\\Authenticate->handle()
#21 C:\\Users\\HP\\Documents\\GitHub\\gestion-bibliotheque\\laravel-backend\\vendor\\laravel\\framework\\src\\Illuminate\\Foundation\\Http\\Middleware\\VerifyCsrfToken.php(88): Illuminate\\Pipeline\\Pipeline->Illuminate\\Pipeline\\{closure}()
#22 C:\\Users\\HP\\Documents\\GitHub\\gestion-bibliotheque\\laravel-backend\\vendor\\laravel\\framework\\src\\Illuminate\\Pipeline\\Pipeline.php(209): Illuminate\\Foundation\\Http\\Middleware\\VerifyCsrfToken->handle()
#23 C:\\Users\\HP\\Documents\\GitHub\\gestion-bibliotheque\\laravel-backend\\vendor\\laravel\\framework\\src\\Illuminate\\View\\Middleware\\ShareErrorsFromSession.php(49): Illuminate\\Pipeline\\Pipeline->Illuminate\\Pipeline\\{closure}()
#24 C:\\Users\\HP\\Documents\\GitHub\\gestion-bibliotheque\\laravel-backend\\vendor\\laravel\\framework\\src\\Illuminate\\Pipeline\\Pipeline.php(209): Illuminate\\View\\Middleware\\ShareErrorsFromSession->handle()
#25 C:\\Users\\HP\\Documents\\GitHub\\gestion-bibliotheque\\laravel-backend\\vendor\\laravel\\framework\\src\\Illuminate\\Session\\Middleware\\StartSession.php(121): Illuminate\\Pipeline\\Pipeline->Illuminate\\Pipeline\\{closure}()
#26 C:\\Users\\HP\\Documents\\GitHub\\gestion-bibliotheque\\laravel-backend\\vendor\\laravel\\framework\\src\\Illuminate\\Session\\Middleware\\StartSession.php(64): Illuminate\\Session\\Middleware\\StartSession->handleStatefulRequest()
#27 C:\\Users\\HP\\Documents\\GitHub\\gestion-bibliotheque\\laravel-backend\\vendor\\laravel\\framework\\src\\Illuminate\\Pipeline\\Pipeline.php(209): Illuminate\\Session\\Middleware\\StartSession->handle()
#28 C:\\Users\\HP\\Documents\\GitHub\\gestion-bibliotheque\\laravel-backend\\vendor\\laravel\\framework\\src\\Illuminate\\Cookie\\Middleware\\AddQueuedCookiesToResponse.php(37): Illuminate\\Pipeline\\Pipeline->Illuminate\\Pipeline\\{closure}()
#29 C:\\Users\\HP\\Documents\\GitHub\\gestion-bibliotheque\\laravel-backend\\vendor\\laravel\\framework\\src\\Illuminate\\Pipeline\\Pipeline.php(209): Illuminate\\Cookie\\Middleware\\AddQueuedCookiesToResponse->handle()
#30 C:\\Users\\HP\\Documents\\GitHub\\gestion-bibliotheque\\laravel-backend\\vendor\\laravel\\framework\\src\\Illuminate\\Cookie\\Middleware\\EncryptCookies.php(75): Illuminate\\Pipeline\\Pipeline->Illuminate\\Pipeline\\{closure}()
#31 C:\\Users\\HP\\Documents\\GitHub\\gestion-bibliotheque\\laravel-backend\\vendor\\laravel\\framework\\src\\Illuminate\\Pipeline\\Pipeline.php(209): Illuminate\\Cookie\\Middleware\\EncryptCookies->handle()
#32 C:\\Users\\HP\\Documents\\GitHub\\gestion-bibliotheque\\laravel-backend\\vendor\\laravel\\framework\\src\\Illuminate\\Pipeline\\Pipeline.php(127): Illuminate\\Pipeline\\Pipeline->Illuminate\\Pipeline\\{closure}()
#33 C:\\Users\\HP\\Documents\\GitHub\\gestion-bibliotheque\\laravel-backend\\vendor\\laravel\\framework\\src\\Illuminate\\Routing\\Router.php(807): Illuminate\\Pipeline\\Pipeline->then()
#34 C:\\Users\\HP\\Documents\\GitHub\\gestion-bibliotheque\\laravel-backend\\vendor\\laravel\\framework\\src\\Illuminate\\Routing\\Router.php(786): Illuminate\\Routing\\Router->runRouteWithinStack()
#35 C:\\Users\\HP\\Documents\\GitHub\\gestion-bibliotheque\\laravel-backend\\vendor\\laravel\\framework\\src\\Illuminate\\Routing\\Router.php(750): Illuminate\\Routing\\Router->runRoute()
#36 C:\\Users\\HP\\Documents\\GitHub\\gestion-bibliotheque\\laravel-backend\\vendor\\laravel\\framework\\src\\Illuminate\\Routing\\Router.php(739): Illuminate\\Routing\\Router->dispatchToRoute()
#37 C:\\Users\\HP\\Documents\\GitHub\\gestion-bibliotheque\\laravel-backend\\vendor\\laravel\\framework\\src\\Illuminate\\Foundation\\Http\\Kernel.php(201): Illuminate\\Routing\\Router->dispatch()
#38 C:\\Users\\HP\\Documents\\GitHub\\gestion-bibliotheque\\laravel-backend\\vendor\\laravel\\framework\\src\\Illuminate\\Pipeline\\Pipeline.php(170): Illuminate\\Foundation\\Http\\Kernel->Illuminate\\Foundation\\Http\\{closure}()
#39 C:\\Users\\HP\\Documents\\GitHub\\gestion-bibliotheque\\laravel-backend\\vendor\\laravel\\framework\\src\\Illuminate\\Foundation\\Http\\Middleware\\TransformsRequest.php(21): Illuminate\\Pipeline\\Pipeline->Illuminate\\Pipeline\\{closure}()
#40 C:\\Users\\HP\\Documents\\GitHub\\gestion-bibliotheque\\laravel-backend\\vendor\\laravel\\framework\\src\\Illuminate\\Foundation\\Http\\Middleware\\ConvertEmptyStringsToNull.php(31): Illuminate\\Foundation\\Http\\Middleware\\TransformsRequest->handle()
#41 C:\\Users\\HP\\Documents\\GitHub\\gestion-bibliotheque\\laravel-backend\\vendor\\laravel\\framework\\src\\Illuminate\\Pipeline\\Pipeline.php(209): Illuminate\\Foundation\\Http\\Middleware\\ConvertEmptyStringsToNull->handle()
#42 C:\\Users\\HP\\Documents\\GitHub\\gestion-bibliotheque\\laravel-backend\\vendor\\laravel\\framework\\src\\Illuminate\\Foundation\\Http\\Middleware\\TransformsRequest.php(21): Illuminate\\Pipeline\\Pipeline->Illuminate\\Pipeline\\{closure}()
#43 C:\\Users\\HP\\Documents\\GitHub\\gestion-bibliotheque\\laravel-backend\\vendor\\laravel\\framework\\src\\Illuminate\\Foundation\\Http\\Middleware\\TrimStrings.php(51): Illuminate\\Foundation\\Http\\Middleware\\TransformsRequest->handle()
#44 C:\\Users\\HP\\Documents\\GitHub\\gestion-bibliotheque\\laravel-backend\\vendor\\laravel\\framework\\src\\Illuminate\\Pipeline\\Pipeline.php(209): Illuminate\\Foundation\\Http\\Middleware\\TrimStrings->handle()
#45 C:\\Users\\HP\\Documents\\GitHub\\gestion-bibliotheque\\laravel-backend\\vendor\\laravel\\framework\\src\\Illuminate\\Http\\Middleware\\ValidatePostSize.php(27): Illuminate\\Pipeline\\Pipeline->Illuminate\\Pipeline\\{closure}()
#46 C:\\Users\\HP\\Documents\\GitHub\\gestion-bibliotheque\\laravel-backend\\vendor\\laravel\\framework\\src\\Illuminate\\Pipeline\\Pipeline.php(209): Illuminate\\Http\\Middleware\\ValidatePostSize->handle()
#47 C:\\Users\\HP\\Documents\\GitHub\\gestion-bibliotheque\\laravel-backend\\vendor\\laravel\\framework\\src\\Illuminate\\Foundation\\Http\\Middleware\\PreventRequestsDuringMaintenance.php(110): Illuminate\\Pipeline\\Pipeline->Illuminate\\Pipeline\\{closure}()
#48 C:\\Users\\HP\\Documents\\GitHub\\gestion-bibliotheque\\laravel-backend\\vendor\\laravel\\framework\\src\\Illuminate\\Pipeline\\Pipeline.php(209): Illuminate\\Foundation\\Http\\Middleware\\PreventRequestsDuringMaintenance->handle()
#49 C:\\Users\\HP\\Documents\\GitHub\\gestion-bibliotheque\\laravel-backend\\vendor\\laravel\\framework\\src\\Illuminate\\Http\\Middleware\\HandleCors.php(49): Illuminate\\Pipeline\\Pipeline->Illuminate\\Pipeline\\{closure}()
#50 C:\\Users\\HP\\Documents\\GitHub\\gestion-bibliotheque\\laravel-backend\\vendor\\laravel\\framework\\src\\Illuminate\\Pipeline\\Pipeline.php(209): Illuminate\\Http\\Middleware\\HandleCors->handle()
#51 C:\\Users\\HP\\Documents\\GitHub\\gestion-bibliotheque\\laravel-backend\\vendor\\laravel\\framework\\src\\Illuminate\\Http\\Middleware\\TrustProxies.php(58): Illuminate\\Pipeline\\Pipeline->Illuminate\\Pipeline\\{closure}()
#52 C:\\Users\\HP\\Documents\\GitHub\\gestion-bibliotheque\\laravel-backend\\vendor\\laravel\\framework\\src\\Illuminate\\Pipeline\\Pipeline.php(209): Illuminate\\Http\\Middleware\\TrustProxies->handle()
#53 C:\\Users\\HP\\Documents\\GitHub\\gestion-bibliotheque\\laravel-backend\\vendor\\laravel\\framework\\src\\Illuminate\\Foundation\\Http\\Middleware\\InvokeDeferredCallbacks.php(22): Illuminate\\Pipeline\\Pipeline->Illuminate\\Pipeline\\{closure}()
#54 C:\\Users\\HP\\Documents\\GitHub\\gestion-bibliotheque\\laravel-backend\\vendor\\laravel\\framework\\src\\Illuminate\\Pipeline\\Pipeline.php(209): Illuminate\\Foundation\\Http\\Middleware\\InvokeDeferredCallbacks->handle()
#55 C:\\Users\\HP\\Documents\\GitHub\\gestion-bibliotheque\\laravel-backend\\vendor\\laravel\\framework\\src\\Illuminate\\Pipeline\\Pipeline.php(127): Illuminate\\Pipeline\\Pipeline->Illuminate\\Pipeline\\{closure}()
#56 C:\\Users\\HP\\Documents\\GitHub\\gestion-bibliotheque\\laravel-backend\\vendor\\laravel\\framework\\src\\Illuminate\\Foundation\\Http\\Kernel.php(176): Illuminate\\Pipeline\\Pipeline->then()
#57 C:\\Users\\HP\\Documents\\GitHub\\gestion-bibliotheque\\laravel-backend\\vendor\\laravel\\framework\\src\\Illuminate\\Foundation\\Http\\Kernel.php(145): Illuminate\\Foundation\\Http\\Kernel->sendRequestThroughRouter()
#58 C:\\Users\\HP\\Documents\\GitHub\\gestion-bibliotheque\\laravel-backend\\vendor\\laravel\\framework\\src\\Illuminate\\Foundation\\Application.php(1216): Illuminate\\Foundation\\Http\\Kernel->handle()
#59 C:\\Users\\HP\\Documents\\GitHub\\gestion-bibliotheque\\laravel-backend\\public\\index.php(17): Illuminate\\Foundation\\Application->handleRequest()
#60 C:\\Users\\HP\\Documents\\GitHub\\gestion-bibliotheque\\laravel-backend\\vendor\\laravel\\framework\\src\\Illuminate\\Foundation\\resources\\server.php(23): require_once('...')
#61 {main}
"} 
[2025-03-22 11:30:58] local.ERROR: SQLSTATE[42000]: Syntax error or access violation: 1071 La clé est trop longue. Longueur maximale: 1000 (Connection: mysql, SQL: alter table `users` add unique `users_email_unique`(`email`)) {"exception":"[object] (Illuminate\\Database\\QueryException(code: 42000): SQLSTATE[42000]: Syntax error or access violation: 1071 La clé est trop longue. Longueur maximale: 1000 (Connection: mysql, SQL: alter table `users` add unique `users_email_unique`(`email`)) at C:\\Users\\HP\\Documents\\GitHub\\gestion-bibliotheque\\laravel-backend\\vendor\\laravel\\framework\\src\\Illuminate\\Database\\Connection.php:825)
[stacktrace]
#0 C:\\Users\\HP\\Documents\\GitHub\\gestion-bibliotheque\\laravel-backend\\vendor\\laravel\\framework\\src\\Illuminate\\Database\\Connection.php(779): Illuminate\\Database\\Connection->runQueryCallback()
#1 C:\\Users\\HP\\Documents\\GitHub\\gestion-bibliotheque\\laravel-backend\\vendor\\laravel\\framework\\src\\Illuminate\\Database\\Connection.php(560): Illuminate\\Database\\Connection->run()
#2 C:\\Users\\HP\\Documents\\GitHub\\gestion-bibliotheque\\laravel-backend\\vendor\\laravel\\framework\\src\\Illuminate\\Database\\Schema\\Blueprint.php(118): Illuminate\\Database\\Connection->statement()
#3 C:\\Users\\HP\\Documents\\GitHub\\gestion-bibliotheque\\laravel-backend\\vendor\\laravel\\framework\\src\\Illuminate\\Database\\Schema\\Builder.php(564): Illuminate\\Database\\Schema\\Blueprint->build()
#4 C:\\Users\\HP\\Documents\\GitHub\\gestion-bibliotheque\\laravel-backend\\vendor\\laravel\\framework\\src\\Illuminate\\Database\\Schema\\Builder.php(418): Illuminate\\Database\\Schema\\Builder->build()
#5 C:\\Users\\HP\\Documents\\GitHub\\gestion-bibliotheque\\laravel-backend\\vendor\\laravel\\framework\\src\\Illuminate\\Support\\Facades\\Facade.php(361): Illuminate\\Database\\Schema\\Builder->create()
#6 C:\\Users\\HP\\Documents\\GitHub\\gestion-bibliotheque\\laravel-backend\\database\\migrations\\0001_01_01_000000_create_users_table.php(14): Illuminate\\Support\\Facades\\Facade::__callStatic()
#7 C:\\Users\\HP\\Documents\\GitHub\\gestion-bibliotheque\\laravel-backend\\vendor\\laravel\\framework\\src\\Illuminate\\Database\\Migrations\\Migrator.php(484): Illuminate\\Database\\Migrations\\Migration@anonymous->up()
#8 C:\\Users\\HP\\Documents\\GitHub\\gestion-bibliotheque\\laravel-backend\\vendor\\laravel\\framework\\src\\Illuminate\\Database\\Migrations\\Migrator.php(409): Illuminate\\Database\\Migrations\\Migrator->runMethod()
#9 C:\\Users\\HP\\Documents\\GitHub\\gestion-bibliotheque\\laravel-backend\\vendor\\laravel\\framework\\src\\Illuminate\\Database\\Migrations\\Migrator.php(418): Illuminate\\Database\\Migrations\\Migrator->Illuminate\\Database\\Migrations\\{closure}()
#10 C:\\Users\\HP\\Documents\\GitHub\\gestion-bibliotheque\\laravel-backend\\vendor\\laravel\\framework\\src\\Illuminate\\Database\\Migrations\\Migrator.php(221): Illuminate\\Database\\Migrations\\Migrator->runMigration()
#11 C:\\Users\\HP\\Documents\\GitHub\\gestion-bibliotheque\\laravel-backend\\vendor\\laravel\\framework\\src\\Illuminate\\Console\\View\\Components\\Task.php(40): Illuminate\\Database\\Migrations\\Migrator->Illuminate\\Database\\Migrations\\{closure}()
#12 C:\\Users\\HP\\Documents\\GitHub\\gestion-bibliotheque\\laravel-backend\\vendor\\laravel\\framework\\src\\Illuminate\\Database\\Migrations\\Migrator.php(764): Illuminate\\Console\\View\\Components\\Task->render()
#13 C:\\Users\\HP\\Documents\\GitHub\\gestion-bibliotheque\\laravel-backend\\vendor\\laravel\\framework\\src\\Illuminate\\Database\\Migrations\\Migrator.php(221): Illuminate\\Database\\Migrations\\Migrator->write()
#14 C:\\Users\\HP\\Documents\\GitHub\\gestion-bibliotheque\\laravel-backend\\vendor\\laravel\\framework\\src\\Illuminate\\Database\\Migrations\\Migrator.php(188): Illuminate\\Database\\Migrations\\Migrator->runUp()
#15 C:\\Users\\HP\\Documents\\GitHub\\gestion-bibliotheque\\laravel-backend\\vendor\\laravel\\framework\\src\\Illuminate\\Database\\Migrations\\Migrator.php(131): Illuminate\\Database\\Migrations\\Migrator->runPending()
#16 C:\\Users\\HP\\Documents\\GitHub\\gestion-bibliotheque\\laravel-backend\\vendor\\laravel\\framework\\src\\Illuminate\\Database\\Console\\Migrations\\MigrateCommand.php(117): Illuminate\\Database\\Migrations\\Migrator->run()
#17 C:\\Users\\HP\\Documents\\GitHub\\gestion-bibliotheque\\laravel-backend\\vendor\\laravel\\framework\\src\\Illuminate\\Database\\Migrations\\Migrator.php(624): Illuminate\\Database\\Console\\Migrations\\MigrateCommand->Illuminate\\Database\\Console\\Migrations\\{closure}()
#18 C:\\Users\\HP\\Documents\\GitHub\\gestion-bibliotheque\\laravel-backend\\vendor\\laravel\\framework\\src\\Illuminate\\Database\\Console\\Migrations\\MigrateCommand.php(110): Illuminate\\Database\\Migrations\\Migrator->usingConnection()
#19 C:\\Users\\HP\\Documents\\GitHub\\gestion-bibliotheque\\laravel-backend\\vendor\\laravel\\framework\\src\\Illuminate\\Database\\Console\\Migrations\\MigrateCommand.php(89): Illuminate\\Database\\Console\\Migrations\\MigrateCommand->runMigrations()
#20 C:\\Users\\HP\\Documents\\GitHub\\gestion-bibliotheque\\laravel-backend\\vendor\\laravel\\framework\\src\\Illuminate\\Container\\BoundMethod.php(36): Illuminate\\Database\\Console\\Migrations\\MigrateCommand->handle()
#21 C:\\Users\\HP\\Documents\\GitHub\\gestion-bibliotheque\\laravel-backend\\vendor\\laravel\\framework\\src\\Illuminate\\Container\\Util.php(43): Illuminate\\Container\\BoundMethod::Illuminate\\Container\\{closure}()
#22 C:\\Users\\HP\\Documents\\GitHub\\gestion-bibliotheque\\laravel-backend\\vendor\\laravel\\framework\\src\\Illuminate\\Container\\BoundMethod.php(95): Illuminate\\Container\\Util::unwrapIfClosure()
#23 C:\\Users\\HP\\Documents\\GitHub\\gestion-bibliotheque\\laravel-backend\\vendor\\laravel\\framework\\src\\Illuminate\\Container\\BoundMethod.php(35): Illuminate\\Container\\BoundMethod::callBoundMethod()
#24 C:\\Users\\HP\\Documents\\GitHub\\gestion-bibliotheque\\laravel-backend\\vendor\\laravel\\framework\\src\\Illuminate\\Container\\Container.php(694): Illuminate\\Container\\BoundMethod::call()
#25 C:\\Users\\HP\\Documents\\GitHub\\gestion-bibliotheque\\laravel-backend\\vendor\\laravel\\framework\\src\\Illuminate\\Console\\Command.php(213): Illuminate\\Container\\Container->call()
#26 C:\\Users\\HP\\Documents\\GitHub\\gestion-bibliotheque\\laravel-backend\\vendor\\symfony\\console\\Command\\Command.php(279): Illuminate\\Console\\Command->execute()
#27 C:\\Users\\HP\\Documents\\GitHub\\gestion-bibliotheque\\laravel-backend\\vendor\\laravel\\framework\\src\\Illuminate\\Console\\Command.php(182): Symfony\\Component\\Console\\Command\\Command->run()
#28 C:\\Users\\HP\\Documents\\GitHub\\gestion-bibliotheque\\laravel-backend\\vendor\\laravel\\framework\\src\\Illuminate\\Console\\Concerns\\CallsCommands.php(68): Illuminate\\Console\\Command->run()
#29 C:\\Users\\HP\\Documents\\GitHub\\gestion-bibliotheque\\laravel-backend\\vendor\\laravel\\framework\\src\\Illuminate\\Console\\Concerns\\CallsCommands.php(29): Illuminate\\Console\\Command->runCommand()
#30 C:\\Users\\HP\\Documents\\GitHub\\gestion-bibliotheque\\laravel-backend\\vendor\\laravel\\framework\\src\\Illuminate\\Database\\Console\\Migrations\\FreshCommand.php(82): Illuminate\\Console\\Command->call()
#31 C:\\Users\\HP\\Documents\\GitHub\\gestion-bibliotheque\\laravel-backend\\vendor\\laravel\\framework\\src\\Illuminate\\Container\\BoundMethod.php(36): Illuminate\\Database\\Console\\Migrations\\FreshCommand->handle()
#32 C:\\Users\\HP\\Documents\\GitHub\\gestion-bibliotheque\\laravel-backend\\vendor\\laravel\\framework\\src\\Illuminate\\Container\\Util.php(43): Illuminate\\Container\\BoundMethod::Illuminate\\Container\\{closure}()
#33 C:\\Users\\HP\\Documents\\GitHub\\gestion-bibliotheque\\laravel-backend\\vendor\\laravel\\framework\\src\\Illuminate\\Container\\BoundMethod.php(95): Illuminate\\Container\\Util::unwrapIfClosure()
#34 C:\\Users\\HP\\Documents\\GitHub\\gestion-bibliotheque\\laravel-backend\\vendor\\laravel\\framework\\src\\Illuminate\\Container\\BoundMethod.php(35): Illuminate\\Container\\BoundMethod::callBoundMethod()
#35 C:\\Users\\HP\\Documents\\GitHub\\gestion-bibliotheque\\laravel-backend\\vendor\\laravel\\framework\\src\\Illuminate\\Container\\Container.php(694): Illuminate\\Container\\BoundMethod::call()
#36 C:\\Users\\HP\\Documents\\GitHub\\gestion-bibliotheque\\laravel-backend\\vendor\\laravel\\framework\\src\\Illuminate\\Console\\Command.php(213): Illuminate\\Container\\Container->call()
#37 C:\\Users\\HP\\Documents\\GitHub\\gestion-bibliotheque\\laravel-backend\\vendor\\symfony\\console\\Command\\Command.php(279): Illuminate\\Console\\Command->execute()
#38 C:\\Users\\HP\\Documents\\GitHub\\gestion-bibliotheque\\laravel-backend\\vendor\\laravel\\framework\\src\\Illuminate\\Console\\Command.php(182): Symfony\\Component\\Console\\Command\\Command->run()
#39 C:\\Users\\HP\\Documents\\GitHub\\gestion-bibliotheque\\laravel-backend\\vendor\\symfony\\console\\Application.php(1094): Illuminate\\Console\\Command->run()
#40 C:\\Users\\HP\\Documents\\GitHub\\gestion-bibliotheque\\laravel-backend\\vendor\\symfony\\console\\Application.php(342): Symfony\\Component\\Console\\Application->doRunCommand()
#41 C:\\Users\\HP\\Documents\\GitHub\\gestion-bibliotheque\\laravel-backend\\vendor\\symfony\\console\\Application.php(193): Symfony\\Component\\Console\\Application->doRun()
#42 C:\\Users\\HP\\Documents\\GitHub\\gestion-bibliotheque\\laravel-backend\\vendor\\laravel\\framework\\src\\Illuminate\\Foundation\\Console\\Kernel.php(198): Symfony\\Component\\Console\\Application->run()
#43 C:\\Users\\HP\\Documents\\GitHub\\gestion-bibliotheque\\laravel-backend\\vendor\\laravel\\framework\\src\\Illuminate\\Foundation\\Application.php(1231): Illuminate\\Foundation\\Console\\Kernel->handle()
#44 C:\\Users\\HP\\Documents\\GitHub\\gestion-bibliotheque\\laravel-backend\\artisan(13): Illuminate\\Foundation\\Application->handleCommand()
#45 {main}

[previous exception] [object] (PDOException(code: 42000): SQLSTATE[42000]: Syntax error or access violation: 1071 La clé est trop longue. Longueur maximale: 1000 at C:\\Users\\HP\\Documents\\GitHub\\gestion-bibliotheque\\laravel-backend\\vendor\\laravel\\framework\\src\\Illuminate\\Database\\Connection.php:571)
[stacktrace]
#0 C:\\Users\\HP\\Documents\\GitHub\\gestion-bibliotheque\\laravel-backend\\vendor\\laravel\\framework\\src\\Illuminate\\Database\\Connection.php(571): PDOStatement->execute()
#1 C:\\Users\\HP\\Documents\\GitHub\\gestion-bibliotheque\\laravel-backend\\vendor\\laravel\\framework\\src\\Illuminate\\Database\\Connection.php(812): Illuminate\\Database\\Connection->Illuminate\\Database\\{closure}()
#2 C:\\Users\\HP\\Documents\\GitHub\\gestion-bibliotheque\\laravel-backend\\vendor\\laravel\\framework\\src\\Illuminate\\Database\\Connection.php(779): Illuminate\\Database\\Connection->runQueryCallback()
#3 C:\\Users\\HP\\Documents\\GitHub\\gestion-bibliotheque\\laravel-backend\\vendor\\laravel\\framework\\src\\Illuminate\\Database\\Connection.php(560): Illuminate\\Database\\Connection->run()
#4 C:\\Users\\HP\\Documents\\GitHub\\gestion-bibliotheque\\laravel-backend\\vendor\\laravel\\framework\\src\\Illuminate\\Database\\Schema\\Blueprint.php(118): Illuminate\\Database\\Connection->statement()
#5 C:\\Users\\HP\\Documents\\GitHub\\gestion-bibliotheque\\laravel-backend\\vendor\\laravel\\framework\\src\\Illuminate\\Database\\Schema\\Builder.php(564): Illuminate\\Database\\Schema\\Blueprint->build()
#6 C:\\Users\\HP\\Documents\\GitHub\\gestion-bibliotheque\\laravel-backend\\vendor\\laravel\\framework\\src\\Illuminate\\Database\\Schema\\Builder.php(418): Illuminate\\Database\\Schema\\Builder->build()
#7 C:\\Users\\HP\\Documents\\GitHub\\gestion-bibliotheque\\laravel-backend\\vendor\\laravel\\framework\\src\\Illuminate\\Support\\Facades\\Facade.php(361): Illuminate\\Database\\Schema\\Builder->create()
#8 C:\\Users\\HP\\Documents\\GitHub\\gestion-bibliotheque\\laravel-backend\\database\\migrations\\0001_01_01_000000_create_users_table.php(14): Illuminate\\Support\\Facades\\Facade::__callStatic()
#9 C:\\Users\\HP\\Documents\\GitHub\\gestion-bibliotheque\\laravel-backend\\vendor\\laravel\\framework\\src\\Illuminate\\Database\\Migrations\\Migrator.php(484): Illuminate\\Database\\Migrations\\Migration@anonymous->up()
#10 C:\\Users\\HP\\Documents\\GitHub\\gestion-bibliotheque\\laravel-backend\\vendor\\laravel\\framework\\src\\Illuminate\\Database\\Migrations\\Migrator.php(409): Illuminate\\Database\\Migrations\\Migrator->runMethod()
#11 C:\\Users\\HP\\Documents\\GitHub\\gestion-bibliotheque\\laravel-backend\\vendor\\laravel\\framework\\src\\Illuminate\\Database\\Migrations\\Migrator.php(418): Illuminate\\Database\\Migrations\\Migrator->Illuminate\\Database\\Migrations\\{closure}()
#12 C:\\Users\\HP\\Documents\\GitHub\\gestion-bibliotheque\\laravel-backend\\vendor\\laravel\\framework\\src\\Illuminate\\Database\\Migrations\\Migrator.php(221): Illuminate\\Database\\Migrations\\Migrator->runMigration()
#13 C:\\Users\\HP\\Documents\\GitHub\\gestion-bibliotheque\\laravel-backend\\vendor\\laravel\\framework\\src\\Illuminate\\Console\\View\\Components\\Task.php(40): Illuminate\\Database\\Migrations\\Migrator->Illuminate\\Database\\Migrations\\{closure}()
#14 C:\\Users\\HP\\Documents\\GitHub\\gestion-bibliotheque\\laravel-backend\\vendor\\laravel\\framework\\src\\Illuminate\\Database\\Migrations\\Migrator.php(764): Illuminate\\Console\\View\\Components\\Task->render()
#15 C:\\Users\\HP\\Documents\\GitHub\\gestion-bibliotheque\\laravel-backend\\vendor\\laravel\\framework\\src\\Illuminate\\Database\\Migrations\\Migrator.php(221): Illuminate\\Database\\Migrations\\Migrator->write()
#16 C:\\Users\\HP\\Documents\\GitHub\\gestion-bibliotheque\\laravel-backend\\vendor\\laravel\\framework\\src\\Illuminate\\Database\\Migrations\\Migrator.php(188): Illuminate\\Database\\Migrations\\Migrator->runUp()
#17 C:\\Users\\HP\\Documents\\GitHub\\gestion-bibliotheque\\laravel-backend\\vendor\\laravel\\framework\\src\\Illuminate\\Database\\Migrations\\Migrator.php(131): Illuminate\\Database\\Migrations\\Migrator->runPending()
#18 C:\\Users\\HP\\Documents\\GitHub\\gestion-bibliotheque\\laravel-backend\\vendor\\laravel\\framework\\src\\Illuminate\\Database\\Console\\Migrations\\MigrateCommand.php(117): Illuminate\\Database\\Migrations\\Migrator->run()
#19 C:\\Users\\HP\\Documents\\GitHub\\gestion-bibliotheque\\laravel-backend\\vendor\\laravel\\framework\\src\\Illuminate\\Database\\Migrations\\Migrator.php(624): Illuminate\\Database\\Console\\Migrations\\MigrateCommand->Illuminate\\Database\\Console\\Migrations\\{closure}()
#20 C:\\Users\\HP\\Documents\\GitHub\\gestion-bibliotheque\\laravel-backend\\vendor\\laravel\\framework\\src\\Illuminate\\Database\\Console\\Migrations\\MigrateCommand.php(110): Illuminate\\Database\\Migrations\\Migrator->usingConnection()
#21 C:\\Users\\HP\\Documents\\GitHub\\gestion-bibliotheque\\laravel-backend\\vendor\\laravel\\framework\\src\\Illuminate\\Database\\Console\\Migrations\\MigrateCommand.php(89): Illuminate\\Database\\Console\\Migrations\\MigrateCommand->runMigrations()
#22 C:\\Users\\HP\\Documents\\GitHub\\gestion-bibliotheque\\laravel-backend\\vendor\\laravel\\framework\\src\\Illuminate\\Container\\BoundMethod.php(36): Illuminate\\Database\\Console\\Migrations\\MigrateCommand->handle()
#23 C:\\Users\\HP\\Documents\\GitHub\\gestion-bibliotheque\\laravel-backend\\vendor\\laravel\\framework\\src\\Illuminate\\Container\\Util.php(43): Illuminate\\Container\\BoundMethod::Illuminate\\Container\\{closure}()
#24 C:\\Users\\HP\\Documents\\GitHub\\gestion-bibliotheque\\laravel-backend\\vendor\\laravel\\framework\\src\\Illuminate\\Container\\BoundMethod.php(95): Illuminate\\Container\\Util::unwrapIfClosure()
#25 C:\\Users\\HP\\Documents\\GitHub\\gestion-bibliotheque\\laravel-backend\\vendor\\laravel\\framework\\src\\Illuminate\\Container\\BoundMethod.php(35): Illuminate\\Container\\BoundMethod::callBoundMethod()
#26 C:\\Users\\HP\\Documents\\GitHub\\gestion-bibliotheque\\laravel-backend\\vendor\\laravel\\framework\\src\\Illuminate\\Container\\Container.php(694): Illuminate\\Container\\BoundMethod::call()
#27 C:\\Users\\HP\\Documents\\GitHub\\gestion-bibliotheque\\laravel-backend\\vendor\\laravel\\framework\\src\\Illuminate\\Console\\Command.php(213): Illuminate\\Container\\Container->call()
#28 C:\\Users\\HP\\Documents\\GitHub\\gestion-bibliotheque\\laravel-backend\\vendor\\symfony\\console\\Command\\Command.php(279): Illuminate\\Console\\Command->execute()
#29 C:\\Users\\HP\\Documents\\GitHub\\gestion-bibliotheque\\laravel-backend\\vendor\\laravel\\framework\\src\\Illuminate\\Console\\Command.php(182): Symfony\\Component\\Console\\Command\\Command->run()
#30 C:\\Users\\HP\\Documents\\GitHub\\gestion-bibliotheque\\laravel-backend\\vendor\\laravel\\framework\\src\\Illuminate\\Console\\Concerns\\CallsCommands.php(68): Illuminate\\Console\\Command->run()
#31 C:\\Users\\HP\\Documents\\GitHub\\gestion-bibliotheque\\laravel-backend\\vendor\\laravel\\framework\\src\\Illuminate\\Console\\Concerns\\CallsCommands.php(29): Illuminate\\Console\\Command->runCommand()
#32 C:\\Users\\HP\\Documents\\GitHub\\gestion-bibliotheque\\laravel-backend\\vendor\\laravel\\framework\\src\\Illuminate\\Database\\Console\\Migrations\\FreshCommand.php(82): Illuminate\\Console\\Command->call()
#33 C:\\Users\\HP\\Documents\\GitHub\\gestion-bibliotheque\\laravel-backend\\vendor\\laravel\\framework\\src\\Illuminate\\Container\\BoundMethod.php(36): Illuminate\\Database\\Console\\Migrations\\FreshCommand->handle()
#34 C:\\Users\\HP\\Documents\\GitHub\\gestion-bibliotheque\\laravel-backend\\vendor\\laravel\\framework\\src\\Illuminate\\Container\\Util.php(43): Illuminate\\Container\\BoundMethod::Illuminate\\Container\\{closure}()
#35 C:\\Users\\HP\\Documents\\GitHub\\gestion-bibliotheque\\laravel-backend\\vendor\\laravel\\framework\\src\\Illuminate\\Container\\BoundMethod.php(95): Illuminate\\Container\\Util::unwrapIfClosure()
#36 C:\\Users\\HP\\Documents\\GitHub\\gestion-bibliotheque\\laravel-backend\\vendor\\laravel\\framework\\src\\Illuminate\\Container\\BoundMethod.php(35): Illuminate\\Container\\BoundMethod::callBoundMethod()
#37 C:\\Users\\HP\\Documents\\GitHub\\gestion-bibliotheque\\laravel-backend\\vendor\\laravel\\framework\\src\\Illuminate\\Container\\Container.php(694): Illuminate\\Container\\BoundMethod::call()
#38 C:\\Users\\HP\\Documents\\GitHub\\gestion-bibliotheque\\laravel-backend\\vendor\\laravel\\framework\\src\\Illuminate\\Console\\Command.php(213): Illuminate\\Container\\Container->call()
#39 C:\\Users\\HP\\Documents\\GitHub\\gestion-bibliotheque\\laravel-backend\\vendor\\symfony\\console\\Command\\Command.php(279): Illuminate\\Console\\Command->execute()
#40 C:\\Users\\HP\\Documents\\GitHub\\gestion-bibliotheque\\laravel-backend\\vendor\\laravel\\framework\\src\\Illuminate\\Console\\Command.php(182): Symfony\\Component\\Console\\Command\\Command->run()
#41 C:\\Users\\HP\\Documents\\GitHub\\gestion-bibliotheque\\laravel-backend\\vendor\\symfony\\console\\Application.php(1094): Illuminate\\Console\\Command->run()
#42 C:\\Users\\HP\\Documents\\GitHub\\gestion-bibliotheque\\laravel-backend\\vendor\\symfony\\console\\Application.php(342): Symfony\\Component\\Console\\Application->doRunCommand()
#43 C:\\Users\\HP\\Documents\\GitHub\\gestion-bibliotheque\\laravel-backend\\vendor\\symfony\\console\\Application.php(193): Symfony\\Component\\Console\\Application->doRun()
#44 C:\\Users\\HP\\Documents\\GitHub\\gestion-bibliotheque\\laravel-backend\\vendor\\laravel\\framework\\src\\Illuminate\\Foundation\\Console\\Kernel.php(198): Symfony\\Component\\Console\\Application->run()
#45 C:\\Users\\HP\\Documents\\GitHub\\gestion-bibliotheque\\laravel-backend\\vendor\\laravel\\framework\\src\\Illuminate\\Foundation\\Application.php(1231): Illuminate\\Foundation\\Console\\Kernel->handle()
#46 C:\\Users\\HP\\Documents\\GitHub\\gestion-bibliotheque\\laravel-backend\\artisan(13): Illuminate\\Foundation\\Application->handleCommand()
#47 {main}
"} 
[2025-03-22 11:32:34] local.ERROR: SQLSTATE[42000]: Syntax error or access violation: 1071 La clé est trop longue. Longueur maximale: 1000 (Connection: mysql, SQL: alter table `users` add unique `users_email_unique`(`email`)) {"exception":"[object] (Illuminate\\Database\\QueryException(code: 42000): SQLSTATE[42000]: Syntax error or access violation: 1071 La clé est trop longue. Longueur maximale: 1000 (Connection: mysql, SQL: alter table `users` add unique `users_email_unique`(`email`)) at C:\\Users\\HP\\Documents\\GitHub\\gestion-bibliotheque\\laravel-backend\\vendor\\laravel\\framework\\src\\Illuminate\\Database\\Connection.php:825)
[stacktrace]
#0 C:\\Users\\HP\\Documents\\GitHub\\gestion-bibliotheque\\laravel-backend\\vendor\\laravel\\framework\\src\\Illuminate\\Database\\Connection.php(779): Illuminate\\Database\\Connection->runQueryCallback()
#1 C:\\Users\\HP\\Documents\\GitHub\\gestion-bibliotheque\\laravel-backend\\vendor\\laravel\\framework\\src\\Illuminate\\Database\\Connection.php(560): Illuminate\\Database\\Connection->run()
#2 C:\\Users\\HP\\Documents\\GitHub\\gestion-bibliotheque\\laravel-backend\\vendor\\laravel\\framework\\src\\Illuminate\\Database\\Schema\\Blueprint.php(118): Illuminate\\Database\\Connection->statement()
#3 C:\\Users\\HP\\Documents\\GitHub\\gestion-bibliotheque\\laravel-backend\\vendor\\laravel\\framework\\src\\Illuminate\\Database\\Schema\\Builder.php(564): Illuminate\\Database\\Schema\\Blueprint->build()
#4 C:\\Users\\HP\\Documents\\GitHub\\gestion-bibliotheque\\laravel-backend\\vendor\\laravel\\framework\\src\\Illuminate\\Database\\Schema\\Builder.php(418): Illuminate\\Database\\Schema\\Builder->build()
#5 C:\\Users\\HP\\Documents\\GitHub\\gestion-bibliotheque\\laravel-backend\\vendor\\laravel\\framework\\src\\Illuminate\\Support\\Facades\\Facade.php(361): Illuminate\\Database\\Schema\\Builder->create()
#6 C:\\Users\\HP\\Documents\\GitHub\\gestion-bibliotheque\\laravel-backend\\database\\migrations\\0001_01_01_000000_create_users_table.php(14): Illuminate\\Support\\Facades\\Facade::__callStatic()
#7 C:\\Users\\HP\\Documents\\GitHub\\gestion-bibliotheque\\laravel-backend\\vendor\\laravel\\framework\\src\\Illuminate\\Database\\Migrations\\Migrator.php(484): Illuminate\\Database\\Migrations\\Migration@anonymous->up()
#8 C:\\Users\\HP\\Documents\\GitHub\\gestion-bibliotheque\\laravel-backend\\vendor\\laravel\\framework\\src\\Illuminate\\Database\\Migrations\\Migrator.php(409): Illuminate\\Database\\Migrations\\Migrator->runMethod()
#9 C:\\Users\\HP\\Documents\\GitHub\\gestion-bibliotheque\\laravel-backend\\vendor\\laravel\\framework\\src\\Illuminate\\Database\\Migrations\\Migrator.php(418): Illuminate\\Database\\Migrations\\Migrator->Illuminate\\Database\\Migrations\\{closure}()
#10 C:\\Users\\HP\\Documents\\GitHub\\gestion-bibliotheque\\laravel-backend\\vendor\\laravel\\framework\\src\\Illuminate\\Database\\Migrations\\Migrator.php(221): Illuminate\\Database\\Migrations\\Migrator->runMigration()
#11 C:\\Users\\HP\\Documents\\GitHub\\gestion-bibliotheque\\laravel-backend\\vendor\\laravel\\framework\\src\\Illuminate\\Console\\View\\Components\\Task.php(40): Illuminate\\Database\\Migrations\\Migrator->Illuminate\\Database\\Migrations\\{closure}()
#12 C:\\Users\\HP\\Documents\\GitHub\\gestion-bibliotheque\\laravel-backend\\vendor\\laravel\\framework\\src\\Illuminate\\Database\\Migrations\\Migrator.php(764): Illuminate\\Console\\View\\Components\\Task->render()
#13 C:\\Users\\HP\\Documents\\GitHub\\gestion-bibliotheque\\laravel-backend\\vendor\\laravel\\framework\\src\\Illuminate\\Database\\Migrations\\Migrator.php(221): Illuminate\\Database\\Migrations\\Migrator->write()
#14 C:\\Users\\HP\\Documents\\GitHub\\gestion-bibliotheque\\laravel-backend\\vendor\\laravel\\framework\\src\\Illuminate\\Database\\Migrations\\Migrator.php(188): Illuminate\\Database\\Migrations\\Migrator->runUp()
#15 C:\\Users\\HP\\Documents\\GitHub\\gestion-bibliotheque\\laravel-backend\\vendor\\laravel\\framework\\src\\Illuminate\\Database\\Migrations\\Migrator.php(131): Illuminate\\Database\\Migrations\\Migrator->runPending()
#16 C:\\Users\\HP\\Documents\\GitHub\\gestion-bibliotheque\\laravel-backend\\vendor\\laravel\\framework\\src\\Illuminate\\Database\\Console\\Migrations\\MigrateCommand.php(117): Illuminate\\Database\\Migrations\\Migrator->run()
#17 C:\\Users\\HP\\Documents\\GitHub\\gestion-bibliotheque\\laravel-backend\\vendor\\laravel\\framework\\src\\Illuminate\\Database\\Migrations\\Migrator.php(624): Illuminate\\Database\\Console\\Migrations\\MigrateCommand->Illuminate\\Database\\Console\\Migrations\\{closure}()
#18 C:\\Users\\HP\\Documents\\GitHub\\gestion-bibliotheque\\laravel-backend\\vendor\\laravel\\framework\\src\\Illuminate\\Database\\Console\\Migrations\\MigrateCommand.php(110): Illuminate\\Database\\Migrations\\Migrator->usingConnection()
#19 C:\\Users\\HP\\Documents\\GitHub\\gestion-bibliotheque\\laravel-backend\\vendor\\laravel\\framework\\src\\Illuminate\\Database\\Console\\Migrations\\MigrateCommand.php(89): Illuminate\\Database\\Console\\Migrations\\MigrateCommand->runMigrations()
#20 C:\\Users\\HP\\Documents\\GitHub\\gestion-bibliotheque\\laravel-backend\\vendor\\laravel\\framework\\src\\Illuminate\\Container\\BoundMethod.php(36): Illuminate\\Database\\Console\\Migrations\\MigrateCommand->handle()
#21 C:\\Users\\HP\\Documents\\GitHub\\gestion-bibliotheque\\laravel-backend\\vendor\\laravel\\framework\\src\\Illuminate\\Container\\Util.php(43): Illuminate\\Container\\BoundMethod::Illuminate\\Container\\{closure}()
#22 C:\\Users\\HP\\Documents\\GitHub\\gestion-bibliotheque\\laravel-backend\\vendor\\laravel\\framework\\src\\Illuminate\\Container\\BoundMethod.php(95): Illuminate\\Container\\Util::unwrapIfClosure()
#23 C:\\Users\\HP\\Documents\\GitHub\\gestion-bibliotheque\\laravel-backend\\vendor\\laravel\\framework\\src\\Illuminate\\Container\\BoundMethod.php(35): Illuminate\\Container\\BoundMethod::callBoundMethod()
#24 C:\\Users\\HP\\Documents\\GitHub\\gestion-bibliotheque\\laravel-backend\\vendor\\laravel\\framework\\src\\Illuminate\\Container\\Container.php(694): Illuminate\\Container\\BoundMethod::call()
#25 C:\\Users\\HP\\Documents\\GitHub\\gestion-bibliotheque\\laravel-backend\\vendor\\laravel\\framework\\src\\Illuminate\\Console\\Command.php(213): Illuminate\\Container\\Container->call()
#26 C:\\Users\\HP\\Documents\\GitHub\\gestion-bibliotheque\\laravel-backend\\vendor\\symfony\\console\\Command\\Command.php(279): Illuminate\\Console\\Command->execute()
#27 C:\\Users\\HP\\Documents\\GitHub\\gestion-bibliotheque\\laravel-backend\\vendor\\laravel\\framework\\src\\Illuminate\\Console\\Command.php(182): Symfony\\Component\\Console\\Command\\Command->run()
#28 C:\\Users\\HP\\Documents\\GitHub\\gestion-bibliotheque\\laravel-backend\\vendor\\laravel\\framework\\src\\Illuminate\\Console\\Concerns\\CallsCommands.php(68): Illuminate\\Console\\Command->run()
#29 C:\\Users\\HP\\Documents\\GitHub\\gestion-bibliotheque\\laravel-backend\\vendor\\laravel\\framework\\src\\Illuminate\\Console\\Concerns\\CallsCommands.php(29): Illuminate\\Console\\Command->runCommand()
#30 C:\\Users\\HP\\Documents\\GitHub\\gestion-bibliotheque\\laravel-backend\\vendor\\laravel\\framework\\src\\Illuminate\\Database\\Console\\Migrations\\FreshCommand.php(82): Illuminate\\Console\\Command->call()
#31 C:\\Users\\HP\\Documents\\GitHub\\gestion-bibliotheque\\laravel-backend\\vendor\\laravel\\framework\\src\\Illuminate\\Container\\BoundMethod.php(36): Illuminate\\Database\\Console\\Migrations\\FreshCommand->handle()
#32 C:\\Users\\HP\\Documents\\GitHub\\gestion-bibliotheque\\laravel-backend\\vendor\\laravel\\framework\\src\\Illuminate\\Container\\Util.php(43): Illuminate\\Container\\BoundMethod::Illuminate\\Container\\{closure}()
#33 C:\\Users\\HP\\Documents\\GitHub\\gestion-bibliotheque\\laravel-backend\\vendor\\laravel\\framework\\src\\Illuminate\\Container\\BoundMethod.php(95): Illuminate\\Container\\Util::unwrapIfClosure()
#34 C:\\Users\\HP\\Documents\\GitHub\\gestion-bibliotheque\\laravel-backend\\vendor\\laravel\\framework\\src\\Illuminate\\Container\\BoundMethod.php(35): Illuminate\\Container\\BoundMethod::callBoundMethod()
#35 C:\\Users\\HP\\Documents\\GitHub\\gestion-bibliotheque\\laravel-backend\\vendor\\laravel\\framework\\src\\Illuminate\\Container\\Container.php(694): Illuminate\\Container\\BoundMethod::call()
#36 C:\\Users\\HP\\Documents\\GitHub\\gestion-bibliotheque\\laravel-backend\\vendor\\laravel\\framework\\src\\Illuminate\\Console\\Command.php(213): Illuminate\\Container\\Container->call()
#37 C:\\Users\\HP\\Documents\\GitHub\\gestion-bibliotheque\\laravel-backend\\vendor\\symfony\\console\\Command\\Command.php(279): Illuminate\\Console\\Command->execute()
#38 C:\\Users\\HP\\Documents\\GitHub\\gestion-bibliotheque\\laravel-backend\\vendor\\laravel\\framework\\src\\Illuminate\\Console\\Command.php(182): Symfony\\Component\\Console\\Command\\Command->run()
#39 C:\\Users\\HP\\Documents\\GitHub\\gestion-bibliotheque\\laravel-backend\\vendor\\symfony\\console\\Application.php(1094): Illuminate\\Console\\Command->run()
#40 C:\\Users\\HP\\Documents\\GitHub\\gestion-bibliotheque\\laravel-backend\\vendor\\symfony\\console\\Application.php(342): Symfony\\Component\\Console\\Application->doRunCommand()
#41 C:\\Users\\HP\\Documents\\GitHub\\gestion-bibliotheque\\laravel-backend\\vendor\\symfony\\console\\Application.php(193): Symfony\\Component\\Console\\Application->doRun()
#42 C:\\Users\\HP\\Documents\\GitHub\\gestion-bibliotheque\\laravel-backend\\vendor\\laravel\\framework\\src\\Illuminate\\Foundation\\Console\\Kernel.php(198): Symfony\\Component\\Console\\Application->run()
#43 C:\\Users\\HP\\Documents\\GitHub\\gestion-bibliotheque\\laravel-backend\\vendor\\laravel\\framework\\src\\Illuminate\\Foundation\\Application.php(1231): Illuminate\\Foundation\\Console\\Kernel->handle()
#44 C:\\Users\\HP\\Documents\\GitHub\\gestion-bibliotheque\\laravel-backend\\artisan(13): Illuminate\\Foundation\\Application->handleCommand()
#45 {main}

[previous exception] [object] (PDOException(code: 42000): SQLSTATE[42000]: Syntax error or access violation: 1071 La clé est trop longue. Longueur maximale: 1000 at C:\\Users\\HP\\Documents\\GitHub\\gestion-bibliotheque\\laravel-backend\\vendor\\laravel\\framework\\src\\Illuminate\\Database\\Connection.php:571)
[stacktrace]
#0 C:\\Users\\HP\\Documents\\GitHub\\gestion-bibliotheque\\laravel-backend\\vendor\\laravel\\framework\\src\\Illuminate\\Database\\Connection.php(571): PDOStatement->execute()
#1 C:\\Users\\HP\\Documents\\GitHub\\gestion-bibliotheque\\laravel-backend\\vendor\\laravel\\framework\\src\\Illuminate\\Database\\Connection.php(812): Illuminate\\Database\\Connection->Illuminate\\Database\\{closure}()
#2 C:\\Users\\HP\\Documents\\GitHub\\gestion-bibliotheque\\laravel-backend\\vendor\\laravel\\framework\\src\\Illuminate\\Database\\Connection.php(779): Illuminate\\Database\\Connection->runQueryCallback()
#3 C:\\Users\\HP\\Documents\\GitHub\\gestion-bibliotheque\\laravel-backend\\vendor\\laravel\\framework\\src\\Illuminate\\Database\\Connection.php(560): Illuminate\\Database\\Connection->run()
#4 C:\\Users\\HP\\Documents\\GitHub\\gestion-bibliotheque\\laravel-backend\\vendor\\laravel\\framework\\src\\Illuminate\\Database\\Schema\\Blueprint.php(118): Illuminate\\Database\\Connection->statement()
#5 C:\\Users\\HP\\Documents\\GitHub\\gestion-bibliotheque\\laravel-backend\\vendor\\laravel\\framework\\src\\Illuminate\\Database\\Schema\\Builder.php(564): Illuminate\\Database\\Schema\\Blueprint->build()
#6 C:\\Users\\HP\\Documents\\GitHub\\gestion-bibliotheque\\laravel-backend\\vendor\\laravel\\framework\\src\\Illuminate\\Database\\Schema\\Builder.php(418): Illuminate\\Database\\Schema\\Builder->build()
#7 C:\\Users\\HP\\Documents\\GitHub\\gestion-bibliotheque\\laravel-backend\\vendor\\laravel\\framework\\src\\Illuminate\\Support\\Facades\\Facade.php(361): Illuminate\\Database\\Schema\\Builder->create()
#8 C:\\Users\\HP\\Documents\\GitHub\\gestion-bibliotheque\\laravel-backend\\database\\migrations\\0001_01_01_000000_create_users_table.php(14): Illuminate\\Support\\Facades\\Facade::__callStatic()
#9 C:\\Users\\HP\\Documents\\GitHub\\gestion-bibliotheque\\laravel-backend\\vendor\\laravel\\framework\\src\\Illuminate\\Database\\Migrations\\Migrator.php(484): Illuminate\\Database\\Migrations\\Migration@anonymous->up()
#10 C:\\Users\\HP\\Documents\\GitHub\\gestion-bibliotheque\\laravel-backend\\vendor\\laravel\\framework\\src\\Illuminate\\Database\\Migrations\\Migrator.php(409): Illuminate\\Database\\Migrations\\Migrator->runMethod()
#11 C:\\Users\\HP\\Documents\\GitHub\\gestion-bibliotheque\\laravel-backend\\vendor\\laravel\\framework\\src\\Illuminate\\Database\\Migrations\\Migrator.php(418): Illuminate\\Database\\Migrations\\Migrator->Illuminate\\Database\\Migrations\\{closure}()
#12 C:\\Users\\HP\\Documents\\GitHub\\gestion-bibliotheque\\laravel-backend\\vendor\\laravel\\framework\\src\\Illuminate\\Database\\Migrations\\Migrator.php(221): Illuminate\\Database\\Migrations\\Migrator->runMigration()
#13 C:\\Users\\HP\\Documents\\GitHub\\gestion-bibliotheque\\laravel-backend\\vendor\\laravel\\framework\\src\\Illuminate\\Console\\View\\Components\\Task.php(40): Illuminate\\Database\\Migrations\\Migrator->Illuminate\\Database\\Migrations\\{closure}()
#14 C:\\Users\\HP\\Documents\\GitHub\\gestion-bibliotheque\\laravel-backend\\vendor\\laravel\\framework\\src\\Illuminate\\Database\\Migrations\\Migrator.php(764): Illuminate\\Console\\View\\Components\\Task->render()
#15 C:\\Users\\HP\\Documents\\GitHub\\gestion-bibliotheque\\laravel-backend\\vendor\\laravel\\framework\\src\\Illuminate\\Database\\Migrations\\Migrator.php(221): Illuminate\\Database\\Migrations\\Migrator->write()
#16 C:\\Users\\HP\\Documents\\GitHub\\gestion-bibliotheque\\laravel-backend\\vendor\\laravel\\framework\\src\\Illuminate\\Database\\Migrations\\Migrator.php(188): Illuminate\\Database\\Migrations\\Migrator->runUp()
#17 C:\\Users\\HP\\Documents\\GitHub\\gestion-bibliotheque\\laravel-backend\\vendor\\laravel\\framework\\src\\Illuminate\\Database\\Migrations\\Migrator.php(131): Illuminate\\Database\\Migrations\\Migrator->runPending()
#18 C:\\Users\\HP\\Documents\\GitHub\\gestion-bibliotheque\\laravel-backend\\vendor\\laravel\\framework\\src\\Illuminate\\Database\\Console\\Migrations\\MigrateCommand.php(117): Illuminate\\Database\\Migrations\\Migrator->run()
#19 C:\\Users\\HP\\Documents\\GitHub\\gestion-bibliotheque\\laravel-backend\\vendor\\laravel\\framework\\src\\Illuminate\\Database\\Migrations\\Migrator.php(624): Illuminate\\Database\\Console\\Migrations\\MigrateCommand->Illuminate\\Database\\Console\\Migrations\\{closure}()
#20 C:\\Users\\HP\\Documents\\GitHub\\gestion-bibliotheque\\laravel-backend\\vendor\\laravel\\framework\\src\\Illuminate\\Database\\Console\\Migrations\\MigrateCommand.php(110): Illuminate\\Database\\Migrations\\Migrator->usingConnection()
#21 C:\\Users\\HP\\Documents\\GitHub\\gestion-bibliotheque\\laravel-backend\\vendor\\laravel\\framework\\src\\Illuminate\\Database\\Console\\Migrations\\MigrateCommand.php(89): Illuminate\\Database\\Console\\Migrations\\MigrateCommand->runMigrations()
#22 C:\\Users\\HP\\Documents\\GitHub\\gestion-bibliotheque\\laravel-backend\\vendor\\laravel\\framework\\src\\Illuminate\\Container\\BoundMethod.php(36): Illuminate\\Database\\Console\\Migrations\\MigrateCommand->handle()
#23 C:\\Users\\HP\\Documents\\GitHub\\gestion-bibliotheque\\laravel-backend\\vendor\\laravel\\framework\\src\\Illuminate\\Container\\Util.php(43): Illuminate\\Container\\BoundMethod::Illuminate\\Container\\{closure}()
#24 C:\\Users\\HP\\Documents\\GitHub\\gestion-bibliotheque\\laravel-backend\\vendor\\laravel\\framework\\src\\Illuminate\\Container\\BoundMethod.php(95): Illuminate\\Container\\Util::unwrapIfClosure()
#25 C:\\Users\\HP\\Documents\\GitHub\\gestion-bibliotheque\\laravel-backend\\vendor\\laravel\\framework\\src\\Illuminate\\Container\\BoundMethod.php(35): Illuminate\\Container\\BoundMethod::callBoundMethod()
#26 C:\\Users\\HP\\Documents\\GitHub\\gestion-bibliotheque\\laravel-backend\\vendor\\laravel\\framework\\src\\Illuminate\\Container\\Container.php(694): Illuminate\\Container\\BoundMethod::call()
#27 C:\\Users\\HP\\Documents\\GitHub\\gestion-bibliotheque\\laravel-backend\\vendor\\laravel\\framework\\src\\Illuminate\\Console\\Command.php(213): Illuminate\\Container\\Container->call()
#28 C:\\Users\\HP\\Documents\\GitHub\\gestion-bibliotheque\\laravel-backend\\vendor\\symfony\\console\\Command\\Command.php(279): Illuminate\\Console\\Command->execute()
#29 C:\\Users\\HP\\Documents\\GitHub\\gestion-bibliotheque\\laravel-backend\\vendor\\laravel\\framework\\src\\Illuminate\\Console\\Command.php(182): Symfony\\Component\\Console\\Command\\Command->run()
#30 C:\\Users\\HP\\Documents\\GitHub\\gestion-bibliotheque\\laravel-backend\\vendor\\laravel\\framework\\src\\Illuminate\\Console\\Concerns\\CallsCommands.php(68): Illuminate\\Console\\Command->run()
#31 C:\\Users\\HP\\Documents\\GitHub\\gestion-bibliotheque\\laravel-backend\\vendor\\laravel\\framework\\src\\Illuminate\\Console\\Concerns\\CallsCommands.php(29): Illuminate\\Console\\Command->runCommand()
#32 C:\\Users\\HP\\Documents\\GitHub\\gestion-bibliotheque\\laravel-backend\\vendor\\laravel\\framework\\src\\Illuminate\\Database\\Console\\Migrations\\FreshCommand.php(82): Illuminate\\Console\\Command->call()
#33 C:\\Users\\HP\\Documents\\GitHub\\gestion-bibliotheque\\laravel-backend\\vendor\\laravel\\framework\\src\\Illuminate\\Container\\BoundMethod.php(36): Illuminate\\Database\\Console\\Migrations\\FreshCommand->handle()
#34 C:\\Users\\HP\\Documents\\GitHub\\gestion-bibliotheque\\laravel-backend\\vendor\\laravel\\framework\\src\\Illuminate\\Container\\Util.php(43): Illuminate\\Container\\BoundMethod::Illuminate\\Container\\{closure}()
#35 C:\\Users\\HP\\Documents\\GitHub\\gestion-bibliotheque\\laravel-backend\\vendor\\laravel\\framework\\src\\Illuminate\\Container\\BoundMethod.php(95): Illuminate\\Container\\Util::unwrapIfClosure()
#36 C:\\Users\\HP\\Documents\\GitHub\\gestion-bibliotheque\\laravel-backend\\vendor\\laravel\\framework\\src\\Illuminate\\Container\\BoundMethod.php(35): Illuminate\\Container\\BoundMethod::callBoundMethod()
#37 C:\\Users\\HP\\Documents\\GitHub\\gestion-bibliotheque\\laravel-backend\\vendor\\laravel\\framework\\src\\Illuminate\\Container\\Container.php(694): Illuminate\\Container\\BoundMethod::call()
#38 C:\\Users\\HP\\Documents\\GitHub\\gestion-bibliotheque\\laravel-backend\\vendor\\laravel\\framework\\src\\Illuminate\\Console\\Command.php(213): Illuminate\\Container\\Container->call()
#39 C:\\Users\\HP\\Documents\\GitHub\\gestion-bibliotheque\\laravel-backend\\vendor\\symfony\\console\\Command\\Command.php(279): Illuminate\\Console\\Command->execute()
#40 C:\\Users\\HP\\Documents\\GitHub\\gestion-bibliotheque\\laravel-backend\\vendor\\laravel\\framework\\src\\Illuminate\\Console\\Command.php(182): Symfony\\Component\\Console\\Command\\Command->run()
#41 C:\\Users\\HP\\Documents\\GitHub\\gestion-bibliotheque\\laravel-backend\\vendor\\symfony\\console\\Application.php(1094): Illuminate\\Console\\Command->run()
#42 C:\\Users\\HP\\Documents\\GitHub\\gestion-bibliotheque\\laravel-backend\\vendor\\symfony\\console\\Application.php(342): Symfony\\Component\\Console\\Application->doRunCommand()
#43 C:\\Users\\HP\\Documents\\GitHub\\gestion-bibliotheque\\laravel-backend\\vendor\\symfony\\console\\Application.php(193): Symfony\\Component\\Console\\Application->doRun()
#44 C:\\Users\\HP\\Documents\\GitHub\\gestion-bibliotheque\\laravel-backend\\vendor\\laravel\\framework\\src\\Illuminate\\Foundation\\Console\\Kernel.php(198): Symfony\\Component\\Console\\Application->run()
#45 C:\\Users\\HP\\Documents\\GitHub\\gestion-bibliotheque\\laravel-backend\\vendor\\laravel\\framework\\src\\Illuminate\\Foundation\\Application.php(1231): Illuminate\\Foundation\\Console\\Kernel->handle()
#46 C:\\Users\\HP\\Documents\\GitHub\\gestion-bibliotheque\\laravel-backend\\artisan(13): Illuminate\\Foundation\\Application->handleCommand()
#47 {main}
"} 
[2025-03-22 12:24:07] local.ERROR: Auth guard [sanctum] is not defined. {"exception":"[object] (InvalidArgumentException(code: 0): Auth guard [sanctum] is not defined. at C:\\Users\\HP\\Documents\\GitHub\\gestion-bibliotheque\\laravel-backend\\vendor\\laravel\\framework\\src\\Illuminate\\Auth\\AuthManager.php:86)
[stacktrace]
#0 C:\\Users\\HP\\Documents\\GitHub\\gestion-bibliotheque\\laravel-backend\\vendor\\laravel\\framework\\src\\Illuminate\\Auth\\AuthManager.php(70): Illuminate\\Auth\\AuthManager->resolve()
#1 C:\\Users\\HP\\Documents\\GitHub\\gestion-bibliotheque\\laravel-backend\\vendor\\laravel\\framework\\src\\Illuminate\\Auth\\Middleware\\Authenticate.php(83): Illuminate\\Auth\\AuthManager->guard()
#2 C:\\Users\\HP\\Documents\\GitHub\\gestion-bibliotheque\\laravel-backend\\vendor\\laravel\\framework\\src\\Illuminate\\Auth\\Middleware\\Authenticate.php(62): Illuminate\\Auth\\Middleware\\Authenticate->authenticate()
#3 C:\\Users\\HP\\Documents\\GitHub\\gestion-bibliotheque\\laravel-backend\\vendor\\laravel\\framework\\src\\Illuminate\\Pipeline\\Pipeline.php(209): Illuminate\\Auth\\Middleware\\Authenticate->handle()
#4 C:\\Users\\HP\\Documents\\GitHub\\gestion-bibliotheque\\laravel-backend\\vendor\\laravel\\framework\\src\\Illuminate\\Pipeline\\Pipeline.php(127): Illuminate\\Pipeline\\Pipeline->Illuminate\\Pipeline\\{closure}()
#5 C:\\Users\\HP\\Documents\\GitHub\\gestion-bibliotheque\\laravel-backend\\vendor\\laravel\\framework\\src\\Illuminate\\Routing\\Router.php(807): Illuminate\\Pipeline\\Pipeline->then()
#6 C:\\Users\\HP\\Documents\\GitHub\\gestion-bibliotheque\\laravel-backend\\vendor\\laravel\\framework\\src\\Illuminate\\Routing\\Router.php(786): Illuminate\\Routing\\Router->runRouteWithinStack()
#7 C:\\Users\\HP\\Documents\\GitHub\\gestion-bibliotheque\\laravel-backend\\vendor\\laravel\\framework\\src\\Illuminate\\Routing\\Router.php(750): Illuminate\\Routing\\Router->runRoute()
#8 C:\\Users\\HP\\Documents\\GitHub\\gestion-bibliotheque\\laravel-backend\\vendor\\laravel\\framework\\src\\Illuminate\\Routing\\Router.php(739): Illuminate\\Routing\\Router->dispatchToRoute()
#9 C:\\Users\\HP\\Documents\\GitHub\\gestion-bibliotheque\\laravel-backend\\vendor\\laravel\\framework\\src\\Illuminate\\Foundation\\Http\\Kernel.php(201): Illuminate\\Routing\\Router->dispatch()
#10 C:\\Users\\HP\\Documents\\GitHub\\gestion-bibliotheque\\laravel-backend\\vendor\\laravel\\framework\\src\\Illuminate\\Pipeline\\Pipeline.php(170): Illuminate\\Foundation\\Http\\Kernel->Illuminate\\Foundation\\Http\\{closure}()
#11 C:\\Users\\HP\\Documents\\GitHub\\gestion-bibliotheque\\laravel-backend\\vendor\\laravel\\framework\\src\\Illuminate\\Foundation\\Http\\Middleware\\TransformsRequest.php(21): Illuminate\\Pipeline\\Pipeline->Illuminate\\Pipeline\\{closure}()
#12 C:\\Users\\HP\\Documents\\GitHub\\gestion-bibliotheque\\laravel-backend\\vendor\\laravel\\framework\\src\\Illuminate\\Foundation\\Http\\Middleware\\ConvertEmptyStringsToNull.php(31): Illuminate\\Foundation\\Http\\Middleware\\TransformsRequest->handle()
#13 C:\\Users\\HP\\Documents\\GitHub\\gestion-bibliotheque\\laravel-backend\\vendor\\laravel\\framework\\src\\Illuminate\\Pipeline\\Pipeline.php(209): Illuminate\\Foundation\\Http\\Middleware\\ConvertEmptyStringsToNull->handle()
#14 C:\\Users\\HP\\Documents\\GitHub\\gestion-bibliotheque\\laravel-backend\\vendor\\laravel\\framework\\src\\Illuminate\\Foundation\\Http\\Middleware\\TransformsRequest.php(21): Illuminate\\Pipeline\\Pipeline->Illuminate\\Pipeline\\{closure}()
#15 C:\\Users\\HP\\Documents\\GitHub\\gestion-bibliotheque\\laravel-backend\\vendor\\laravel\\framework\\src\\Illuminate\\Foundation\\Http\\Middleware\\TrimStrings.php(51): Illuminate\\Foundation\\Http\\Middleware\\TransformsRequest->handle()
#16 C:\\Users\\HP\\Documents\\GitHub\\gestion-bibliotheque\\laravel-backend\\vendor\\laravel\\framework\\src\\Illuminate\\Pipeline\\Pipeline.php(209): Illuminate\\Foundation\\Http\\Middleware\\TrimStrings->handle()
#17 C:\\Users\\HP\\Documents\\GitHub\\gestion-bibliotheque\\laravel-backend\\vendor\\laravel\\framework\\src\\Illuminate\\Http\\Middleware\\ValidatePostSize.php(27): Illuminate\\Pipeline\\Pipeline->Illuminate\\Pipeline\\{closure}()
#18 C:\\Users\\HP\\Documents\\GitHub\\gestion-bibliotheque\\laravel-backend\\vendor\\laravel\\framework\\src\\Illuminate\\Pipeline\\Pipeline.php(209): Illuminate\\Http\\Middleware\\ValidatePostSize->handle()
#19 C:\\Users\\HP\\Documents\\GitHub\\gestion-bibliotheque\\laravel-backend\\vendor\\laravel\\framework\\src\\Illuminate\\Foundation\\Http\\Middleware\\PreventRequestsDuringMaintenance.php(110): Illuminate\\Pipeline\\Pipeline->Illuminate\\Pipeline\\{closure}()
#20 C:\\Users\\HP\\Documents\\GitHub\\gestion-bibliotheque\\laravel-backend\\vendor\\laravel\\framework\\src\\Illuminate\\Pipeline\\Pipeline.php(209): Illuminate\\Foundation\\Http\\Middleware\\PreventRequestsDuringMaintenance->handle()
#21 C:\\Users\\HP\\Documents\\GitHub\\gestion-bibliotheque\\laravel-backend\\vendor\\laravel\\framework\\src\\Illuminate\\Http\\Middleware\\HandleCors.php(62): Illuminate\\Pipeline\\Pipeline->Illuminate\\Pipeline\\{closure}()
#22 C:\\Users\\HP\\Documents\\GitHub\\gestion-bibliotheque\\laravel-backend\\vendor\\laravel\\framework\\src\\Illuminate\\Pipeline\\Pipeline.php(209): Illuminate\\Http\\Middleware\\HandleCors->handle()
#23 C:\\Users\\HP\\Documents\\GitHub\\gestion-bibliotheque\\laravel-backend\\vendor\\laravel\\framework\\src\\Illuminate\\Http\\Middleware\\TrustProxies.php(58): Illuminate\\Pipeline\\Pipeline->Illuminate\\Pipeline\\{closure}()
#24 C:\\Users\\HP\\Documents\\GitHub\\gestion-bibliotheque\\laravel-backend\\vendor\\laravel\\framework\\src\\Illuminate\\Pipeline\\Pipeline.php(209): Illuminate\\Http\\Middleware\\TrustProxies->handle()
#25 C:\\Users\\HP\\Documents\\GitHub\\gestion-bibliotheque\\laravel-backend\\vendor\\laravel\\framework\\src\\Illuminate\\Foundation\\Http\\Middleware\\InvokeDeferredCallbacks.php(22): Illuminate\\Pipeline\\Pipeline->Illuminate\\Pipeline\\{closure}()
#26 C:\\Users\\HP\\Documents\\GitHub\\gestion-bibliotheque\\laravel-backend\\vendor\\laravel\\framework\\src\\Illuminate\\Pipeline\\Pipeline.php(209): Illuminate\\Foundation\\Http\\Middleware\\InvokeDeferredCallbacks->handle()
#27 C:\\Users\\HP\\Documents\\GitHub\\gestion-bibliotheque\\laravel-backend\\vendor\\laravel\\framework\\src\\Illuminate\\Pipeline\\Pipeline.php(127): Illuminate\\Pipeline\\Pipeline->Illuminate\\Pipeline\\{closure}()
#28 C:\\Users\\HP\\Documents\\GitHub\\gestion-bibliotheque\\laravel-backend\\vendor\\laravel\\framework\\src\\Illuminate\\Foundation\\Http\\Kernel.php(176): Illuminate\\Pipeline\\Pipeline->then()
#29 C:\\Users\\HP\\Documents\\GitHub\\gestion-bibliotheque\\laravel-backend\\vendor\\laravel\\framework\\src\\Illuminate\\Foundation\\Http\\Kernel.php(145): Illuminate\\Foundation\\Http\\Kernel->sendRequestThroughRouter()
#30 C:\\Users\\HP\\Documents\\GitHub\\gestion-bibliotheque\\laravel-backend\\vendor\\laravel\\framework\\src\\Illuminate\\Foundation\\Application.php(1216): Illuminate\\Foundation\\Http\\Kernel->handle()
#31 C:\\Users\\HP\\Documents\\GitHub\\gestion-bibliotheque\\laravel-backend\\public\\index.php(17): Illuminate\\Foundation\\Application->handleRequest()
#32 C:\\Users\\HP\\Documents\\GitHub\\gestion-bibliotheque\\laravel-backend\\vendor\\laravel\\framework\\src\\Illuminate\\Foundation\\resources\\server.php(23): require_once('...')
#33 {main}
"} 
[2025-03-22 12:24:13] local.ERROR: Auth guard [sanctum] is not defined. {"exception":"[object] (InvalidArgumentException(code: 0): Auth guard [sanctum] is not defined. at C:\\Users\\HP\\Documents\\GitHub\\gestion-bibliotheque\\laravel-backend\\vendor\\laravel\\framework\\src\\Illuminate\\Auth\\AuthManager.php:86)
[stacktrace]
#0 C:\\Users\\HP\\Documents\\GitHub\\gestion-bibliotheque\\laravel-backend\\vendor\\laravel\\framework\\src\\Illuminate\\Auth\\AuthManager.php(70): Illuminate\\Auth\\AuthManager->resolve()
#1 C:\\Users\\HP\\Documents\\GitHub\\gestion-bibliotheque\\laravel-backend\\vendor\\laravel\\framework\\src\\Illuminate\\Auth\\Middleware\\Authenticate.php(83): Illuminate\\Auth\\AuthManager->guard()
#2 C:\\Users\\HP\\Documents\\GitHub\\gestion-bibliotheque\\laravel-backend\\vendor\\laravel\\framework\\src\\Illuminate\\Auth\\Middleware\\Authenticate.php(62): Illuminate\\Auth\\Middleware\\Authenticate->authenticate()
#3 C:\\Users\\HP\\Documents\\GitHub\\gestion-bibliotheque\\laravel-backend\\vendor\\laravel\\framework\\src\\Illuminate\\Pipeline\\Pipeline.php(209): Illuminate\\Auth\\Middleware\\Authenticate->handle()
#4 C:\\Users\\HP\\Documents\\GitHub\\gestion-bibliotheque\\laravel-backend\\vendor\\laravel\\framework\\src\\Illuminate\\Pipeline\\Pipeline.php(127): Illuminate\\Pipeline\\Pipeline->Illuminate\\Pipeline\\{closure}()
#5 C:\\Users\\HP\\Documents\\GitHub\\gestion-bibliotheque\\laravel-backend\\vendor\\laravel\\framework\\src\\Illuminate\\Routing\\Router.php(807): Illuminate\\Pipeline\\Pipeline->then()
#6 C:\\Users\\HP\\Documents\\GitHub\\gestion-bibliotheque\\laravel-backend\\vendor\\laravel\\framework\\src\\Illuminate\\Routing\\Router.php(786): Illuminate\\Routing\\Router->runRouteWithinStack()
#7 C:\\Users\\HP\\Documents\\GitHub\\gestion-bibliotheque\\laravel-backend\\vendor\\laravel\\framework\\src\\Illuminate\\Routing\\Router.php(750): Illuminate\\Routing\\Router->runRoute()
#8 C:\\Users\\HP\\Documents\\GitHub\\gestion-bibliotheque\\laravel-backend\\vendor\\laravel\\framework\\src\\Illuminate\\Routing\\Router.php(739): Illuminate\\Routing\\Router->dispatchToRoute()
#9 C:\\Users\\HP\\Documents\\GitHub\\gestion-bibliotheque\\laravel-backend\\vendor\\laravel\\framework\\src\\Illuminate\\Foundation\\Http\\Kernel.php(201): Illuminate\\Routing\\Router->dispatch()
#10 C:\\Users\\HP\\Documents\\GitHub\\gestion-bibliotheque\\laravel-backend\\vendor\\laravel\\framework\\src\\Illuminate\\Pipeline\\Pipeline.php(170): Illuminate\\Foundation\\Http\\Kernel->Illuminate\\Foundation\\Http\\{closure}()
#11 C:\\Users\\HP\\Documents\\GitHub\\gestion-bibliotheque\\laravel-backend\\vendor\\laravel\\framework\\src\\Illuminate\\Foundation\\Http\\Middleware\\TransformsRequest.php(21): Illuminate\\Pipeline\\Pipeline->Illuminate\\Pipeline\\{closure}()
#12 C:\\Users\\HP\\Documents\\GitHub\\gestion-bibliotheque\\laravel-backend\\vendor\\laravel\\framework\\src\\Illuminate\\Foundation\\Http\\Middleware\\ConvertEmptyStringsToNull.php(31): Illuminate\\Foundation\\Http\\Middleware\\TransformsRequest->handle()
#13 C:\\Users\\HP\\Documents\\GitHub\\gestion-bibliotheque\\laravel-backend\\vendor\\laravel\\framework\\src\\Illuminate\\Pipeline\\Pipeline.php(209): Illuminate\\Foundation\\Http\\Middleware\\ConvertEmptyStringsToNull->handle()
#14 C:\\Users\\HP\\Documents\\GitHub\\gestion-bibliotheque\\laravel-backend\\vendor\\laravel\\framework\\src\\Illuminate\\Foundation\\Http\\Middleware\\TransformsRequest.php(21): Illuminate\\Pipeline\\Pipeline->Illuminate\\Pipeline\\{closure}()
#15 C:\\Users\\HP\\Documents\\GitHub\\gestion-bibliotheque\\laravel-backend\\vendor\\laravel\\framework\\src\\Illuminate\\Foundation\\Http\\Middleware\\TrimStrings.php(51): Illuminate\\Foundation\\Http\\Middleware\\TransformsRequest->handle()
#16 C:\\Users\\HP\\Documents\\GitHub\\gestion-bibliotheque\\laravel-backend\\vendor\\laravel\\framework\\src\\Illuminate\\Pipeline\\Pipeline.php(209): Illuminate\\Foundation\\Http\\Middleware\\TrimStrings->handle()
#17 C:\\Users\\HP\\Documents\\GitHub\\gestion-bibliotheque\\laravel-backend\\vendor\\laravel\\framework\\src\\Illuminate\\Http\\Middleware\\ValidatePostSize.php(27): Illuminate\\Pipeline\\Pipeline->Illuminate\\Pipeline\\{closure}()
#18 C:\\Users\\HP\\Documents\\GitHub\\gestion-bibliotheque\\laravel-backend\\vendor\\laravel\\framework\\src\\Illuminate\\Pipeline\\Pipeline.php(209): Illuminate\\Http\\Middleware\\ValidatePostSize->handle()
#19 C:\\Users\\HP\\Documents\\GitHub\\gestion-bibliotheque\\laravel-backend\\vendor\\laravel\\framework\\src\\Illuminate\\Foundation\\Http\\Middleware\\PreventRequestsDuringMaintenance.php(110): Illuminate\\Pipeline\\Pipeline->Illuminate\\Pipeline\\{closure}()
#20 C:\\Users\\HP\\Documents\\GitHub\\gestion-bibliotheque\\laravel-backend\\vendor\\laravel\\framework\\src\\Illuminate\\Pipeline\\Pipeline.php(209): Illuminate\\Foundation\\Http\\Middleware\\PreventRequestsDuringMaintenance->handle()
#21 C:\\Users\\HP\\Documents\\GitHub\\gestion-bibliotheque\\laravel-backend\\vendor\\laravel\\framework\\src\\Illuminate\\Http\\Middleware\\HandleCors.php(62): Illuminate\\Pipeline\\Pipeline->Illuminate\\Pipeline\\{closure}()
#22 C:\\Users\\HP\\Documents\\GitHub\\gestion-bibliotheque\\laravel-backend\\vendor\\laravel\\framework\\src\\Illuminate\\Pipeline\\Pipeline.php(209): Illuminate\\Http\\Middleware\\HandleCors->handle()
#23 C:\\Users\\HP\\Documents\\GitHub\\gestion-bibliotheque\\laravel-backend\\vendor\\laravel\\framework\\src\\Illuminate\\Http\\Middleware\\TrustProxies.php(58): Illuminate\\Pipeline\\Pipeline->Illuminate\\Pipeline\\{closure}()
#24 C:\\Users\\HP\\Documents\\GitHub\\gestion-bibliotheque\\laravel-backend\\vendor\\laravel\\framework\\src\\Illuminate\\Pipeline\\Pipeline.php(209): Illuminate\\Http\\Middleware\\TrustProxies->handle()
#25 C:\\Users\\HP\\Documents\\GitHub\\gestion-bibliotheque\\laravel-backend\\vendor\\laravel\\framework\\src\\Illuminate\\Foundation\\Http\\Middleware\\InvokeDeferredCallbacks.php(22): Illuminate\\Pipeline\\Pipeline->Illuminate\\Pipeline\\{closure}()
#26 C:\\Users\\HP\\Documents\\GitHub\\gestion-bibliotheque\\laravel-backend\\vendor\\laravel\\framework\\src\\Illuminate\\Pipeline\\Pipeline.php(209): Illuminate\\Foundation\\Http\\Middleware\\InvokeDeferredCallbacks->handle()
#27 C:\\Users\\HP\\Documents\\GitHub\\gestion-bibliotheque\\laravel-backend\\vendor\\laravel\\framework\\src\\Illuminate\\Pipeline\\Pipeline.php(127): Illuminate\\Pipeline\\Pipeline->Illuminate\\Pipeline\\{closure}()
#28 C:\\Users\\HP\\Documents\\GitHub\\gestion-bibliotheque\\laravel-backend\\vendor\\laravel\\framework\\src\\Illuminate\\Foundation\\Http\\Kernel.php(176): Illuminate\\Pipeline\\Pipeline->then()
#29 C:\\Users\\HP\\Documents\\GitHub\\gestion-bibliotheque\\laravel-backend\\vendor\\laravel\\framework\\src\\Illuminate\\Foundation\\Http\\Kernel.php(145): Illuminate\\Foundation\\Http\\Kernel->sendRequestThroughRouter()
#30 C:\\Users\\HP\\Documents\\GitHub\\gestion-bibliotheque\\laravel-backend\\vendor\\laravel\\framework\\src\\Illuminate\\Foundation\\Application.php(1216): Illuminate\\Foundation\\Http\\Kernel->handle()
#31 C:\\Users\\HP\\Documents\\GitHub\\gestion-bibliotheque\\laravel-backend\\public\\index.php(17): Illuminate\\Foundation\\Application->handleRequest()
#32 C:\\Users\\HP\\Documents\\GitHub\\gestion-bibliotheque\\laravel-backend\\vendor\\laravel\\framework\\src\\Illuminate\\Foundation\\resources\\server.php(23): require_once('...')
#33 {main}
"} 
[2025-03-22 12:24:15] local.ERROR: Auth guard [sanctum] is not defined. {"exception":"[object] (InvalidArgumentException(code: 0): Auth guard [sanctum] is not defined. at C:\\Users\\HP\\Documents\\GitHub\\gestion-bibliotheque\\laravel-backend\\vendor\\laravel\\framework\\src\\Illuminate\\Auth\\AuthManager.php:86)
[stacktrace]
#0 C:\\Users\\HP\\Documents\\GitHub\\gestion-bibliotheque\\laravel-backend\\vendor\\laravel\\framework\\src\\Illuminate\\Auth\\AuthManager.php(70): Illuminate\\Auth\\AuthManager->resolve()
#1 C:\\Users\\HP\\Documents\\GitHub\\gestion-bibliotheque\\laravel-backend\\vendor\\laravel\\framework\\src\\Illuminate\\Auth\\Middleware\\Authenticate.php(83): Illuminate\\Auth\\AuthManager->guard()
#2 C:\\Users\\HP\\Documents\\GitHub\\gestion-bibliotheque\\laravel-backend\\vendor\\laravel\\framework\\src\\Illuminate\\Auth\\Middleware\\Authenticate.php(62): Illuminate\\Auth\\Middleware\\Authenticate->authenticate()
#3 C:\\Users\\HP\\Documents\\GitHub\\gestion-bibliotheque\\laravel-backend\\vendor\\laravel\\framework\\src\\Illuminate\\Pipeline\\Pipeline.php(209): Illuminate\\Auth\\Middleware\\Authenticate->handle()
#4 C:\\Users\\HP\\Documents\\GitHub\\gestion-bibliotheque\\laravel-backend\\vendor\\laravel\\framework\\src\\Illuminate\\Pipeline\\Pipeline.php(127): Illuminate\\Pipeline\\Pipeline->Illuminate\\Pipeline\\{closure}()
#5 C:\\Users\\HP\\Documents\\GitHub\\gestion-bibliotheque\\laravel-backend\\vendor\\laravel\\framework\\src\\Illuminate\\Routing\\Router.php(807): Illuminate\\Pipeline\\Pipeline->then()
#6 C:\\Users\\HP\\Documents\\GitHub\\gestion-bibliotheque\\laravel-backend\\vendor\\laravel\\framework\\src\\Illuminate\\Routing\\Router.php(786): Illuminate\\Routing\\Router->runRouteWithinStack()
#7 C:\\Users\\HP\\Documents\\GitHub\\gestion-bibliotheque\\laravel-backend\\vendor\\laravel\\framework\\src\\Illuminate\\Routing\\Router.php(750): Illuminate\\Routing\\Router->runRoute()
#8 C:\\Users\\HP\\Documents\\GitHub\\gestion-bibliotheque\\laravel-backend\\vendor\\laravel\\framework\\src\\Illuminate\\Routing\\Router.php(739): Illuminate\\Routing\\Router->dispatchToRoute()
#9 C:\\Users\\HP\\Documents\\GitHub\\gestion-bibliotheque\\laravel-backend\\vendor\\laravel\\framework\\src\\Illuminate\\Foundation\\Http\\Kernel.php(201): Illuminate\\Routing\\Router->dispatch()
#10 C:\\Users\\HP\\Documents\\GitHub\\gestion-bibliotheque\\laravel-backend\\vendor\\laravel\\framework\\src\\Illuminate\\Pipeline\\Pipeline.php(170): Illuminate\\Foundation\\Http\\Kernel->Illuminate\\Foundation\\Http\\{closure}()
#11 C:\\Users\\HP\\Documents\\GitHub\\gestion-bibliotheque\\laravel-backend\\vendor\\laravel\\framework\\src\\Illuminate\\Foundation\\Http\\Middleware\\TransformsRequest.php(21): Illuminate\\Pipeline\\Pipeline->Illuminate\\Pipeline\\{closure}()
#12 C:\\Users\\HP\\Documents\\GitHub\\gestion-bibliotheque\\laravel-backend\\vendor\\laravel\\framework\\src\\Illuminate\\Foundation\\Http\\Middleware\\ConvertEmptyStringsToNull.php(31): Illuminate\\Foundation\\Http\\Middleware\\TransformsRequest->handle()
#13 C:\\Users\\HP\\Documents\\GitHub\\gestion-bibliotheque\\laravel-backend\\vendor\\laravel\\framework\\src\\Illuminate\\Pipeline\\Pipeline.php(209): Illuminate\\Foundation\\Http\\Middleware\\ConvertEmptyStringsToNull->handle()
#14 C:\\Users\\HP\\Documents\\GitHub\\gestion-bibliotheque\\laravel-backend\\vendor\\laravel\\framework\\src\\Illuminate\\Foundation\\Http\\Middleware\\TransformsRequest.php(21): Illuminate\\Pipeline\\Pipeline->Illuminate\\Pipeline\\{closure}()
#15 C:\\Users\\HP\\Documents\\GitHub\\gestion-bibliotheque\\laravel-backend\\vendor\\laravel\\framework\\src\\Illuminate\\Foundation\\Http\\Middleware\\TrimStrings.php(51): Illuminate\\Foundation\\Http\\Middleware\\TransformsRequest->handle()
#16 C:\\Users\\HP\\Documents\\GitHub\\gestion-bibliotheque\\laravel-backend\\vendor\\laravel\\framework\\src\\Illuminate\\Pipeline\\Pipeline.php(209): Illuminate\\Foundation\\Http\\Middleware\\TrimStrings->handle()
#17 C:\\Users\\HP\\Documents\\GitHub\\gestion-bibliotheque\\laravel-backend\\vendor\\laravel\\framework\\src\\Illuminate\\Http\\Middleware\\ValidatePostSize.php(27): Illuminate\\Pipeline\\Pipeline->Illuminate\\Pipeline\\{closure}()
#18 C:\\Users\\HP\\Documents\\GitHub\\gestion-bibliotheque\\laravel-backend\\vendor\\laravel\\framework\\src\\Illuminate\\Pipeline\\Pipeline.php(209): Illuminate\\Http\\Middleware\\ValidatePostSize->handle()
#19 C:\\Users\\HP\\Documents\\GitHub\\gestion-bibliotheque\\laravel-backend\\vendor\\laravel\\framework\\src\\Illuminate\\Foundation\\Http\\Middleware\\PreventRequestsDuringMaintenance.php(110): Illuminate\\Pipeline\\Pipeline->Illuminate\\Pipeline\\{closure}()
#20 C:\\Users\\HP\\Documents\\GitHub\\gestion-bibliotheque\\laravel-backend\\vendor\\laravel\\framework\\src\\Illuminate\\Pipeline\\Pipeline.php(209): Illuminate\\Foundation\\Http\\Middleware\\PreventRequestsDuringMaintenance->handle()
#21 C:\\Users\\HP\\Documents\\GitHub\\gestion-bibliotheque\\laravel-backend\\vendor\\laravel\\framework\\src\\Illuminate\\Http\\Middleware\\HandleCors.php(62): Illuminate\\Pipeline\\Pipeline->Illuminate\\Pipeline\\{closure}()
#22 C:\\Users\\HP\\Documents\\GitHub\\gestion-bibliotheque\\laravel-backend\\vendor\\laravel\\framework\\src\\Illuminate\\Pipeline\\Pipeline.php(209): Illuminate\\Http\\Middleware\\HandleCors->handle()
#23 C:\\Users\\HP\\Documents\\GitHub\\gestion-bibliotheque\\laravel-backend\\vendor\\laravel\\framework\\src\\Illuminate\\Http\\Middleware\\TrustProxies.php(58): Illuminate\\Pipeline\\Pipeline->Illuminate\\Pipeline\\{closure}()
#24 C:\\Users\\HP\\Documents\\GitHub\\gestion-bibliotheque\\laravel-backend\\vendor\\laravel\\framework\\src\\Illuminate\\Pipeline\\Pipeline.php(209): Illuminate\\Http\\Middleware\\TrustProxies->handle()
#25 C:\\Users\\HP\\Documents\\GitHub\\gestion-bibliotheque\\laravel-backend\\vendor\\laravel\\framework\\src\\Illuminate\\Foundation\\Http\\Middleware\\InvokeDeferredCallbacks.php(22): Illuminate\\Pipeline\\Pipeline->Illuminate\\Pipeline\\{closure}()
#26 C:\\Users\\HP\\Documents\\GitHub\\gestion-bibliotheque\\laravel-backend\\vendor\\laravel\\framework\\src\\Illuminate\\Pipeline\\Pipeline.php(209): Illuminate\\Foundation\\Http\\Middleware\\InvokeDeferredCallbacks->handle()
#27 C:\\Users\\HP\\Documents\\GitHub\\gestion-bibliotheque\\laravel-backend\\vendor\\laravel\\framework\\src\\Illuminate\\Pipeline\\Pipeline.php(127): Illuminate\\Pipeline\\Pipeline->Illuminate\\Pipeline\\{closure}()
#28 C:\\Users\\HP\\Documents\\GitHub\\gestion-bibliotheque\\laravel-backend\\vendor\\laravel\\framework\\src\\Illuminate\\Foundation\\Http\\Kernel.php(176): Illuminate\\Pipeline\\Pipeline->then()
#29 C:\\Users\\HP\\Documents\\GitHub\\gestion-bibliotheque\\laravel-backend\\vendor\\laravel\\framework\\src\\Illuminate\\Foundation\\Http\\Kernel.php(145): Illuminate\\Foundation\\Http\\Kernel->sendRequestThroughRouter()
#30 C:\\Users\\HP\\Documents\\GitHub\\gestion-bibliotheque\\laravel-backend\\vendor\\laravel\\framework\\src\\Illuminate\\Foundation\\Application.php(1216): Illuminate\\Foundation\\Http\\Kernel->handle()
#31 C:\\Users\\HP\\Documents\\GitHub\\gestion-bibliotheque\\laravel-backend\\public\\index.php(17): Illuminate\\Foundation\\Application->handleRequest()
#32 C:\\Users\\HP\\Documents\\GitHub\\gestion-bibliotheque\\laravel-backend\\vendor\\laravel\\framework\\src\\Illuminate\\Foundation\\resources\\server.php(23): require_once('...')
#33 {main}
"} 
[2025-03-22 12:24:18] local.ERROR: Auth guard [sanctum] is not defined. {"exception":"[object] (InvalidArgumentException(code: 0): Auth guard [sanctum] is not defined. at C:\\Users\\HP\\Documents\\GitHub\\gestion-bibliotheque\\laravel-backend\\vendor\\laravel\\framework\\src\\Illuminate\\Auth\\AuthManager.php:86)
[stacktrace]
#0 C:\\Users\\HP\\Documents\\GitHub\\gestion-bibliotheque\\laravel-backend\\vendor\\laravel\\framework\\src\\Illuminate\\Auth\\AuthManager.php(70): Illuminate\\Auth\\AuthManager->resolve()
#1 C:\\Users\\HP\\Documents\\GitHub\\gestion-bibliotheque\\laravel-backend\\vendor\\laravel\\framework\\src\\Illuminate\\Auth\\Middleware\\Authenticate.php(83): Illuminate\\Auth\\AuthManager->guard()
#2 C:\\Users\\HP\\Documents\\GitHub\\gestion-bibliotheque\\laravel-backend\\vendor\\laravel\\framework\\src\\Illuminate\\Auth\\Middleware\\Authenticate.php(62): Illuminate\\Auth\\Middleware\\Authenticate->authenticate()
#3 C:\\Users\\HP\\Documents\\GitHub\\gestion-bibliotheque\\laravel-backend\\vendor\\laravel\\framework\\src\\Illuminate\\Pipeline\\Pipeline.php(209): Illuminate\\Auth\\Middleware\\Authenticate->handle()
#4 C:\\Users\\HP\\Documents\\GitHub\\gestion-bibliotheque\\laravel-backend\\vendor\\laravel\\framework\\src\\Illuminate\\Pipeline\\Pipeline.php(127): Illuminate\\Pipeline\\Pipeline->Illuminate\\Pipeline\\{closure}()
#5 C:\\Users\\HP\\Documents\\GitHub\\gestion-bibliotheque\\laravel-backend\\vendor\\laravel\\framework\\src\\Illuminate\\Routing\\Router.php(807): Illuminate\\Pipeline\\Pipeline->then()
#6 C:\\Users\\HP\\Documents\\GitHub\\gestion-bibliotheque\\laravel-backend\\vendor\\laravel\\framework\\src\\Illuminate\\Routing\\Router.php(786): Illuminate\\Routing\\Router->runRouteWithinStack()
#7 C:\\Users\\HP\\Documents\\GitHub\\gestion-bibliotheque\\laravel-backend\\vendor\\laravel\\framework\\src\\Illuminate\\Routing\\Router.php(750): Illuminate\\Routing\\Router->runRoute()
#8 C:\\Users\\HP\\Documents\\GitHub\\gestion-bibliotheque\\laravel-backend\\vendor\\laravel\\framework\\src\\Illuminate\\Routing\\Router.php(739): Illuminate\\Routing\\Router->dispatchToRoute()
#9 C:\\Users\\HP\\Documents\\GitHub\\gestion-bibliotheque\\laravel-backend\\vendor\\laravel\\framework\\src\\Illuminate\\Foundation\\Http\\Kernel.php(201): Illuminate\\Routing\\Router->dispatch()
#10 C:\\Users\\HP\\Documents\\GitHub\\gestion-bibliotheque\\laravel-backend\\vendor\\laravel\\framework\\src\\Illuminate\\Pipeline\\Pipeline.php(170): Illuminate\\Foundation\\Http\\Kernel->Illuminate\\Foundation\\Http\\{closure}()
#11 C:\\Users\\HP\\Documents\\GitHub\\gestion-bibliotheque\\laravel-backend\\vendor\\laravel\\framework\\src\\Illuminate\\Foundation\\Http\\Middleware\\TransformsRequest.php(21): Illuminate\\Pipeline\\Pipeline->Illuminate\\Pipeline\\{closure}()
#12 C:\\Users\\HP\\Documents\\GitHub\\gestion-bibliotheque\\laravel-backend\\vendor\\laravel\\framework\\src\\Illuminate\\Foundation\\Http\\Middleware\\ConvertEmptyStringsToNull.php(31): Illuminate\\Foundation\\Http\\Middleware\\TransformsRequest->handle()
#13 C:\\Users\\HP\\Documents\\GitHub\\gestion-bibliotheque\\laravel-backend\\vendor\\laravel\\framework\\src\\Illuminate\\Pipeline\\Pipeline.php(209): Illuminate\\Foundation\\Http\\Middleware\\ConvertEmptyStringsToNull->handle()
#14 C:\\Users\\HP\\Documents\\GitHub\\gestion-bibliotheque\\laravel-backend\\vendor\\laravel\\framework\\src\\Illuminate\\Foundation\\Http\\Middleware\\TransformsRequest.php(21): Illuminate\\Pipeline\\Pipeline->Illuminate\\Pipeline\\{closure}()
#15 C:\\Users\\HP\\Documents\\GitHub\\gestion-bibliotheque\\laravel-backend\\vendor\\laravel\\framework\\src\\Illuminate\\Foundation\\Http\\Middleware\\TrimStrings.php(51): Illuminate\\Foundation\\Http\\Middleware\\TransformsRequest->handle()
#16 C:\\Users\\HP\\Documents\\GitHub\\gestion-bibliotheque\\laravel-backend\\vendor\\laravel\\framework\\src\\Illuminate\\Pipeline\\Pipeline.php(209): Illuminate\\Foundation\\Http\\Middleware\\TrimStrings->handle()
#17 C:\\Users\\HP\\Documents\\GitHub\\gestion-bibliotheque\\laravel-backend\\vendor\\laravel\\framework\\src\\Illuminate\\Http\\Middleware\\ValidatePostSize.php(27): Illuminate\\Pipeline\\Pipeline->Illuminate\\Pipeline\\{closure}()
#18 C:\\Users\\HP\\Documents\\GitHub\\gestion-bibliotheque\\laravel-backend\\vendor\\laravel\\framework\\src\\Illuminate\\Pipeline\\Pipeline.php(209): Illuminate\\Http\\Middleware\\ValidatePostSize->handle()
#19 C:\\Users\\HP\\Documents\\GitHub\\gestion-bibliotheque\\laravel-backend\\vendor\\laravel\\framework\\src\\Illuminate\\Foundation\\Http\\Middleware\\PreventRequestsDuringMaintenance.php(110): Illuminate\\Pipeline\\Pipeline->Illuminate\\Pipeline\\{closure}()
#20 C:\\Users\\HP\\Documents\\GitHub\\gestion-bibliotheque\\laravel-backend\\vendor\\laravel\\framework\\src\\Illuminate\\Pipeline\\Pipeline.php(209): Illuminate\\Foundation\\Http\\Middleware\\PreventRequestsDuringMaintenance->handle()
#21 C:\\Users\\HP\\Documents\\GitHub\\gestion-bibliotheque\\laravel-backend\\vendor\\laravel\\framework\\src\\Illuminate\\Http\\Middleware\\HandleCors.php(62): Illuminate\\Pipeline\\Pipeline->Illuminate\\Pipeline\\{closure}()
#22 C:\\Users\\HP\\Documents\\GitHub\\gestion-bibliotheque\\laravel-backend\\vendor\\laravel\\framework\\src\\Illuminate\\Pipeline\\Pipeline.php(209): Illuminate\\Http\\Middleware\\HandleCors->handle()
#23 C:\\Users\\HP\\Documents\\GitHub\\gestion-bibliotheque\\laravel-backend\\vendor\\laravel\\framework\\src\\Illuminate\\Http\\Middleware\\TrustProxies.php(58): Illuminate\\Pipeline\\Pipeline->Illuminate\\Pipeline\\{closure}()
#24 C:\\Users\\HP\\Documents\\GitHub\\gestion-bibliotheque\\laravel-backend\\vendor\\laravel\\framework\\src\\Illuminate\\Pipeline\\Pipeline.php(209): Illuminate\\Http\\Middleware\\TrustProxies->handle()
#25 C:\\Users\\HP\\Documents\\GitHub\\gestion-bibliotheque\\laravel-backend\\vendor\\laravel\\framework\\src\\Illuminate\\Foundation\\Http\\Middleware\\InvokeDeferredCallbacks.php(22): Illuminate\\Pipeline\\Pipeline->Illuminate\\Pipeline\\{closure}()
#26 C:\\Users\\HP\\Documents\\GitHub\\gestion-bibliotheque\\laravel-backend\\vendor\\laravel\\framework\\src\\Illuminate\\Pipeline\\Pipeline.php(209): Illuminate\\Foundation\\Http\\Middleware\\InvokeDeferredCallbacks->handle()
#27 C:\\Users\\HP\\Documents\\GitHub\\gestion-bibliotheque\\laravel-backend\\vendor\\laravel\\framework\\src\\Illuminate\\Pipeline\\Pipeline.php(127): Illuminate\\Pipeline\\Pipeline->Illuminate\\Pipeline\\{closure}()
#28 C:\\Users\\HP\\Documents\\GitHub\\gestion-bibliotheque\\laravel-backend\\vendor\\laravel\\framework\\src\\Illuminate\\Foundation\\Http\\Kernel.php(176): Illuminate\\Pipeline\\Pipeline->then()
#29 C:\\Users\\HP\\Documents\\GitHub\\gestion-bibliotheque\\laravel-backend\\vendor\\laravel\\framework\\src\\Illuminate\\Foundation\\Http\\Kernel.php(145): Illuminate\\Foundation\\Http\\Kernel->sendRequestThroughRouter()
#30 C:\\Users\\HP\\Documents\\GitHub\\gestion-bibliotheque\\laravel-backend\\vendor\\laravel\\framework\\src\\Illuminate\\Foundation\\Application.php(1216): Illuminate\\Foundation\\Http\\Kernel->handle()
#31 C:\\Users\\HP\\Documents\\GitHub\\gestion-bibliotheque\\laravel-backend\\public\\index.php(17): Illuminate\\Foundation\\Application->handleRequest()
#32 C:\\Users\\HP\\Documents\\GitHub\\gestion-bibliotheque\\laravel-backend\\vendor\\laravel\\framework\\src\\Illuminate\\Foundation\\resources\\server.php(23): require_once('...')
#33 {main}
"} 
[2025-03-22 12:24:21] local.ERROR: Auth guard [sanctum] is not defined. {"exception":"[object] (InvalidArgumentException(code: 0): Auth guard [sanctum] is not defined. at C:\\Users\\HP\\Documents\\GitHub\\gestion-bibliotheque\\laravel-backend\\vendor\\laravel\\framework\\src\\Illuminate\\Auth\\AuthManager.php:86)
[stacktrace]
#0 C:\\Users\\HP\\Documents\\GitHub\\gestion-bibliotheque\\laravel-backend\\vendor\\laravel\\framework\\src\\Illuminate\\Auth\\AuthManager.php(70): Illuminate\\Auth\\AuthManager->resolve()
#1 C:\\Users\\HP\\Documents\\GitHub\\gestion-bibliotheque\\laravel-backend\\vendor\\laravel\\framework\\src\\Illuminate\\Auth\\Middleware\\Authenticate.php(83): Illuminate\\Auth\\AuthManager->guard()
#2 C:\\Users\\HP\\Documents\\GitHub\\gestion-bibliotheque\\laravel-backend\\vendor\\laravel\\framework\\src\\Illuminate\\Auth\\Middleware\\Authenticate.php(62): Illuminate\\Auth\\Middleware\\Authenticate->authenticate()
#3 C:\\Users\\HP\\Documents\\GitHub\\gestion-bibliotheque\\laravel-backend\\vendor\\laravel\\framework\\src\\Illuminate\\Pipeline\\Pipeline.php(209): Illuminate\\Auth\\Middleware\\Authenticate->handle()
#4 C:\\Users\\HP\\Documents\\GitHub\\gestion-bibliotheque\\laravel-backend\\vendor\\laravel\\framework\\src\\Illuminate\\Pipeline\\Pipeline.php(127): Illuminate\\Pipeline\\Pipeline->Illuminate\\Pipeline\\{closure}()
#5 C:\\Users\\HP\\Documents\\GitHub\\gestion-bibliotheque\\laravel-backend\\vendor\\laravel\\framework\\src\\Illuminate\\Routing\\Router.php(807): Illuminate\\Pipeline\\Pipeline->then()
#6 C:\\Users\\HP\\Documents\\GitHub\\gestion-bibliotheque\\laravel-backend\\vendor\\laravel\\framework\\src\\Illuminate\\Routing\\Router.php(786): Illuminate\\Routing\\Router->runRouteWithinStack()
#7 C:\\Users\\HP\\Documents\\GitHub\\gestion-bibliotheque\\laravel-backend\\vendor\\laravel\\framework\\src\\Illuminate\\Routing\\Router.php(750): Illuminate\\Routing\\Router->runRoute()
#8 C:\\Users\\HP\\Documents\\GitHub\\gestion-bibliotheque\\laravel-backend\\vendor\\laravel\\framework\\src\\Illuminate\\Routing\\Router.php(739): Illuminate\\Routing\\Router->dispatchToRoute()
#9 C:\\Users\\HP\\Documents\\GitHub\\gestion-bibliotheque\\laravel-backend\\vendor\\laravel\\framework\\src\\Illuminate\\Foundation\\Http\\Kernel.php(201): Illuminate\\Routing\\Router->dispatch()
#10 C:\\Users\\HP\\Documents\\GitHub\\gestion-bibliotheque\\laravel-backend\\vendor\\laravel\\framework\\src\\Illuminate\\Pipeline\\Pipeline.php(170): Illuminate\\Foundation\\Http\\Kernel->Illuminate\\Foundation\\Http\\{closure}()
#11 C:\\Users\\HP\\Documents\\GitHub\\gestion-bibliotheque\\laravel-backend\\vendor\\laravel\\framework\\src\\Illuminate\\Foundation\\Http\\Middleware\\TransformsRequest.php(21): Illuminate\\Pipeline\\Pipeline->Illuminate\\Pipeline\\{closure}()
#12 C:\\Users\\HP\\Documents\\GitHub\\gestion-bibliotheque\\laravel-backend\\vendor\\laravel\\framework\\src\\Illuminate\\Foundation\\Http\\Middleware\\ConvertEmptyStringsToNull.php(31): Illuminate\\Foundation\\Http\\Middleware\\TransformsRequest->handle()
#13 C:\\Users\\HP\\Documents\\GitHub\\gestion-bibliotheque\\laravel-backend\\vendor\\laravel\\framework\\src\\Illuminate\\Pipeline\\Pipeline.php(209): Illuminate\\Foundation\\Http\\Middleware\\ConvertEmptyStringsToNull->handle()
#14 C:\\Users\\HP\\Documents\\GitHub\\gestion-bibliotheque\\laravel-backend\\vendor\\laravel\\framework\\src\\Illuminate\\Foundation\\Http\\Middleware\\TransformsRequest.php(21): Illuminate\\Pipeline\\Pipeline->Illuminate\\Pipeline\\{closure}()
#15 C:\\Users\\HP\\Documents\\GitHub\\gestion-bibliotheque\\laravel-backend\\vendor\\laravel\\framework\\src\\Illuminate\\Foundation\\Http\\Middleware\\TrimStrings.php(51): Illuminate\\Foundation\\Http\\Middleware\\TransformsRequest->handle()
#16 C:\\Users\\HP\\Documents\\GitHub\\gestion-bibliotheque\\laravel-backend\\vendor\\laravel\\framework\\src\\Illuminate\\Pipeline\\Pipeline.php(209): Illuminate\\Foundation\\Http\\Middleware\\TrimStrings->handle()
#17 C:\\Users\\HP\\Documents\\GitHub\\gestion-bibliotheque\\laravel-backend\\vendor\\laravel\\framework\\src\\Illuminate\\Http\\Middleware\\ValidatePostSize.php(27): Illuminate\\Pipeline\\Pipeline->Illuminate\\Pipeline\\{closure}()
#18 C:\\Users\\HP\\Documents\\GitHub\\gestion-bibliotheque\\laravel-backend\\vendor\\laravel\\framework\\src\\Illuminate\\Pipeline\\Pipeline.php(209): Illuminate\\Http\\Middleware\\ValidatePostSize->handle()
#19 C:\\Users\\HP\\Documents\\GitHub\\gestion-bibliotheque\\laravel-backend\\vendor\\laravel\\framework\\src\\Illuminate\\Foundation\\Http\\Middleware\\PreventRequestsDuringMaintenance.php(110): Illuminate\\Pipeline\\Pipeline->Illuminate\\Pipeline\\{closure}()
#20 C:\\Users\\HP\\Documents\\GitHub\\gestion-bibliotheque\\laravel-backend\\vendor\\laravel\\framework\\src\\Illuminate\\Pipeline\\Pipeline.php(209): Illuminate\\Foundation\\Http\\Middleware\\PreventRequestsDuringMaintenance->handle()
#21 C:\\Users\\HP\\Documents\\GitHub\\gestion-bibliotheque\\laravel-backend\\vendor\\laravel\\framework\\src\\Illuminate\\Http\\Middleware\\HandleCors.php(62): Illuminate\\Pipeline\\Pipeline->Illuminate\\Pipeline\\{closure}()
#22 C:\\Users\\HP\\Documents\\GitHub\\gestion-bibliotheque\\laravel-backend\\vendor\\laravel\\framework\\src\\Illuminate\\Pipeline\\Pipeline.php(209): Illuminate\\Http\\Middleware\\HandleCors->handle()
#23 C:\\Users\\HP\\Documents\\GitHub\\gestion-bibliotheque\\laravel-backend\\vendor\\laravel\\framework\\src\\Illuminate\\Http\\Middleware\\TrustProxies.php(58): Illuminate\\Pipeline\\Pipeline->Illuminate\\Pipeline\\{closure}()
#24 C:\\Users\\HP\\Documents\\GitHub\\gestion-bibliotheque\\laravel-backend\\vendor\\laravel\\framework\\src\\Illuminate\\Pipeline\\Pipeline.php(209): Illuminate\\Http\\Middleware\\TrustProxies->handle()
#25 C:\\Users\\HP\\Documents\\GitHub\\gestion-bibliotheque\\laravel-backend\\vendor\\laravel\\framework\\src\\Illuminate\\Foundation\\Http\\Middleware\\InvokeDeferredCallbacks.php(22): Illuminate\\Pipeline\\Pipeline->Illuminate\\Pipeline\\{closure}()
#26 C:\\Users\\HP\\Documents\\GitHub\\gestion-bibliotheque\\laravel-backend\\vendor\\laravel\\framework\\src\\Illuminate\\Pipeline\\Pipeline.php(209): Illuminate\\Foundation\\Http\\Middleware\\InvokeDeferredCallbacks->handle()
#27 C:\\Users\\HP\\Documents\\GitHub\\gestion-bibliotheque\\laravel-backend\\vendor\\laravel\\framework\\src\\Illuminate\\Pipeline\\Pipeline.php(127): Illuminate\\Pipeline\\Pipeline->Illuminate\\Pipeline\\{closure}()
#28 C:\\Users\\HP\\Documents\\GitHub\\gestion-bibliotheque\\laravel-backend\\vendor\\laravel\\framework\\src\\Illuminate\\Foundation\\Http\\Kernel.php(176): Illuminate\\Pipeline\\Pipeline->then()
#29 C:\\Users\\HP\\Documents\\GitHub\\gestion-bibliotheque\\laravel-backend\\vendor\\laravel\\framework\\src\\Illuminate\\Foundation\\Http\\Kernel.php(145): Illuminate\\Foundation\\Http\\Kernel->sendRequestThroughRouter()
#30 C:\\Users\\HP\\Documents\\GitHub\\gestion-bibliotheque\\laravel-backend\\vendor\\laravel\\framework\\src\\Illuminate\\Foundation\\Application.php(1216): Illuminate\\Foundation\\Http\\Kernel->handle()
#31 C:\\Users\\HP\\Documents\\GitHub\\gestion-bibliotheque\\laravel-backend\\public\\index.php(17): Illuminate\\Foundation\\Application->handleRequest()
#32 C:\\Users\\HP\\Documents\\GitHub\\gestion-bibliotheque\\laravel-backend\\vendor\\laravel\\framework\\src\\Illuminate\\Foundation\\resources\\server.php(23): require_once('...')
#33 {main}
"} 
[2025-03-22 12:24:25] local.ERROR: Auth guard [sanctum] is not defined. {"exception":"[object] (InvalidArgumentException(code: 0): Auth guard [sanctum] is not defined. at C:\\Users\\HP\\Documents\\GitHub\\gestion-bibliotheque\\laravel-backend\\vendor\\laravel\\framework\\src\\Illuminate\\Auth\\AuthManager.php:86)
[stacktrace]
#0 C:\\Users\\HP\\Documents\\GitHub\\gestion-bibliotheque\\laravel-backend\\vendor\\laravel\\framework\\src\\Illuminate\\Auth\\AuthManager.php(70): Illuminate\\Auth\\AuthManager->resolve()
#1 C:\\Users\\HP\\Documents\\GitHub\\gestion-bibliotheque\\laravel-backend\\vendor\\laravel\\framework\\src\\Illuminate\\Auth\\Middleware\\Authenticate.php(83): Illuminate\\Auth\\AuthManager->guard()
#2 C:\\Users\\HP\\Documents\\GitHub\\gestion-bibliotheque\\laravel-backend\\vendor\\laravel\\framework\\src\\Illuminate\\Auth\\Middleware\\Authenticate.php(62): Illuminate\\Auth\\Middleware\\Authenticate->authenticate()
#3 C:\\Users\\HP\\Documents\\GitHub\\gestion-bibliotheque\\laravel-backend\\vendor\\laravel\\framework\\src\\Illuminate\\Pipeline\\Pipeline.php(209): Illuminate\\Auth\\Middleware\\Authenticate->handle()
#4 C:\\Users\\HP\\Documents\\GitHub\\gestion-bibliotheque\\laravel-backend\\vendor\\laravel\\framework\\src\\Illuminate\\Pipeline\\Pipeline.php(127): Illuminate\\Pipeline\\Pipeline->Illuminate\\Pipeline\\{closure}()
#5 C:\\Users\\HP\\Documents\\GitHub\\gestion-bibliotheque\\laravel-backend\\vendor\\laravel\\framework\\src\\Illuminate\\Routing\\Router.php(807): Illuminate\\Pipeline\\Pipeline->then()
#6 C:\\Users\\HP\\Documents\\GitHub\\gestion-bibliotheque\\laravel-backend\\vendor\\laravel\\framework\\src\\Illuminate\\Routing\\Router.php(786): Illuminate\\Routing\\Router->runRouteWithinStack()
#7 C:\\Users\\HP\\Documents\\GitHub\\gestion-bibliotheque\\laravel-backend\\vendor\\laravel\\framework\\src\\Illuminate\\Routing\\Router.php(750): Illuminate\\Routing\\Router->runRoute()
#8 C:\\Users\\HP\\Documents\\GitHub\\gestion-bibliotheque\\laravel-backend\\vendor\\laravel\\framework\\src\\Illuminate\\Routing\\Router.php(739): Illuminate\\Routing\\Router->dispatchToRoute()
#9 C:\\Users\\HP\\Documents\\GitHub\\gestion-bibliotheque\\laravel-backend\\vendor\\laravel\\framework\\src\\Illuminate\\Foundation\\Http\\Kernel.php(201): Illuminate\\Routing\\Router->dispatch()
#10 C:\\Users\\HP\\Documents\\GitHub\\gestion-bibliotheque\\laravel-backend\\vendor\\laravel\\framework\\src\\Illuminate\\Pipeline\\Pipeline.php(170): Illuminate\\Foundation\\Http\\Kernel->Illuminate\\Foundation\\Http\\{closure}()
#11 C:\\Users\\HP\\Documents\\GitHub\\gestion-bibliotheque\\laravel-backend\\vendor\\laravel\\framework\\src\\Illuminate\\Foundation\\Http\\Middleware\\TransformsRequest.php(21): Illuminate\\Pipeline\\Pipeline->Illuminate\\Pipeline\\{closure}()
#12 C:\\Users\\HP\\Documents\\GitHub\\gestion-bibliotheque\\laravel-backend\\vendor\\laravel\\framework\\src\\Illuminate\\Foundation\\Http\\Middleware\\ConvertEmptyStringsToNull.php(31): Illuminate\\Foundation\\Http\\Middleware\\TransformsRequest->handle()
#13 C:\\Users\\HP\\Documents\\GitHub\\gestion-bibliotheque\\laravel-backend\\vendor\\laravel\\framework\\src\\Illuminate\\Pipeline\\Pipeline.php(209): Illuminate\\Foundation\\Http\\Middleware\\ConvertEmptyStringsToNull->handle()
#14 C:\\Users\\HP\\Documents\\GitHub\\gestion-bibliotheque\\laravel-backend\\vendor\\laravel\\framework\\src\\Illuminate\\Foundation\\Http\\Middleware\\TransformsRequest.php(21): Illuminate\\Pipeline\\Pipeline->Illuminate\\Pipeline\\{closure}()
#15 C:\\Users\\HP\\Documents\\GitHub\\gestion-bibliotheque\\laravel-backend\\vendor\\laravel\\framework\\src\\Illuminate\\Foundation\\Http\\Middleware\\TrimStrings.php(51): Illuminate\\Foundation\\Http\\Middleware\\TransformsRequest->handle()
#16 C:\\Users\\HP\\Documents\\GitHub\\gestion-bibliotheque\\laravel-backend\\vendor\\laravel\\framework\\src\\Illuminate\\Pipeline\\Pipeline.php(209): Illuminate\\Foundation\\Http\\Middleware\\TrimStrings->handle()
#17 C:\\Users\\HP\\Documents\\GitHub\\gestion-bibliotheque\\laravel-backend\\vendor\\laravel\\framework\\src\\Illuminate\\Http\\Middleware\\ValidatePostSize.php(27): Illuminate\\Pipeline\\Pipeline->Illuminate\\Pipeline\\{closure}()
#18 C:\\Users\\HP\\Documents\\GitHub\\gestion-bibliotheque\\laravel-backend\\vendor\\laravel\\framework\\src\\Illuminate\\Pipeline\\Pipeline.php(209): Illuminate\\Http\\Middleware\\ValidatePostSize->handle()
#19 C:\\Users\\HP\\Documents\\GitHub\\gestion-bibliotheque\\laravel-backend\\vendor\\laravel\\framework\\src\\Illuminate\\Foundation\\Http\\Middleware\\PreventRequestsDuringMaintenance.php(110): Illuminate\\Pipeline\\Pipeline->Illuminate\\Pipeline\\{closure}()
#20 C:\\Users\\HP\\Documents\\GitHub\\gestion-bibliotheque\\laravel-backend\\vendor\\laravel\\framework\\src\\Illuminate\\Pipeline\\Pipeline.php(209): Illuminate\\Foundation\\Http\\Middleware\\PreventRequestsDuringMaintenance->handle()
#21 C:\\Users\\HP\\Documents\\GitHub\\gestion-bibliotheque\\laravel-backend\\vendor\\laravel\\framework\\src\\Illuminate\\Http\\Middleware\\HandleCors.php(62): Illuminate\\Pipeline\\Pipeline->Illuminate\\Pipeline\\{closure}()
#22 C:\\Users\\HP\\Documents\\GitHub\\gestion-bibliotheque\\laravel-backend\\vendor\\laravel\\framework\\src\\Illuminate\\Pipeline\\Pipeline.php(209): Illuminate\\Http\\Middleware\\HandleCors->handle()
#23 C:\\Users\\HP\\Documents\\GitHub\\gestion-bibliotheque\\laravel-backend\\vendor\\laravel\\framework\\src\\Illuminate\\Http\\Middleware\\TrustProxies.php(58): Illuminate\\Pipeline\\Pipeline->Illuminate\\Pipeline\\{closure}()
#24 C:\\Users\\HP\\Documents\\GitHub\\gestion-bibliotheque\\laravel-backend\\vendor\\laravel\\framework\\src\\Illuminate\\Pipeline\\Pipeline.php(209): Illuminate\\Http\\Middleware\\TrustProxies->handle()
#25 C:\\Users\\HP\\Documents\\GitHub\\gestion-bibliotheque\\laravel-backend\\vendor\\laravel\\framework\\src\\Illuminate\\Foundation\\Http\\Middleware\\InvokeDeferredCallbacks.php(22): Illuminate\\Pipeline\\Pipeline->Illuminate\\Pipeline\\{closure}()
#26 C:\\Users\\HP\\Documents\\GitHub\\gestion-bibliotheque\\laravel-backend\\vendor\\laravel\\framework\\src\\Illuminate\\Pipeline\\Pipeline.php(209): Illuminate\\Foundation\\Http\\Middleware\\InvokeDeferredCallbacks->handle()
#27 C:\\Users\\HP\\Documents\\GitHub\\gestion-bibliotheque\\laravel-backend\\vendor\\laravel\\framework\\src\\Illuminate\\Pipeline\\Pipeline.php(127): Illuminate\\Pipeline\\Pipeline->Illuminate\\Pipeline\\{closure}()
#28 C:\\Users\\HP\\Documents\\GitHub\\gestion-bibliotheque\\laravel-backend\\vendor\\laravel\\framework\\src\\Illuminate\\Foundation\\Http\\Kernel.php(176): Illuminate\\Pipeline\\Pipeline->then()
#29 C:\\Users\\HP\\Documents\\GitHub\\gestion-bibliotheque\\laravel-backend\\vendor\\laravel\\framework\\src\\Illuminate\\Foundation\\Http\\Kernel.php(145): Illuminate\\Foundation\\Http\\Kernel->sendRequestThroughRouter()
#30 C:\\Users\\HP\\Documents\\GitHub\\gestion-bibliotheque\\laravel-backend\\vendor\\laravel\\framework\\src\\Illuminate\\Foundation\\Application.php(1216): Illuminate\\Foundation\\Http\\Kernel->handle()
#31 C:\\Users\\HP\\Documents\\GitHub\\gestion-bibliotheque\\laravel-backend\\public\\index.php(17): Illuminate\\Foundation\\Application->handleRequest()
#32 C:\\Users\\HP\\Documents\\GitHub\\gestion-bibliotheque\\laravel-backend\\vendor\\laravel\\framework\\src\\Illuminate\\Foundation\\resources\\server.php(23): require_once('...')
#33 {main}
"} 
[2025-03-22 12:26:28] local.ERROR: Auth guard [sanctum] is not defined. {"exception":"[object] (InvalidArgumentException(code: 0): Auth guard [sanctum] is not defined. at C:\\Users\\HP\\Documents\\GitHub\\gestion-bibliotheque\\laravel-backend\\vendor\\laravel\\framework\\src\\Illuminate\\Auth\\AuthManager.php:86)
[stacktrace]
#0 C:\\Users\\HP\\Documents\\GitHub\\gestion-bibliotheque\\laravel-backend\\vendor\\laravel\\framework\\src\\Illuminate\\Auth\\AuthManager.php(70): Illuminate\\Auth\\AuthManager->resolve()
#1 C:\\Users\\HP\\Documents\\GitHub\\gestion-bibliotheque\\laravel-backend\\vendor\\laravel\\framework\\src\\Illuminate\\Auth\\Middleware\\Authenticate.php(83): Illuminate\\Auth\\AuthManager->guard()
#2 C:\\Users\\HP\\Documents\\GitHub\\gestion-bibliotheque\\laravel-backend\\vendor\\laravel\\framework\\src\\Illuminate\\Auth\\Middleware\\Authenticate.php(62): Illuminate\\Auth\\Middleware\\Authenticate->authenticate()
#3 C:\\Users\\HP\\Documents\\GitHub\\gestion-bibliotheque\\laravel-backend\\vendor\\laravel\\framework\\src\\Illuminate\\Pipeline\\Pipeline.php(209): Illuminate\\Auth\\Middleware\\Authenticate->handle()
#4 C:\\Users\\HP\\Documents\\GitHub\\gestion-bibliotheque\\laravel-backend\\vendor\\laravel\\framework\\src\\Illuminate\\Pipeline\\Pipeline.php(127): Illuminate\\Pipeline\\Pipeline->Illuminate\\Pipeline\\{closure}()
#5 C:\\Users\\HP\\Documents\\GitHub\\gestion-bibliotheque\\laravel-backend\\vendor\\laravel\\framework\\src\\Illuminate\\Routing\\Router.php(807): Illuminate\\Pipeline\\Pipeline->then()
#6 C:\\Users\\HP\\Documents\\GitHub\\gestion-bibliotheque\\laravel-backend\\vendor\\laravel\\framework\\src\\Illuminate\\Routing\\Router.php(786): Illuminate\\Routing\\Router->runRouteWithinStack()
#7 C:\\Users\\HP\\Documents\\GitHub\\gestion-bibliotheque\\laravel-backend\\vendor\\laravel\\framework\\src\\Illuminate\\Routing\\Router.php(750): Illuminate\\Routing\\Router->runRoute()
#8 C:\\Users\\HP\\Documents\\GitHub\\gestion-bibliotheque\\laravel-backend\\vendor\\laravel\\framework\\src\\Illuminate\\Routing\\Router.php(739): Illuminate\\Routing\\Router->dispatchToRoute()
#9 C:\\Users\\HP\\Documents\\GitHub\\gestion-bibliotheque\\laravel-backend\\vendor\\laravel\\framework\\src\\Illuminate\\Foundation\\Http\\Kernel.php(201): Illuminate\\Routing\\Router->dispatch()
#10 C:\\Users\\HP\\Documents\\GitHub\\gestion-bibliotheque\\laravel-backend\\vendor\\laravel\\framework\\src\\Illuminate\\Pipeline\\Pipeline.php(170): Illuminate\\Foundation\\Http\\Kernel->Illuminate\\Foundation\\Http\\{closure}()
#11 C:\\Users\\HP\\Documents\\GitHub\\gestion-bibliotheque\\laravel-backend\\vendor\\laravel\\framework\\src\\Illuminate\\Foundation\\Http\\Middleware\\TransformsRequest.php(21): Illuminate\\Pipeline\\Pipeline->Illuminate\\Pipeline\\{closure}()
#12 C:\\Users\\HP\\Documents\\GitHub\\gestion-bibliotheque\\laravel-backend\\vendor\\laravel\\framework\\src\\Illuminate\\Foundation\\Http\\Middleware\\ConvertEmptyStringsToNull.php(31): Illuminate\\Foundation\\Http\\Middleware\\TransformsRequest->handle()
#13 C:\\Users\\HP\\Documents\\GitHub\\gestion-bibliotheque\\laravel-backend\\vendor\\laravel\\framework\\src\\Illuminate\\Pipeline\\Pipeline.php(209): Illuminate\\Foundation\\Http\\Middleware\\ConvertEmptyStringsToNull->handle()
#14 C:\\Users\\HP\\Documents\\GitHub\\gestion-bibliotheque\\laravel-backend\\vendor\\laravel\\framework\\src\\Illuminate\\Foundation\\Http\\Middleware\\TransformsRequest.php(21): Illuminate\\Pipeline\\Pipeline->Illuminate\\Pipeline\\{closure}()
#15 C:\\Users\\HP\\Documents\\GitHub\\gestion-bibliotheque\\laravel-backend\\vendor\\laravel\\framework\\src\\Illuminate\\Foundation\\Http\\Middleware\\TrimStrings.php(51): Illuminate\\Foundation\\Http\\Middleware\\TransformsRequest->handle()
#16 C:\\Users\\HP\\Documents\\GitHub\\gestion-bibliotheque\\laravel-backend\\vendor\\laravel\\framework\\src\\Illuminate\\Pipeline\\Pipeline.php(209): Illuminate\\Foundation\\Http\\Middleware\\TrimStrings->handle()
#17 C:\\Users\\HP\\Documents\\GitHub\\gestion-bibliotheque\\laravel-backend\\vendor\\laravel\\framework\\src\\Illuminate\\Http\\Middleware\\ValidatePostSize.php(27): Illuminate\\Pipeline\\Pipeline->Illuminate\\Pipeline\\{closure}()
#18 C:\\Users\\HP\\Documents\\GitHub\\gestion-bibliotheque\\laravel-backend\\vendor\\laravel\\framework\\src\\Illuminate\\Pipeline\\Pipeline.php(209): Illuminate\\Http\\Middleware\\ValidatePostSize->handle()
#19 C:\\Users\\HP\\Documents\\GitHub\\gestion-bibliotheque\\laravel-backend\\vendor\\laravel\\framework\\src\\Illuminate\\Foundation\\Http\\Middleware\\PreventRequestsDuringMaintenance.php(110): Illuminate\\Pipeline\\Pipeline->Illuminate\\Pipeline\\{closure}()
#20 C:\\Users\\HP\\Documents\\GitHub\\gestion-bibliotheque\\laravel-backend\\vendor\\laravel\\framework\\src\\Illuminate\\Pipeline\\Pipeline.php(209): Illuminate\\Foundation\\Http\\Middleware\\PreventRequestsDuringMaintenance->handle()
#21 C:\\Users\\HP\\Documents\\GitHub\\gestion-bibliotheque\\laravel-backend\\vendor\\laravel\\framework\\src\\Illuminate\\Http\\Middleware\\HandleCors.php(62): Illuminate\\Pipeline\\Pipeline->Illuminate\\Pipeline\\{closure}()
#22 C:\\Users\\HP\\Documents\\GitHub\\gestion-bibliotheque\\laravel-backend\\vendor\\laravel\\framework\\src\\Illuminate\\Pipeline\\Pipeline.php(209): Illuminate\\Http\\Middleware\\HandleCors->handle()
#23 C:\\Users\\HP\\Documents\\GitHub\\gestion-bibliotheque\\laravel-backend\\vendor\\laravel\\framework\\src\\Illuminate\\Http\\Middleware\\TrustProxies.php(58): Illuminate\\Pipeline\\Pipeline->Illuminate\\Pipeline\\{closure}()
#24 C:\\Users\\HP\\Documents\\GitHub\\gestion-bibliotheque\\laravel-backend\\vendor\\laravel\\framework\\src\\Illuminate\\Pipeline\\Pipeline.php(209): Illuminate\\Http\\Middleware\\TrustProxies->handle()
#25 C:\\Users\\HP\\Documents\\GitHub\\gestion-bibliotheque\\laravel-backend\\vendor\\laravel\\framework\\src\\Illuminate\\Foundation\\Http\\Middleware\\InvokeDeferredCallbacks.php(22): Illuminate\\Pipeline\\Pipeline->Illuminate\\Pipeline\\{closure}()
#26 C:\\Users\\HP\\Documents\\GitHub\\gestion-bibliotheque\\laravel-backend\\vendor\\laravel\\framework\\src\\Illuminate\\Pipeline\\Pipeline.php(209): Illuminate\\Foundation\\Http\\Middleware\\InvokeDeferredCallbacks->handle()
#27 C:\\Users\\HP\\Documents\\GitHub\\gestion-bibliotheque\\laravel-backend\\vendor\\laravel\\framework\\src\\Illuminate\\Pipeline\\Pipeline.php(127): Illuminate\\Pipeline\\Pipeline->Illuminate\\Pipeline\\{closure}()
#28 C:\\Users\\HP\\Documents\\GitHub\\gestion-bibliotheque\\laravel-backend\\vendor\\laravel\\framework\\src\\Illuminate\\Foundation\\Http\\Kernel.php(176): Illuminate\\Pipeline\\Pipeline->then()
#29 C:\\Users\\HP\\Documents\\GitHub\\gestion-bibliotheque\\laravel-backend\\vendor\\laravel\\framework\\src\\Illuminate\\Foundation\\Http\\Kernel.php(145): Illuminate\\Foundation\\Http\\Kernel->sendRequestThroughRouter()
#30 C:\\Users\\HP\\Documents\\GitHub\\gestion-bibliotheque\\laravel-backend\\vendor\\laravel\\framework\\src\\Illuminate\\Foundation\\Application.php(1216): Illuminate\\Foundation\\Http\\Kernel->handle()
#31 C:\\Users\\HP\\Documents\\GitHub\\gestion-bibliotheque\\laravel-backend\\public\\index.php(17): Illuminate\\Foundation\\Application->handleRequest()
#32 C:\\Users\\HP\\Documents\\GitHub\\gestion-bibliotheque\\laravel-backend\\vendor\\laravel\\framework\\src\\Illuminate\\Foundation\\resources\\server.php(23): require_once('...')
#33 {main}
"} 
[2025-03-22 12:26:34] local.ERROR: Auth guard [sanctum] is not defined. {"exception":"[object] (InvalidArgumentException(code: 0): Auth guard [sanctum] is not defined. at C:\\Users\\HP\\Documents\\GitHub\\gestion-bibliotheque\\laravel-backend\\vendor\\laravel\\framework\\src\\Illuminate\\Auth\\AuthManager.php:86)
[stacktrace]
#0 C:\\Users\\HP\\Documents\\GitHub\\gestion-bibliotheque\\laravel-backend\\vendor\\laravel\\framework\\src\\Illuminate\\Auth\\AuthManager.php(70): Illuminate\\Auth\\AuthManager->resolve()
#1 C:\\Users\\HP\\Documents\\GitHub\\gestion-bibliotheque\\laravel-backend\\vendor\\laravel\\framework\\src\\Illuminate\\Auth\\Middleware\\Authenticate.php(83): Illuminate\\Auth\\AuthManager->guard()
#2 C:\\Users\\HP\\Documents\\GitHub\\gestion-bibliotheque\\laravel-backend\\vendor\\laravel\\framework\\src\\Illuminate\\Auth\\Middleware\\Authenticate.php(62): Illuminate\\Auth\\Middleware\\Authenticate->authenticate()
#3 C:\\Users\\HP\\Documents\\GitHub\\gestion-bibliotheque\\laravel-backend\\vendor\\laravel\\framework\\src\\Illuminate\\Pipeline\\Pipeline.php(209): Illuminate\\Auth\\Middleware\\Authenticate->handle()
#4 C:\\Users\\HP\\Documents\\GitHub\\gestion-bibliotheque\\laravel-backend\\vendor\\laravel\\framework\\src\\Illuminate\\Pipeline\\Pipeline.php(127): Illuminate\\Pipeline\\Pipeline->Illuminate\\Pipeline\\{closure}()
#5 C:\\Users\\HP\\Documents\\GitHub\\gestion-bibliotheque\\laravel-backend\\vendor\\laravel\\framework\\src\\Illuminate\\Routing\\Router.php(807): Illuminate\\Pipeline\\Pipeline->then()
#6 C:\\Users\\HP\\Documents\\GitHub\\gestion-bibliotheque\\laravel-backend\\vendor\\laravel\\framework\\src\\Illuminate\\Routing\\Router.php(786): Illuminate\\Routing\\Router->runRouteWithinStack()
#7 C:\\Users\\HP\\Documents\\GitHub\\gestion-bibliotheque\\laravel-backend\\vendor\\laravel\\framework\\src\\Illuminate\\Routing\\Router.php(750): Illuminate\\Routing\\Router->runRoute()
#8 C:\\Users\\HP\\Documents\\GitHub\\gestion-bibliotheque\\laravel-backend\\vendor\\laravel\\framework\\src\\Illuminate\\Routing\\Router.php(739): Illuminate\\Routing\\Router->dispatchToRoute()
#9 C:\\Users\\HP\\Documents\\GitHub\\gestion-bibliotheque\\laravel-backend\\vendor\\laravel\\framework\\src\\Illuminate\\Foundation\\Http\\Kernel.php(201): Illuminate\\Routing\\Router->dispatch()
#10 C:\\Users\\HP\\Documents\\GitHub\\gestion-bibliotheque\\laravel-backend\\vendor\\laravel\\framework\\src\\Illuminate\\Pipeline\\Pipeline.php(170): Illuminate\\Foundation\\Http\\Kernel->Illuminate\\Foundation\\Http\\{closure}()
#11 C:\\Users\\HP\\Documents\\GitHub\\gestion-bibliotheque\\laravel-backend\\vendor\\laravel\\framework\\src\\Illuminate\\Foundation\\Http\\Middleware\\TransformsRequest.php(21): Illuminate\\Pipeline\\Pipeline->Illuminate\\Pipeline\\{closure}()
#12 C:\\Users\\HP\\Documents\\GitHub\\gestion-bibliotheque\\laravel-backend\\vendor\\laravel\\framework\\src\\Illuminate\\Foundation\\Http\\Middleware\\ConvertEmptyStringsToNull.php(31): Illuminate\\Foundation\\Http\\Middleware\\TransformsRequest->handle()
#13 C:\\Users\\HP\\Documents\\GitHub\\gestion-bibliotheque\\laravel-backend\\vendor\\laravel\\framework\\src\\Illuminate\\Pipeline\\Pipeline.php(209): Illuminate\\Foundation\\Http\\Middleware\\ConvertEmptyStringsToNull->handle()
#14 C:\\Users\\HP\\Documents\\GitHub\\gestion-bibliotheque\\laravel-backend\\vendor\\laravel\\framework\\src\\Illuminate\\Foundation\\Http\\Middleware\\TransformsRequest.php(21): Illuminate\\Pipeline\\Pipeline->Illuminate\\Pipeline\\{closure}()
#15 C:\\Users\\HP\\Documents\\GitHub\\gestion-bibliotheque\\laravel-backend\\vendor\\laravel\\framework\\src\\Illuminate\\Foundation\\Http\\Middleware\\TrimStrings.php(51): Illuminate\\Foundation\\Http\\Middleware\\TransformsRequest->handle()
#16 C:\\Users\\HP\\Documents\\GitHub\\gestion-bibliotheque\\laravel-backend\\vendor\\laravel\\framework\\src\\Illuminate\\Pipeline\\Pipeline.php(209): Illuminate\\Foundation\\Http\\Middleware\\TrimStrings->handle()
#17 C:\\Users\\HP\\Documents\\GitHub\\gestion-bibliotheque\\laravel-backend\\vendor\\laravel\\framework\\src\\Illuminate\\Http\\Middleware\\ValidatePostSize.php(27): Illuminate\\Pipeline\\Pipeline->Illuminate\\Pipeline\\{closure}()
#18 C:\\Users\\HP\\Documents\\GitHub\\gestion-bibliotheque\\laravel-backend\\vendor\\laravel\\framework\\src\\Illuminate\\Pipeline\\Pipeline.php(209): Illuminate\\Http\\Middleware\\ValidatePostSize->handle()
#19 C:\\Users\\HP\\Documents\\GitHub\\gestion-bibliotheque\\laravel-backend\\vendor\\laravel\\framework\\src\\Illuminate\\Foundation\\Http\\Middleware\\PreventRequestsDuringMaintenance.php(110): Illuminate\\Pipeline\\Pipeline->Illuminate\\Pipeline\\{closure}()
#20 C:\\Users\\HP\\Documents\\GitHub\\gestion-bibliotheque\\laravel-backend\\vendor\\laravel\\framework\\src\\Illuminate\\Pipeline\\Pipeline.php(209): Illuminate\\Foundation\\Http\\Middleware\\PreventRequestsDuringMaintenance->handle()
#21 C:\\Users\\HP\\Documents\\GitHub\\gestion-bibliotheque\\laravel-backend\\vendor\\laravel\\framework\\src\\Illuminate\\Http\\Middleware\\HandleCors.php(62): Illuminate\\Pipeline\\Pipeline->Illuminate\\Pipeline\\{closure}()
#22 C:\\Users\\HP\\Documents\\GitHub\\gestion-bibliotheque\\laravel-backend\\vendor\\laravel\\framework\\src\\Illuminate\\Pipeline\\Pipeline.php(209): Illuminate\\Http\\Middleware\\HandleCors->handle()
#23 C:\\Users\\HP\\Documents\\GitHub\\gestion-bibliotheque\\laravel-backend\\vendor\\laravel\\framework\\src\\Illuminate\\Http\\Middleware\\TrustProxies.php(58): Illuminate\\Pipeline\\Pipeline->Illuminate\\Pipeline\\{closure}()
#24 C:\\Users\\HP\\Documents\\GitHub\\gestion-bibliotheque\\laravel-backend\\vendor\\laravel\\framework\\src\\Illuminate\\Pipeline\\Pipeline.php(209): Illuminate\\Http\\Middleware\\TrustProxies->handle()
#25 C:\\Users\\HP\\Documents\\GitHub\\gestion-bibliotheque\\laravel-backend\\vendor\\laravel\\framework\\src\\Illuminate\\Foundation\\Http\\Middleware\\InvokeDeferredCallbacks.php(22): Illuminate\\Pipeline\\Pipeline->Illuminate\\Pipeline\\{closure}()
#26 C:\\Users\\HP\\Documents\\GitHub\\gestion-bibliotheque\\laravel-backend\\vendor\\laravel\\framework\\src\\Illuminate\\Pipeline\\Pipeline.php(209): Illuminate\\Foundation\\Http\\Middleware\\InvokeDeferredCallbacks->handle()
#27 C:\\Users\\HP\\Documents\\GitHub\\gestion-bibliotheque\\laravel-backend\\vendor\\laravel\\framework\\src\\Illuminate\\Pipeline\\Pipeline.php(127): Illuminate\\Pipeline\\Pipeline->Illuminate\\Pipeline\\{closure}()
#28 C:\\Users\\HP\\Documents\\GitHub\\gestion-bibliotheque\\laravel-backend\\vendor\\laravel\\framework\\src\\Illuminate\\Foundation\\Http\\Kernel.php(176): Illuminate\\Pipeline\\Pipeline->then()
#29 C:\\Users\\HP\\Documents\\GitHub\\gestion-bibliotheque\\laravel-backend\\vendor\\laravel\\framework\\src\\Illuminate\\Foundation\\Http\\Kernel.php(145): Illuminate\\Foundation\\Http\\Kernel->sendRequestThroughRouter()
#30 C:\\Users\\HP\\Documents\\GitHub\\gestion-bibliotheque\\laravel-backend\\vendor\\laravel\\framework\\src\\Illuminate\\Foundation\\Application.php(1216): Illuminate\\Foundation\\Http\\Kernel->handle()
#31 C:\\Users\\HP\\Documents\\GitHub\\gestion-bibliotheque\\laravel-backend\\public\\index.php(17): Illuminate\\Foundation\\Application->handleRequest()
#32 C:\\Users\\HP\\Documents\\GitHub\\gestion-bibliotheque\\laravel-backend\\vendor\\laravel\\framework\\src\\Illuminate\\Foundation\\resources\\server.php(23): require_once('...')
#33 {main}
"} 
[2025-03-22 12:26:40] local.ERROR: Auth guard [sanctum] is not defined. {"exception":"[object] (InvalidArgumentException(code: 0): Auth guard [sanctum] is not defined. at C:\\Users\\HP\\Documents\\GitHub\\gestion-bibliotheque\\laravel-backend\\vendor\\laravel\\framework\\src\\Illuminate\\Auth\\AuthManager.php:86)
[stacktrace]
#0 C:\\Users\\HP\\Documents\\GitHub\\gestion-bibliotheque\\laravel-backend\\vendor\\laravel\\framework\\src\\Illuminate\\Auth\\AuthManager.php(70): Illuminate\\Auth\\AuthManager->resolve()
#1 C:\\Users\\HP\\Documents\\GitHub\\gestion-bibliotheque\\laravel-backend\\vendor\\laravel\\framework\\src\\Illuminate\\Auth\\Middleware\\Authenticate.php(83): Illuminate\\Auth\\AuthManager->guard()
#2 C:\\Users\\HP\\Documents\\GitHub\\gestion-bibliotheque\\laravel-backend\\vendor\\laravel\\framework\\src\\Illuminate\\Auth\\Middleware\\Authenticate.php(62): Illuminate\\Auth\\Middleware\\Authenticate->authenticate()
#3 C:\\Users\\HP\\Documents\\GitHub\\gestion-bibliotheque\\laravel-backend\\vendor\\laravel\\framework\\src\\Illuminate\\Pipeline\\Pipeline.php(209): Illuminate\\Auth\\Middleware\\Authenticate->handle()
#4 C:\\Users\\HP\\Documents\\GitHub\\gestion-bibliotheque\\laravel-backend\\vendor\\laravel\\framework\\src\\Illuminate\\Pipeline\\Pipeline.php(127): Illuminate\\Pipeline\\Pipeline->Illuminate\\Pipeline\\{closure}()
#5 C:\\Users\\HP\\Documents\\GitHub\\gestion-bibliotheque\\laravel-backend\\vendor\\laravel\\framework\\src\\Illuminate\\Routing\\Router.php(807): Illuminate\\Pipeline\\Pipeline->then()
#6 C:\\Users\\HP\\Documents\\GitHub\\gestion-bibliotheque\\laravel-backend\\vendor\\laravel\\framework\\src\\Illuminate\\Routing\\Router.php(786): Illuminate\\Routing\\Router->runRouteWithinStack()
#7 C:\\Users\\HP\\Documents\\GitHub\\gestion-bibliotheque\\laravel-backend\\vendor\\laravel\\framework\\src\\Illuminate\\Routing\\Router.php(750): Illuminate\\Routing\\Router->runRoute()
#8 C:\\Users\\HP\\Documents\\GitHub\\gestion-bibliotheque\\laravel-backend\\vendor\\laravel\\framework\\src\\Illuminate\\Routing\\Router.php(739): Illuminate\\Routing\\Router->dispatchToRoute()
#9 C:\\Users\\HP\\Documents\\GitHub\\gestion-bibliotheque\\laravel-backend\\vendor\\laravel\\framework\\src\\Illuminate\\Foundation\\Http\\Kernel.php(201): Illuminate\\Routing\\Router->dispatch()
#10 C:\\Users\\HP\\Documents\\GitHub\\gestion-bibliotheque\\laravel-backend\\vendor\\laravel\\framework\\src\\Illuminate\\Pipeline\\Pipeline.php(170): Illuminate\\Foundation\\Http\\Kernel->Illuminate\\Foundation\\Http\\{closure}()
#11 C:\\Users\\HP\\Documents\\GitHub\\gestion-bibliotheque\\laravel-backend\\vendor\\laravel\\framework\\src\\Illuminate\\Foundation\\Http\\Middleware\\TransformsRequest.php(21): Illuminate\\Pipeline\\Pipeline->Illuminate\\Pipeline\\{closure}()
#12 C:\\Users\\HP\\Documents\\GitHub\\gestion-bibliotheque\\laravel-backend\\vendor\\laravel\\framework\\src\\Illuminate\\Foundation\\Http\\Middleware\\ConvertEmptyStringsToNull.php(31): Illuminate\\Foundation\\Http\\Middleware\\TransformsRequest->handle()
#13 C:\\Users\\HP\\Documents\\GitHub\\gestion-bibliotheque\\laravel-backend\\vendor\\laravel\\framework\\src\\Illuminate\\Pipeline\\Pipeline.php(209): Illuminate\\Foundation\\Http\\Middleware\\ConvertEmptyStringsToNull->handle()
#14 C:\\Users\\HP\\Documents\\GitHub\\gestion-bibliotheque\\laravel-backend\\vendor\\laravel\\framework\\src\\Illuminate\\Foundation\\Http\\Middleware\\TransformsRequest.php(21): Illuminate\\Pipeline\\Pipeline->Illuminate\\Pipeline\\{closure}()
#15 C:\\Users\\HP\\Documents\\GitHub\\gestion-bibliotheque\\laravel-backend\\vendor\\laravel\\framework\\src\\Illuminate\\Foundation\\Http\\Middleware\\TrimStrings.php(51): Illuminate\\Foundation\\Http\\Middleware\\TransformsRequest->handle()
#16 C:\\Users\\HP\\Documents\\GitHub\\gestion-bibliotheque\\laravel-backend\\vendor\\laravel\\framework\\src\\Illuminate\\Pipeline\\Pipeline.php(209): Illuminate\\Foundation\\Http\\Middleware\\TrimStrings->handle()
#17 C:\\Users\\HP\\Documents\\GitHub\\gestion-bibliotheque\\laravel-backend\\vendor\\laravel\\framework\\src\\Illuminate\\Http\\Middleware\\ValidatePostSize.php(27): Illuminate\\Pipeline\\Pipeline->Illuminate\\Pipeline\\{closure}()
#18 C:\\Users\\HP\\Documents\\GitHub\\gestion-bibliotheque\\laravel-backend\\vendor\\laravel\\framework\\src\\Illuminate\\Pipeline\\Pipeline.php(209): Illuminate\\Http\\Middleware\\ValidatePostSize->handle()
#19 C:\\Users\\HP\\Documents\\GitHub\\gestion-bibliotheque\\laravel-backend\\vendor\\laravel\\framework\\src\\Illuminate\\Foundation\\Http\\Middleware\\PreventRequestsDuringMaintenance.php(110): Illuminate\\Pipeline\\Pipeline->Illuminate\\Pipeline\\{closure}()
#20 C:\\Users\\HP\\Documents\\GitHub\\gestion-bibliotheque\\laravel-backend\\vendor\\laravel\\framework\\src\\Illuminate\\Pipeline\\Pipeline.php(209): Illuminate\\Foundation\\Http\\Middleware\\PreventRequestsDuringMaintenance->handle()
#21 C:\\Users\\HP\\Documents\\GitHub\\gestion-bibliotheque\\laravel-backend\\vendor\\laravel\\framework\\src\\Illuminate\\Http\\Middleware\\HandleCors.php(62): Illuminate\\Pipeline\\Pipeline->Illuminate\\Pipeline\\{closure}()
#22 C:\\Users\\HP\\Documents\\GitHub\\gestion-bibliotheque\\laravel-backend\\vendor\\laravel\\framework\\src\\Illuminate\\Pipeline\\Pipeline.php(209): Illuminate\\Http\\Middleware\\HandleCors->handle()
#23 C:\\Users\\HP\\Documents\\GitHub\\gestion-bibliotheque\\laravel-backend\\vendor\\laravel\\framework\\src\\Illuminate\\Http\\Middleware\\TrustProxies.php(58): Illuminate\\Pipeline\\Pipeline->Illuminate\\Pipeline\\{closure}()
#24 C:\\Users\\HP\\Documents\\GitHub\\gestion-bibliotheque\\laravel-backend\\vendor\\laravel\\framework\\src\\Illuminate\\Pipeline\\Pipeline.php(209): Illuminate\\Http\\Middleware\\TrustProxies->handle()
#25 C:\\Users\\HP\\Documents\\GitHub\\gestion-bibliotheque\\laravel-backend\\vendor\\laravel\\framework\\src\\Illuminate\\Foundation\\Http\\Middleware\\InvokeDeferredCallbacks.php(22): Illuminate\\Pipeline\\Pipeline->Illuminate\\Pipeline\\{closure}()
#26 C:\\Users\\HP\\Documents\\GitHub\\gestion-bibliotheque\\laravel-backend\\vendor\\laravel\\framework\\src\\Illuminate\\Pipeline\\Pipeline.php(209): Illuminate\\Foundation\\Http\\Middleware\\InvokeDeferredCallbacks->handle()
#27 C:\\Users\\HP\\Documents\\GitHub\\gestion-bibliotheque\\laravel-backend\\vendor\\laravel\\framework\\src\\Illuminate\\Pipeline\\Pipeline.php(127): Illuminate\\Pipeline\\Pipeline->Illuminate\\Pipeline\\{closure}()
#28 C:\\Users\\HP\\Documents\\GitHub\\gestion-bibliotheque\\laravel-backend\\vendor\\laravel\\framework\\src\\Illuminate\\Foundation\\Http\\Kernel.php(176): Illuminate\\Pipeline\\Pipeline->then()
#29 C:\\Users\\HP\\Documents\\GitHub\\gestion-bibliotheque\\laravel-backend\\vendor\\laravel\\framework\\src\\Illuminate\\Foundation\\Http\\Kernel.php(145): Illuminate\\Foundation\\Http\\Kernel->sendRequestThroughRouter()
#30 C:\\Users\\HP\\Documents\\GitHub\\gestion-bibliotheque\\laravel-backend\\vendor\\laravel\\framework\\src\\Illuminate\\Foundation\\Application.php(1216): Illuminate\\Foundation\\Http\\Kernel->handle()
#31 C:\\Users\\HP\\Documents\\GitHub\\gestion-bibliotheque\\laravel-backend\\public\\index.php(17): Illuminate\\Foundation\\Application->handleRequest()
#32 C:\\Users\\HP\\Documents\\GitHub\\gestion-bibliotheque\\laravel-backend\\vendor\\laravel\\framework\\src\\Illuminate\\Foundation\\resources\\server.php(23): require_once('...')
#33 {main}
"} 
[2025-03-22 12:28:42] local.ERROR: Auth guard [sanctum] is not defined. {"exception":"[object] (InvalidArgumentException(code: 0): Auth guard [sanctum] is not defined. at C:\\Users\\HP\\Documents\\GitHub\\gestion-bibliotheque\\laravel-backend\\vendor\\laravel\\framework\\src\\Illuminate\\Auth\\AuthManager.php:86)
[stacktrace]
#0 C:\\Users\\HP\\Documents\\GitHub\\gestion-bibliotheque\\laravel-backend\\vendor\\laravel\\framework\\src\\Illuminate\\Auth\\AuthManager.php(70): Illuminate\\Auth\\AuthManager->resolve()
#1 C:\\Users\\HP\\Documents\\GitHub\\gestion-bibliotheque\\laravel-backend\\vendor\\laravel\\framework\\src\\Illuminate\\Auth\\Middleware\\Authenticate.php(83): Illuminate\\Auth\\AuthManager->guard()
#2 C:\\Users\\HP\\Documents\\GitHub\\gestion-bibliotheque\\laravel-backend\\vendor\\laravel\\framework\\src\\Illuminate\\Auth\\Middleware\\Authenticate.php(62): Illuminate\\Auth\\Middleware\\Authenticate->authenticate()
#3 C:\\Users\\HP\\Documents\\GitHub\\gestion-bibliotheque\\laravel-backend\\vendor\\laravel\\framework\\src\\Illuminate\\Pipeline\\Pipeline.php(209): Illuminate\\Auth\\Middleware\\Authenticate->handle()
#4 C:\\Users\\HP\\Documents\\GitHub\\gestion-bibliotheque\\laravel-backend\\vendor\\laravel\\framework\\src\\Illuminate\\Pipeline\\Pipeline.php(127): Illuminate\\Pipeline\\Pipeline->Illuminate\\Pipeline\\{closure}()
#5 C:\\Users\\HP\\Documents\\GitHub\\gestion-bibliotheque\\laravel-backend\\vendor\\laravel\\framework\\src\\Illuminate\\Routing\\Router.php(807): Illuminate\\Pipeline\\Pipeline->then()
#6 C:\\Users\\HP\\Documents\\GitHub\\gestion-bibliotheque\\laravel-backend\\vendor\\laravel\\framework\\src\\Illuminate\\Routing\\Router.php(786): Illuminate\\Routing\\Router->runRouteWithinStack()
#7 C:\\Users\\HP\\Documents\\GitHub\\gestion-bibliotheque\\laravel-backend\\vendor\\laravel\\framework\\src\\Illuminate\\Routing\\Router.php(750): Illuminate\\Routing\\Router->runRoute()
#8 C:\\Users\\HP\\Documents\\GitHub\\gestion-bibliotheque\\laravel-backend\\vendor\\laravel\\framework\\src\\Illuminate\\Routing\\Router.php(739): Illuminate\\Routing\\Router->dispatchToRoute()
#9 C:\\Users\\HP\\Documents\\GitHub\\gestion-bibliotheque\\laravel-backend\\vendor\\laravel\\framework\\src\\Illuminate\\Foundation\\Http\\Kernel.php(201): Illuminate\\Routing\\Router->dispatch()
#10 C:\\Users\\HP\\Documents\\GitHub\\gestion-bibliotheque\\laravel-backend\\vendor\\laravel\\framework\\src\\Illuminate\\Pipeline\\Pipeline.php(170): Illuminate\\Foundation\\Http\\Kernel->Illuminate\\Foundation\\Http\\{closure}()
#11 C:\\Users\\HP\\Documents\\GitHub\\gestion-bibliotheque\\laravel-backend\\vendor\\laravel\\framework\\src\\Illuminate\\Foundation\\Http\\Middleware\\TransformsRequest.php(21): Illuminate\\Pipeline\\Pipeline->Illuminate\\Pipeline\\{closure}()
#12 C:\\Users\\HP\\Documents\\GitHub\\gestion-bibliotheque\\laravel-backend\\vendor\\laravel\\framework\\src\\Illuminate\\Foundation\\Http\\Middleware\\ConvertEmptyStringsToNull.php(31): Illuminate\\Foundation\\Http\\Middleware\\TransformsRequest->handle()
#13 C:\\Users\\HP\\Documents\\GitHub\\gestion-bibliotheque\\laravel-backend\\vendor\\laravel\\framework\\src\\Illuminate\\Pipeline\\Pipeline.php(209): Illuminate\\Foundation\\Http\\Middleware\\ConvertEmptyStringsToNull->handle()
#14 C:\\Users\\HP\\Documents\\GitHub\\gestion-bibliotheque\\laravel-backend\\vendor\\laravel\\framework\\src\\Illuminate\\Foundation\\Http\\Middleware\\TransformsRequest.php(21): Illuminate\\Pipeline\\Pipeline->Illuminate\\Pipeline\\{closure}()
#15 C:\\Users\\HP\\Documents\\GitHub\\gestion-bibliotheque\\laravel-backend\\vendor\\laravel\\framework\\src\\Illuminate\\Foundation\\Http\\Middleware\\TrimStrings.php(51): Illuminate\\Foundation\\Http\\Middleware\\TransformsRequest->handle()
#16 C:\\Users\\HP\\Documents\\GitHub\\gestion-bibliotheque\\laravel-backend\\vendor\\laravel\\framework\\src\\Illuminate\\Pipeline\\Pipeline.php(209): Illuminate\\Foundation\\Http\\Middleware\\TrimStrings->handle()
#17 C:\\Users\\HP\\Documents\\GitHub\\gestion-bibliotheque\\laravel-backend\\vendor\\laravel\\framework\\src\\Illuminate\\Http\\Middleware\\ValidatePostSize.php(27): Illuminate\\Pipeline\\Pipeline->Illuminate\\Pipeline\\{closure}()
#18 C:\\Users\\HP\\Documents\\GitHub\\gestion-bibliotheque\\laravel-backend\\vendor\\laravel\\framework\\src\\Illuminate\\Pipeline\\Pipeline.php(209): Illuminate\\Http\\Middleware\\ValidatePostSize->handle()
#19 C:\\Users\\HP\\Documents\\GitHub\\gestion-bibliotheque\\laravel-backend\\vendor\\laravel\\framework\\src\\Illuminate\\Foundation\\Http\\Middleware\\PreventRequestsDuringMaintenance.php(110): Illuminate\\Pipeline\\Pipeline->Illuminate\\Pipeline\\{closure}()
#20 C:\\Users\\HP\\Documents\\GitHub\\gestion-bibliotheque\\laravel-backend\\vendor\\laravel\\framework\\src\\Illuminate\\Pipeline\\Pipeline.php(209): Illuminate\\Foundation\\Http\\Middleware\\PreventRequestsDuringMaintenance->handle()
#21 C:\\Users\\HP\\Documents\\GitHub\\gestion-bibliotheque\\laravel-backend\\vendor\\laravel\\framework\\src\\Illuminate\\Http\\Middleware\\HandleCors.php(62): Illuminate\\Pipeline\\Pipeline->Illuminate\\Pipeline\\{closure}()
#22 C:\\Users\\HP\\Documents\\GitHub\\gestion-bibliotheque\\laravel-backend\\vendor\\laravel\\framework\\src\\Illuminate\\Pipeline\\Pipeline.php(209): Illuminate\\Http\\Middleware\\HandleCors->handle()
#23 C:\\Users\\HP\\Documents\\GitHub\\gestion-bibliotheque\\laravel-backend\\vendor\\laravel\\framework\\src\\Illuminate\\Http\\Middleware\\TrustProxies.php(58): Illuminate\\Pipeline\\Pipeline->Illuminate\\Pipeline\\{closure}()
#24 C:\\Users\\HP\\Documents\\GitHub\\gestion-bibliotheque\\laravel-backend\\vendor\\laravel\\framework\\src\\Illuminate\\Pipeline\\Pipeline.php(209): Illuminate\\Http\\Middleware\\TrustProxies->handle()
#25 C:\\Users\\HP\\Documents\\GitHub\\gestion-bibliotheque\\laravel-backend\\vendor\\laravel\\framework\\src\\Illuminate\\Foundation\\Http\\Middleware\\InvokeDeferredCallbacks.php(22): Illuminate\\Pipeline\\Pipeline->Illuminate\\Pipeline\\{closure}()
#26 C:\\Users\\HP\\Documents\\GitHub\\gestion-bibliotheque\\laravel-backend\\vendor\\laravel\\framework\\src\\Illuminate\\Pipeline\\Pipeline.php(209): Illuminate\\Foundation\\Http\\Middleware\\InvokeDeferredCallbacks->handle()
#27 C:\\Users\\HP\\Documents\\GitHub\\gestion-bibliotheque\\laravel-backend\\vendor\\laravel\\framework\\src\\Illuminate\\Pipeline\\Pipeline.php(127): Illuminate\\Pipeline\\Pipeline->Illuminate\\Pipeline\\{closure}()
#28 C:\\Users\\HP\\Documents\\GitHub\\gestion-bibliotheque\\laravel-backend\\vendor\\laravel\\framework\\src\\Illuminate\\Foundation\\Http\\Kernel.php(176): Illuminate\\Pipeline\\Pipeline->then()
#29 C:\\Users\\HP\\Documents\\GitHub\\gestion-bibliotheque\\laravel-backend\\vendor\\laravel\\framework\\src\\Illuminate\\Foundation\\Http\\Kernel.php(145): Illuminate\\Foundation\\Http\\Kernel->sendRequestThroughRouter()
#30 C:\\Users\\HP\\Documents\\GitHub\\gestion-bibliotheque\\laravel-backend\\vendor\\laravel\\framework\\src\\Illuminate\\Foundation\\Application.php(1216): Illuminate\\Foundation\\Http\\Kernel->handle()
#31 C:\\Users\\HP\\Documents\\GitHub\\gestion-bibliotheque\\laravel-backend\\public\\index.php(17): Illuminate\\Foundation\\Application->handleRequest()
#32 C:\\Users\\HP\\Documents\\GitHub\\gestion-bibliotheque\\laravel-backend\\vendor\\laravel\\framework\\src\\Illuminate\\Foundation\\resources\\server.php(23): require_once('...')
#33 {main}
"} 
[2025-03-22 12:28:49] local.ERROR: Auth guard [sanctum] is not defined. {"exception":"[object] (InvalidArgumentException(code: 0): Auth guard [sanctum] is not defined. at C:\\Users\\HP\\Documents\\GitHub\\gestion-bibliotheque\\laravel-backend\\vendor\\laravel\\framework\\src\\Illuminate\\Auth\\AuthManager.php:86)
[stacktrace]
#0 C:\\Users\\HP\\Documents\\GitHub\\gestion-bibliotheque\\laravel-backend\\vendor\\laravel\\framework\\src\\Illuminate\\Auth\\AuthManager.php(70): Illuminate\\Auth\\AuthManager->resolve()
#1 C:\\Users\\HP\\Documents\\GitHub\\gestion-bibliotheque\\laravel-backend\\vendor\\laravel\\framework\\src\\Illuminate\\Auth\\Middleware\\Authenticate.php(83): Illuminate\\Auth\\AuthManager->guard()
#2 C:\\Users\\HP\\Documents\\GitHub\\gestion-bibliotheque\\laravel-backend\\vendor\\laravel\\framework\\src\\Illuminate\\Auth\\Middleware\\Authenticate.php(62): Illuminate\\Auth\\Middleware\\Authenticate->authenticate()
#3 C:\\Users\\HP\\Documents\\GitHub\\gestion-bibliotheque\\laravel-backend\\vendor\\laravel\\framework\\src\\Illuminate\\Pipeline\\Pipeline.php(209): Illuminate\\Auth\\Middleware\\Authenticate->handle()
#4 C:\\Users\\HP\\Documents\\GitHub\\gestion-bibliotheque\\laravel-backend\\vendor\\laravel\\framework\\src\\Illuminate\\Pipeline\\Pipeline.php(127): Illuminate\\Pipeline\\Pipeline->Illuminate\\Pipeline\\{closure}()
#5 C:\\Users\\HP\\Documents\\GitHub\\gestion-bibliotheque\\laravel-backend\\vendor\\laravel\\framework\\src\\Illuminate\\Routing\\Router.php(807): Illuminate\\Pipeline\\Pipeline->then()
#6 C:\\Users\\HP\\Documents\\GitHub\\gestion-bibliotheque\\laravel-backend\\vendor\\laravel\\framework\\src\\Illuminate\\Routing\\Router.php(786): Illuminate\\Routing\\Router->runRouteWithinStack()
#7 C:\\Users\\HP\\Documents\\GitHub\\gestion-bibliotheque\\laravel-backend\\vendor\\laravel\\framework\\src\\Illuminate\\Routing\\Router.php(750): Illuminate\\Routing\\Router->runRoute()
#8 C:\\Users\\HP\\Documents\\GitHub\\gestion-bibliotheque\\laravel-backend\\vendor\\laravel\\framework\\src\\Illuminate\\Routing\\Router.php(739): Illuminate\\Routing\\Router->dispatchToRoute()
#9 C:\\Users\\HP\\Documents\\GitHub\\gestion-bibliotheque\\laravel-backend\\vendor\\laravel\\framework\\src\\Illuminate\\Foundation\\Http\\Kernel.php(201): Illuminate\\Routing\\Router->dispatch()
#10 C:\\Users\\HP\\Documents\\GitHub\\gestion-bibliotheque\\laravel-backend\\vendor\\laravel\\framework\\src\\Illuminate\\Pipeline\\Pipeline.php(170): Illuminate\\Foundation\\Http\\Kernel->Illuminate\\Foundation\\Http\\{closure}()
#11 C:\\Users\\HP\\Documents\\GitHub\\gestion-bibliotheque\\laravel-backend\\vendor\\laravel\\framework\\src\\Illuminate\\Foundation\\Http\\Middleware\\TransformsRequest.php(21): Illuminate\\Pipeline\\Pipeline->Illuminate\\Pipeline\\{closure}()
#12 C:\\Users\\HP\\Documents\\GitHub\\gestion-bibliotheque\\laravel-backend\\vendor\\laravel\\framework\\src\\Illuminate\\Foundation\\Http\\Middleware\\ConvertEmptyStringsToNull.php(31): Illuminate\\Foundation\\Http\\Middleware\\TransformsRequest->handle()
#13 C:\\Users\\HP\\Documents\\GitHub\\gestion-bibliotheque\\laravel-backend\\vendor\\laravel\\framework\\src\\Illuminate\\Pipeline\\Pipeline.php(209): Illuminate\\Foundation\\Http\\Middleware\\ConvertEmptyStringsToNull->handle()
#14 C:\\Users\\HP\\Documents\\GitHub\\gestion-bibliotheque\\laravel-backend\\vendor\\laravel\\framework\\src\\Illuminate\\Foundation\\Http\\Middleware\\TransformsRequest.php(21): Illuminate\\Pipeline\\Pipeline->Illuminate\\Pipeline\\{closure}()
#15 C:\\Users\\HP\\Documents\\GitHub\\gestion-bibliotheque\\laravel-backend\\vendor\\laravel\\framework\\src\\Illuminate\\Foundation\\Http\\Middleware\\TrimStrings.php(51): Illuminate\\Foundation\\Http\\Middleware\\TransformsRequest->handle()
#16 C:\\Users\\HP\\Documents\\GitHub\\gestion-bibliotheque\\laravel-backend\\vendor\\laravel\\framework\\src\\Illuminate\\Pipeline\\Pipeline.php(209): Illuminate\\Foundation\\Http\\Middleware\\TrimStrings->handle()
#17 C:\\Users\\HP\\Documents\\GitHub\\gestion-bibliotheque\\laravel-backend\\vendor\\laravel\\framework\\src\\Illuminate\\Http\\Middleware\\ValidatePostSize.php(27): Illuminate\\Pipeline\\Pipeline->Illuminate\\Pipeline\\{closure}()
#18 C:\\Users\\HP\\Documents\\GitHub\\gestion-bibliotheque\\laravel-backend\\vendor\\laravel\\framework\\src\\Illuminate\\Pipeline\\Pipeline.php(209): Illuminate\\Http\\Middleware\\ValidatePostSize->handle()
#19 C:\\Users\\HP\\Documents\\GitHub\\gestion-bibliotheque\\laravel-backend\\vendor\\laravel\\framework\\src\\Illuminate\\Foundation\\Http\\Middleware\\PreventRequestsDuringMaintenance.php(110): Illuminate\\Pipeline\\Pipeline->Illuminate\\Pipeline\\{closure}()
#20 C:\\Users\\HP\\Documents\\GitHub\\gestion-bibliotheque\\laravel-backend\\vendor\\laravel\\framework\\src\\Illuminate\\Pipeline\\Pipeline.php(209): Illuminate\\Foundation\\Http\\Middleware\\PreventRequestsDuringMaintenance->handle()
#21 C:\\Users\\HP\\Documents\\GitHub\\gestion-bibliotheque\\laravel-backend\\vendor\\laravel\\framework\\src\\Illuminate\\Http\\Middleware\\HandleCors.php(62): Illuminate\\Pipeline\\Pipeline->Illuminate\\Pipeline\\{closure}()
#22 C:\\Users\\HP\\Documents\\GitHub\\gestion-bibliotheque\\laravel-backend\\vendor\\laravel\\framework\\src\\Illuminate\\Pipeline\\Pipeline.php(209): Illuminate\\Http\\Middleware\\HandleCors->handle()
#23 C:\\Users\\HP\\Documents\\GitHub\\gestion-bibliotheque\\laravel-backend\\vendor\\laravel\\framework\\src\\Illuminate\\Http\\Middleware\\TrustProxies.php(58): Illuminate\\Pipeline\\Pipeline->Illuminate\\Pipeline\\{closure}()
#24 C:\\Users\\HP\\Documents\\GitHub\\gestion-bibliotheque\\laravel-backend\\vendor\\laravel\\framework\\src\\Illuminate\\Pipeline\\Pipeline.php(209): Illuminate\\Http\\Middleware\\TrustProxies->handle()
#25 C:\\Users\\HP\\Documents\\GitHub\\gestion-bibliotheque\\laravel-backend\\vendor\\laravel\\framework\\src\\Illuminate\\Foundation\\Http\\Middleware\\InvokeDeferredCallbacks.php(22): Illuminate\\Pipeline\\Pipeline->Illuminate\\Pipeline\\{closure}()
#26 C:\\Users\\HP\\Documents\\GitHub\\gestion-bibliotheque\\laravel-backend\\vendor\\laravel\\framework\\src\\Illuminate\\Pipeline\\Pipeline.php(209): Illuminate\\Foundation\\Http\\Middleware\\InvokeDeferredCallbacks->handle()
#27 C:\\Users\\HP\\Documents\\GitHub\\gestion-bibliotheque\\laravel-backend\\vendor\\laravel\\framework\\src\\Illuminate\\Pipeline\\Pipeline.php(127): Illuminate\\Pipeline\\Pipeline->Illuminate\\Pipeline\\{closure}()
#28 C:\\Users\\HP\\Documents\\GitHub\\gestion-bibliotheque\\laravel-backend\\vendor\\laravel\\framework\\src\\Illuminate\\Foundation\\Http\\Kernel.php(176): Illuminate\\Pipeline\\Pipeline->then()
#29 C:\\Users\\HP\\Documents\\GitHub\\gestion-bibliotheque\\laravel-backend\\vendor\\laravel\\framework\\src\\Illuminate\\Foundation\\Http\\Kernel.php(145): Illuminate\\Foundation\\Http\\Kernel->sendRequestThroughRouter()
#30 C:\\Users\\HP\\Documents\\GitHub\\gestion-bibliotheque\\laravel-backend\\vendor\\laravel\\framework\\src\\Illuminate\\Foundation\\Application.php(1216): Illuminate\\Foundation\\Http\\Kernel->handle()
#31 C:\\Users\\HP\\Documents\\GitHub\\gestion-bibliotheque\\laravel-backend\\public\\index.php(17): Illuminate\\Foundation\\Application->handleRequest()
#32 C:\\Users\\HP\\Documents\\GitHub\\gestion-bibliotheque\\laravel-backend\\vendor\\laravel\\framework\\src\\Illuminate\\Foundation\\resources\\server.php(23): require_once('...')
#33 {main}
"} 
[2025-03-22 12:28:53] local.ERROR: Auth guard [sanctum] is not defined. {"exception":"[object] (InvalidArgumentException(code: 0): Auth guard [sanctum] is not defined. at C:\\Users\\HP\\Documents\\GitHub\\gestion-bibliotheque\\laravel-backend\\vendor\\laravel\\framework\\src\\Illuminate\\Auth\\AuthManager.php:86)
[stacktrace]
#0 C:\\Users\\HP\\Documents\\GitHub\\gestion-bibliotheque\\laravel-backend\\vendor\\laravel\\framework\\src\\Illuminate\\Auth\\AuthManager.php(70): Illuminate\\Auth\\AuthManager->resolve()
#1 C:\\Users\\HP\\Documents\\GitHub\\gestion-bibliotheque\\laravel-backend\\vendor\\laravel\\framework\\src\\Illuminate\\Auth\\Middleware\\Authenticate.php(83): Illuminate\\Auth\\AuthManager->guard()
#2 C:\\Users\\HP\\Documents\\GitHub\\gestion-bibliotheque\\laravel-backend\\vendor\\laravel\\framework\\src\\Illuminate\\Auth\\Middleware\\Authenticate.php(62): Illuminate\\Auth\\Middleware\\Authenticate->authenticate()
#3 C:\\Users\\HP\\Documents\\GitHub\\gestion-bibliotheque\\laravel-backend\\vendor\\laravel\\framework\\src\\Illuminate\\Pipeline\\Pipeline.php(209): Illuminate\\Auth\\Middleware\\Authenticate->handle()
#4 C:\\Users\\HP\\Documents\\GitHub\\gestion-bibliotheque\\laravel-backend\\vendor\\laravel\\framework\\src\\Illuminate\\Pipeline\\Pipeline.php(127): Illuminate\\Pipeline\\Pipeline->Illuminate\\Pipeline\\{closure}()
#5 C:\\Users\\HP\\Documents\\GitHub\\gestion-bibliotheque\\laravel-backend\\vendor\\laravel\\framework\\src\\Illuminate\\Routing\\Router.php(807): Illuminate\\Pipeline\\Pipeline->then()
#6 C:\\Users\\HP\\Documents\\GitHub\\gestion-bibliotheque\\laravel-backend\\vendor\\laravel\\framework\\src\\Illuminate\\Routing\\Router.php(786): Illuminate\\Routing\\Router->runRouteWithinStack()
#7 C:\\Users\\HP\\Documents\\GitHub\\gestion-bibliotheque\\laravel-backend\\vendor\\laravel\\framework\\src\\Illuminate\\Routing\\Router.php(750): Illuminate\\Routing\\Router->runRoute()
#8 C:\\Users\\HP\\Documents\\GitHub\\gestion-bibliotheque\\laravel-backend\\vendor\\laravel\\framework\\src\\Illuminate\\Routing\\Router.php(739): Illuminate\\Routing\\Router->dispatchToRoute()
#9 C:\\Users\\HP\\Documents\\GitHub\\gestion-bibliotheque\\laravel-backend\\vendor\\laravel\\framework\\src\\Illuminate\\Foundation\\Http\\Kernel.php(201): Illuminate\\Routing\\Router->dispatch()
#10 C:\\Users\\HP\\Documents\\GitHub\\gestion-bibliotheque\\laravel-backend\\vendor\\laravel\\framework\\src\\Illuminate\\Pipeline\\Pipeline.php(170): Illuminate\\Foundation\\Http\\Kernel->Illuminate\\Foundation\\Http\\{closure}()
#11 C:\\Users\\HP\\Documents\\GitHub\\gestion-bibliotheque\\laravel-backend\\vendor\\laravel\\framework\\src\\Illuminate\\Foundation\\Http\\Middleware\\TransformsRequest.php(21): Illuminate\\Pipeline\\Pipeline->Illuminate\\Pipeline\\{closure}()
#12 C:\\Users\\HP\\Documents\\GitHub\\gestion-bibliotheque\\laravel-backend\\vendor\\laravel\\framework\\src\\Illuminate\\Foundation\\Http\\Middleware\\ConvertEmptyStringsToNull.php(31): Illuminate\\Foundation\\Http\\Middleware\\TransformsRequest->handle()
#13 C:\\Users\\HP\\Documents\\GitHub\\gestion-bibliotheque\\laravel-backend\\vendor\\laravel\\framework\\src\\Illuminate\\Pipeline\\Pipeline.php(209): Illuminate\\Foundation\\Http\\Middleware\\ConvertEmptyStringsToNull->handle()
#14 C:\\Users\\HP\\Documents\\GitHub\\gestion-bibliotheque\\laravel-backend\\vendor\\laravel\\framework\\src\\Illuminate\\Foundation\\Http\\Middleware\\TransformsRequest.php(21): Illuminate\\Pipeline\\Pipeline->Illuminate\\Pipeline\\{closure}()
#15 C:\\Users\\HP\\Documents\\GitHub\\gestion-bibliotheque\\laravel-backend\\vendor\\laravel\\framework\\src\\Illuminate\\Foundation\\Http\\Middleware\\TrimStrings.php(51): Illuminate\\Foundation\\Http\\Middleware\\TransformsRequest->handle()
#16 C:\\Users\\HP\\Documents\\GitHub\\gestion-bibliotheque\\laravel-backend\\vendor\\laravel\\framework\\src\\Illuminate\\Pipeline\\Pipeline.php(209): Illuminate\\Foundation\\Http\\Middleware\\TrimStrings->handle()
#17 C:\\Users\\HP\\Documents\\GitHub\\gestion-bibliotheque\\laravel-backend\\vendor\\laravel\\framework\\src\\Illuminate\\Http\\Middleware\\ValidatePostSize.php(27): Illuminate\\Pipeline\\Pipeline->Illuminate\\Pipeline\\{closure}()
#18 C:\\Users\\HP\\Documents\\GitHub\\gestion-bibliotheque\\laravel-backend\\vendor\\laravel\\framework\\src\\Illuminate\\Pipeline\\Pipeline.php(209): Illuminate\\Http\\Middleware\\ValidatePostSize->handle()
#19 C:\\Users\\HP\\Documents\\GitHub\\gestion-bibliotheque\\laravel-backend\\vendor\\laravel\\framework\\src\\Illuminate\\Foundation\\Http\\Middleware\\PreventRequestsDuringMaintenance.php(110): Illuminate\\Pipeline\\Pipeline->Illuminate\\Pipeline\\{closure}()
#20 C:\\Users\\HP\\Documents\\GitHub\\gestion-bibliotheque\\laravel-backend\\vendor\\laravel\\framework\\src\\Illuminate\\Pipeline\\Pipeline.php(209): Illuminate\\Foundation\\Http\\Middleware\\PreventRequestsDuringMaintenance->handle()
#21 C:\\Users\\HP\\Documents\\GitHub\\gestion-bibliotheque\\laravel-backend\\vendor\\laravel\\framework\\src\\Illuminate\\Http\\Middleware\\HandleCors.php(62): Illuminate\\Pipeline\\Pipeline->Illuminate\\Pipeline\\{closure}()
#22 C:\\Users\\HP\\Documents\\GitHub\\gestion-bibliotheque\\laravel-backend\\vendor\\laravel\\framework\\src\\Illuminate\\Pipeline\\Pipeline.php(209): Illuminate\\Http\\Middleware\\HandleCors->handle()
#23 C:\\Users\\HP\\Documents\\GitHub\\gestion-bibliotheque\\laravel-backend\\vendor\\laravel\\framework\\src\\Illuminate\\Http\\Middleware\\TrustProxies.php(58): Illuminate\\Pipeline\\Pipeline->Illuminate\\Pipeline\\{closure}()
#24 C:\\Users\\HP\\Documents\\GitHub\\gestion-bibliotheque\\laravel-backend\\vendor\\laravel\\framework\\src\\Illuminate\\Pipeline\\Pipeline.php(209): Illuminate\\Http\\Middleware\\TrustProxies->handle()
#25 C:\\Users\\HP\\Documents\\GitHub\\gestion-bibliotheque\\laravel-backend\\vendor\\laravel\\framework\\src\\Illuminate\\Foundation\\Http\\Middleware\\InvokeDeferredCallbacks.php(22): Illuminate\\Pipeline\\Pipeline->Illuminate\\Pipeline\\{closure}()
#26 C:\\Users\\HP\\Documents\\GitHub\\gestion-bibliotheque\\laravel-backend\\vendor\\laravel\\framework\\src\\Illuminate\\Pipeline\\Pipeline.php(209): Illuminate\\Foundation\\Http\\Middleware\\InvokeDeferredCallbacks->handle()
#27 C:\\Users\\HP\\Documents\\GitHub\\gestion-bibliotheque\\laravel-backend\\vendor\\laravel\\framework\\src\\Illuminate\\Pipeline\\Pipeline.php(127): Illuminate\\Pipeline\\Pipeline->Illuminate\\Pipeline\\{closure}()
#28 C:\\Users\\HP\\Documents\\GitHub\\gestion-bibliotheque\\laravel-backend\\vendor\\laravel\\framework\\src\\Illuminate\\Foundation\\Http\\Kernel.php(176): Illuminate\\Pipeline\\Pipeline->then()
#29 C:\\Users\\HP\\Documents\\GitHub\\gestion-bibliotheque\\laravel-backend\\vendor\\laravel\\framework\\src\\Illuminate\\Foundation\\Http\\Kernel.php(145): Illuminate\\Foundation\\Http\\Kernel->sendRequestThroughRouter()
#30 C:\\Users\\HP\\Documents\\GitHub\\gestion-bibliotheque\\laravel-backend\\vendor\\laravel\\framework\\src\\Illuminate\\Foundation\\Application.php(1216): Illuminate\\Foundation\\Http\\Kernel->handle()
#31 C:\\Users\\HP\\Documents\\GitHub\\gestion-bibliotheque\\laravel-backend\\public\\index.php(17): Illuminate\\Foundation\\Application->handleRequest()
#32 C:\\Users\\HP\\Documents\\GitHub\\gestion-bibliotheque\\laravel-backend\\vendor\\laravel\\framework\\src\\Illuminate\\Foundation\\resources\\server.php(23): require_once('...')
#33 {main}
"} 
[2025-03-22 12:30:44] local.ERROR: Auth guard [sanctum] is not defined. {"exception":"[object] (InvalidArgumentException(code: 0): Auth guard [sanctum] is not defined. at C:\\Users\\HP\\Documents\\GitHub\\gestion-bibliotheque\\laravel-backend\\vendor\\laravel\\framework\\src\\Illuminate\\Auth\\AuthManager.php:86)
[stacktrace]
#0 C:\\Users\\HP\\Documents\\GitHub\\gestion-bibliotheque\\laravel-backend\\vendor\\laravel\\framework\\src\\Illuminate\\Auth\\AuthManager.php(70): Illuminate\\Auth\\AuthManager->resolve()
#1 C:\\Users\\HP\\Documents\\GitHub\\gestion-bibliotheque\\laravel-backend\\vendor\\laravel\\framework\\src\\Illuminate\\Auth\\Middleware\\Authenticate.php(83): Illuminate\\Auth\\AuthManager->guard()
#2 C:\\Users\\HP\\Documents\\GitHub\\gestion-bibliotheque\\laravel-backend\\vendor\\laravel\\framework\\src\\Illuminate\\Auth\\Middleware\\Authenticate.php(62): Illuminate\\Auth\\Middleware\\Authenticate->authenticate()
#3 C:\\Users\\HP\\Documents\\GitHub\\gestion-bibliotheque\\laravel-backend\\vendor\\laravel\\framework\\src\\Illuminate\\Pipeline\\Pipeline.php(209): Illuminate\\Auth\\Middleware\\Authenticate->handle()
#4 C:\\Users\\HP\\Documents\\GitHub\\gestion-bibliotheque\\laravel-backend\\vendor\\laravel\\framework\\src\\Illuminate\\Pipeline\\Pipeline.php(127): Illuminate\\Pipeline\\Pipeline->Illuminate\\Pipeline\\{closure}()
#5 C:\\Users\\HP\\Documents\\GitHub\\gestion-bibliotheque\\laravel-backend\\vendor\\laravel\\framework\\src\\Illuminate\\Routing\\Router.php(807): Illuminate\\Pipeline\\Pipeline->then()
#6 C:\\Users\\HP\\Documents\\GitHub\\gestion-bibliotheque\\laravel-backend\\vendor\\laravel\\framework\\src\\Illuminate\\Routing\\Router.php(786): Illuminate\\Routing\\Router->runRouteWithinStack()
#7 C:\\Users\\HP\\Documents\\GitHub\\gestion-bibliotheque\\laravel-backend\\vendor\\laravel\\framework\\src\\Illuminate\\Routing\\Router.php(750): Illuminate\\Routing\\Router->runRoute()
#8 C:\\Users\\HP\\Documents\\GitHub\\gestion-bibliotheque\\laravel-backend\\vendor\\laravel\\framework\\src\\Illuminate\\Routing\\Router.php(739): Illuminate\\Routing\\Router->dispatchToRoute()
#9 C:\\Users\\HP\\Documents\\GitHub\\gestion-bibliotheque\\laravel-backend\\vendor\\laravel\\framework\\src\\Illuminate\\Foundation\\Http\\Kernel.php(201): Illuminate\\Routing\\Router->dispatch()
#10 C:\\Users\\HP\\Documents\\GitHub\\gestion-bibliotheque\\laravel-backend\\vendor\\laravel\\framework\\src\\Illuminate\\Pipeline\\Pipeline.php(170): Illuminate\\Foundation\\Http\\Kernel->Illuminate\\Foundation\\Http\\{closure}()
#11 C:\\Users\\HP\\Documents\\GitHub\\gestion-bibliotheque\\laravel-backend\\vendor\\laravel\\framework\\src\\Illuminate\\Foundation\\Http\\Middleware\\TransformsRequest.php(21): Illuminate\\Pipeline\\Pipeline->Illuminate\\Pipeline\\{closure}()
#12 C:\\Users\\HP\\Documents\\GitHub\\gestion-bibliotheque\\laravel-backend\\vendor\\laravel\\framework\\src\\Illuminate\\Foundation\\Http\\Middleware\\ConvertEmptyStringsToNull.php(31): Illuminate\\Foundation\\Http\\Middleware\\TransformsRequest->handle()
#13 C:\\Users\\HP\\Documents\\GitHub\\gestion-bibliotheque\\laravel-backend\\vendor\\laravel\\framework\\src\\Illuminate\\Pipeline\\Pipeline.php(209): Illuminate\\Foundation\\Http\\Middleware\\ConvertEmptyStringsToNull->handle()
#14 C:\\Users\\HP\\Documents\\GitHub\\gestion-bibliotheque\\laravel-backend\\vendor\\laravel\\framework\\src\\Illuminate\\Foundation\\Http\\Middleware\\TransformsRequest.php(21): Illuminate\\Pipeline\\Pipeline->Illuminate\\Pipeline\\{closure}()
#15 C:\\Users\\HP\\Documents\\GitHub\\gestion-bibliotheque\\laravel-backend\\vendor\\laravel\\framework\\src\\Illuminate\\Foundation\\Http\\Middleware\\TrimStrings.php(51): Illuminate\\Foundation\\Http\\Middleware\\TransformsRequest->handle()
#16 C:\\Users\\HP\\Documents\\GitHub\\gestion-bibliotheque\\laravel-backend\\vendor\\laravel\\framework\\src\\Illuminate\\Pipeline\\Pipeline.php(209): Illuminate\\Foundation\\Http\\Middleware\\TrimStrings->handle()
#17 C:\\Users\\HP\\Documents\\GitHub\\gestion-bibliotheque\\laravel-backend\\vendor\\laravel\\framework\\src\\Illuminate\\Http\\Middleware\\ValidatePostSize.php(27): Illuminate\\Pipeline\\Pipeline->Illuminate\\Pipeline\\{closure}()
#18 C:\\Users\\HP\\Documents\\GitHub\\gestion-bibliotheque\\laravel-backend\\vendor\\laravel\\framework\\src\\Illuminate\\Pipeline\\Pipeline.php(209): Illuminate\\Http\\Middleware\\ValidatePostSize->handle()
#19 C:\\Users\\HP\\Documents\\GitHub\\gestion-bibliotheque\\laravel-backend\\vendor\\laravel\\framework\\src\\Illuminate\\Foundation\\Http\\Middleware\\PreventRequestsDuringMaintenance.php(110): Illuminate\\Pipeline\\Pipeline->Illuminate\\Pipeline\\{closure}()
#20 C:\\Users\\HP\\Documents\\GitHub\\gestion-bibliotheque\\laravel-backend\\vendor\\laravel\\framework\\src\\Illuminate\\Pipeline\\Pipeline.php(209): Illuminate\\Foundation\\Http\\Middleware\\PreventRequestsDuringMaintenance->handle()
#21 C:\\Users\\HP\\Documents\\GitHub\\gestion-bibliotheque\\laravel-backend\\vendor\\laravel\\framework\\src\\Illuminate\\Http\\Middleware\\HandleCors.php(62): Illuminate\\Pipeline\\Pipeline->Illuminate\\Pipeline\\{closure}()
#22 C:\\Users\\HP\\Documents\\GitHub\\gestion-bibliotheque\\laravel-backend\\vendor\\laravel\\framework\\src\\Illuminate\\Pipeline\\Pipeline.php(209): Illuminate\\Http\\Middleware\\HandleCors->handle()
#23 C:\\Users\\HP\\Documents\\GitHub\\gestion-bibliotheque\\laravel-backend\\vendor\\laravel\\framework\\src\\Illuminate\\Http\\Middleware\\TrustProxies.php(58): Illuminate\\Pipeline\\Pipeline->Illuminate\\Pipeline\\{closure}()
#24 C:\\Users\\HP\\Documents\\GitHub\\gestion-bibliotheque\\laravel-backend\\vendor\\laravel\\framework\\src\\Illuminate\\Pipeline\\Pipeline.php(209): Illuminate\\Http\\Middleware\\TrustProxies->handle()
#25 C:\\Users\\HP\\Documents\\GitHub\\gestion-bibliotheque\\laravel-backend\\vendor\\laravel\\framework\\src\\Illuminate\\Foundation\\Http\\Middleware\\InvokeDeferredCallbacks.php(22): Illuminate\\Pipeline\\Pipeline->Illuminate\\Pipeline\\{closure}()
#26 C:\\Users\\HP\\Documents\\GitHub\\gestion-bibliotheque\\laravel-backend\\vendor\\laravel\\framework\\src\\Illuminate\\Pipeline\\Pipeline.php(209): Illuminate\\Foundation\\Http\\Middleware\\InvokeDeferredCallbacks->handle()
#27 C:\\Users\\HP\\Documents\\GitHub\\gestion-bibliotheque\\laravel-backend\\vendor\\laravel\\framework\\src\\Illuminate\\Pipeline\\Pipeline.php(127): Illuminate\\Pipeline\\Pipeline->Illuminate\\Pipeline\\{closure}()
#28 C:\\Users\\HP\\Documents\\GitHub\\gestion-bibliotheque\\laravel-backend\\vendor\\laravel\\framework\\src\\Illuminate\\Foundation\\Http\\Kernel.php(176): Illuminate\\Pipeline\\Pipeline->then()
#29 C:\\Users\\HP\\Documents\\GitHub\\gestion-bibliotheque\\laravel-backend\\vendor\\laravel\\framework\\src\\Illuminate\\Foundation\\Http\\Kernel.php(145): Illuminate\\Foundation\\Http\\Kernel->sendRequestThroughRouter()
#30 C:\\Users\\HP\\Documents\\GitHub\\gestion-bibliotheque\\laravel-backend\\vendor\\laravel\\framework\\src\\Illuminate\\Foundation\\Application.php(1216): Illuminate\\Foundation\\Http\\Kernel->handle()
#31 C:\\Users\\HP\\Documents\\GitHub\\gestion-bibliotheque\\laravel-backend\\public\\index.php(17): Illuminate\\Foundation\\Application->handleRequest()
#32 C:\\Users\\HP\\Documents\\GitHub\\gestion-bibliotheque\\laravel-backend\\vendor\\laravel\\framework\\src\\Illuminate\\Foundation\\resources\\server.php(23): require_once('...')
#33 {main}
"} 
[2025-03-22 12:30:49] local.ERROR: Auth guard [sanctum] is not defined. {"exception":"[object] (InvalidArgumentException(code: 0): Auth guard [sanctum] is not defined. at C:\\Users\\HP\\Documents\\GitHub\\gestion-bibliotheque\\laravel-backend\\vendor\\laravel\\framework\\src\\Illuminate\\Auth\\AuthManager.php:86)
[stacktrace]
#0 C:\\Users\\HP\\Documents\\GitHub\\gestion-bibliotheque\\laravel-backend\\vendor\\laravel\\framework\\src\\Illuminate\\Auth\\AuthManager.php(70): Illuminate\\Auth\\AuthManager->resolve()
#1 C:\\Users\\HP\\Documents\\GitHub\\gestion-bibliotheque\\laravel-backend\\vendor\\laravel\\framework\\src\\Illuminate\\Auth\\Middleware\\Authenticate.php(83): Illuminate\\Auth\\AuthManager->guard()
#2 C:\\Users\\HP\\Documents\\GitHub\\gestion-bibliotheque\\laravel-backend\\vendor\\laravel\\framework\\src\\Illuminate\\Auth\\Middleware\\Authenticate.php(62): Illuminate\\Auth\\Middleware\\Authenticate->authenticate()
#3 C:\\Users\\HP\\Documents\\GitHub\\gestion-bibliotheque\\laravel-backend\\vendor\\laravel\\framework\\src\\Illuminate\\Pipeline\\Pipeline.php(209): Illuminate\\Auth\\Middleware\\Authenticate->handle()
#4 C:\\Users\\HP\\Documents\\GitHub\\gestion-bibliotheque\\laravel-backend\\vendor\\laravel\\framework\\src\\Illuminate\\Pipeline\\Pipeline.php(127): Illuminate\\Pipeline\\Pipeline->Illuminate\\Pipeline\\{closure}()
#5 C:\\Users\\HP\\Documents\\GitHub\\gestion-bibliotheque\\laravel-backend\\vendor\\laravel\\framework\\src\\Illuminate\\Routing\\Router.php(807): Illuminate\\Pipeline\\Pipeline->then()
#6 C:\\Users\\HP\\Documents\\GitHub\\gestion-bibliotheque\\laravel-backend\\vendor\\laravel\\framework\\src\\Illuminate\\Routing\\Router.php(786): Illuminate\\Routing\\Router->runRouteWithinStack()
#7 C:\\Users\\HP\\Documents\\GitHub\\gestion-bibliotheque\\laravel-backend\\vendor\\laravel\\framework\\src\\Illuminate\\Routing\\Router.php(750): Illuminate\\Routing\\Router->runRoute()
#8 C:\\Users\\HP\\Documents\\GitHub\\gestion-bibliotheque\\laravel-backend\\vendor\\laravel\\framework\\src\\Illuminate\\Routing\\Router.php(739): Illuminate\\Routing\\Router->dispatchToRoute()
#9 C:\\Users\\HP\\Documents\\GitHub\\gestion-bibliotheque\\laravel-backend\\vendor\\laravel\\framework\\src\\Illuminate\\Foundation\\Http\\Kernel.php(201): Illuminate\\Routing\\Router->dispatch()
#10 C:\\Users\\HP\\Documents\\GitHub\\gestion-bibliotheque\\laravel-backend\\vendor\\laravel\\framework\\src\\Illuminate\\Pipeline\\Pipeline.php(170): Illuminate\\Foundation\\Http\\Kernel->Illuminate\\Foundation\\Http\\{closure}()
#11 C:\\Users\\HP\\Documents\\GitHub\\gestion-bibliotheque\\laravel-backend\\vendor\\laravel\\framework\\src\\Illuminate\\Foundation\\Http\\Middleware\\TransformsRequest.php(21): Illuminate\\Pipeline\\Pipeline->Illuminate\\Pipeline\\{closure}()
#12 C:\\Users\\HP\\Documents\\GitHub\\gestion-bibliotheque\\laravel-backend\\vendor\\laravel\\framework\\src\\Illuminate\\Foundation\\Http\\Middleware\\ConvertEmptyStringsToNull.php(31): Illuminate\\Foundation\\Http\\Middleware\\TransformsRequest->handle()
#13 C:\\Users\\HP\\Documents\\GitHub\\gestion-bibliotheque\\laravel-backend\\vendor\\laravel\\framework\\src\\Illuminate\\Pipeline\\Pipeline.php(209): Illuminate\\Foundation\\Http\\Middleware\\ConvertEmptyStringsToNull->handle()
#14 C:\\Users\\HP\\Documents\\GitHub\\gestion-bibliotheque\\laravel-backend\\vendor\\laravel\\framework\\src\\Illuminate\\Foundation\\Http\\Middleware\\TransformsRequest.php(21): Illuminate\\Pipeline\\Pipeline->Illuminate\\Pipeline\\{closure}()
#15 C:\\Users\\HP\\Documents\\GitHub\\gestion-bibliotheque\\laravel-backend\\vendor\\laravel\\framework\\src\\Illuminate\\Foundation\\Http\\Middleware\\TrimStrings.php(51): Illuminate\\Foundation\\Http\\Middleware\\TransformsRequest->handle()
#16 C:\\Users\\HP\\Documents\\GitHub\\gestion-bibliotheque\\laravel-backend\\vendor\\laravel\\framework\\src\\Illuminate\\Pipeline\\Pipeline.php(209): Illuminate\\Foundation\\Http\\Middleware\\TrimStrings->handle()
#17 C:\\Users\\HP\\Documents\\GitHub\\gestion-bibliotheque\\laravel-backend\\vendor\\laravel\\framework\\src\\Illuminate\\Http\\Middleware\\ValidatePostSize.php(27): Illuminate\\Pipeline\\Pipeline->Illuminate\\Pipeline\\{closure}()
#18 C:\\Users\\HP\\Documents\\GitHub\\gestion-bibliotheque\\laravel-backend\\vendor\\laravel\\framework\\src\\Illuminate\\Pipeline\\Pipeline.php(209): Illuminate\\Http\\Middleware\\ValidatePostSize->handle()
#19 C:\\Users\\HP\\Documents\\GitHub\\gestion-bibliotheque\\laravel-backend\\vendor\\laravel\\framework\\src\\Illuminate\\Foundation\\Http\\Middleware\\PreventRequestsDuringMaintenance.php(110): Illuminate\\Pipeline\\Pipeline->Illuminate\\Pipeline\\{closure}()
#20 C:\\Users\\HP\\Documents\\GitHub\\gestion-bibliotheque\\laravel-backend\\vendor\\laravel\\framework\\src\\Illuminate\\Pipeline\\Pipeline.php(209): Illuminate\\Foundation\\Http\\Middleware\\PreventRequestsDuringMaintenance->handle()
#21 C:\\Users\\HP\\Documents\\GitHub\\gestion-bibliotheque\\laravel-backend\\vendor\\laravel\\framework\\src\\Illuminate\\Http\\Middleware\\HandleCors.php(62): Illuminate\\Pipeline\\Pipeline->Illuminate\\Pipeline\\{closure}()
#22 C:\\Users\\HP\\Documents\\GitHub\\gestion-bibliotheque\\laravel-backend\\vendor\\laravel\\framework\\src\\Illuminate\\Pipeline\\Pipeline.php(209): Illuminate\\Http\\Middleware\\HandleCors->handle()
#23 C:\\Users\\HP\\Documents\\GitHub\\gestion-bibliotheque\\laravel-backend\\vendor\\laravel\\framework\\src\\Illuminate\\Http\\Middleware\\TrustProxies.php(58): Illuminate\\Pipeline\\Pipeline->Illuminate\\Pipeline\\{closure}()
#24 C:\\Users\\HP\\Documents\\GitHub\\gestion-bibliotheque\\laravel-backend\\vendor\\laravel\\framework\\src\\Illuminate\\Pipeline\\Pipeline.php(209): Illuminate\\Http\\Middleware\\TrustProxies->handle()
#25 C:\\Users\\HP\\Documents\\GitHub\\gestion-bibliotheque\\laravel-backend\\vendor\\laravel\\framework\\src\\Illuminate\\Foundation\\Http\\Middleware\\InvokeDeferredCallbacks.php(22): Illuminate\\Pipeline\\Pipeline->Illuminate\\Pipeline\\{closure}()
#26 C:\\Users\\HP\\Documents\\GitHub\\gestion-bibliotheque\\laravel-backend\\vendor\\laravel\\framework\\src\\Illuminate\\Pipeline\\Pipeline.php(209): Illuminate\\Foundation\\Http\\Middleware\\InvokeDeferredCallbacks->handle()
#27 C:\\Users\\HP\\Documents\\GitHub\\gestion-bibliotheque\\laravel-backend\\vendor\\laravel\\framework\\src\\Illuminate\\Pipeline\\Pipeline.php(127): Illuminate\\Pipeline\\Pipeline->Illuminate\\Pipeline\\{closure}()
#28 C:\\Users\\HP\\Documents\\GitHub\\gestion-bibliotheque\\laravel-backend\\vendor\\laravel\\framework\\src\\Illuminate\\Foundation\\Http\\Kernel.php(176): Illuminate\\Pipeline\\Pipeline->then()
#29 C:\\Users\\HP\\Documents\\GitHub\\gestion-bibliotheque\\laravel-backend\\vendor\\laravel\\framework\\src\\Illuminate\\Foundation\\Http\\Kernel.php(145): Illuminate\\Foundation\\Http\\Kernel->sendRequestThroughRouter()
#30 C:\\Users\\HP\\Documents\\GitHub\\gestion-bibliotheque\\laravel-backend\\vendor\\laravel\\framework\\src\\Illuminate\\Foundation\\Application.php(1216): Illuminate\\Foundation\\Http\\Kernel->handle()
#31 C:\\Users\\HP\\Documents\\GitHub\\gestion-bibliotheque\\laravel-backend\\public\\index.php(17): Illuminate\\Foundation\\Application->handleRequest()
#32 C:\\Users\\HP\\Documents\\GitHub\\gestion-bibliotheque\\laravel-backend\\vendor\\laravel\\framework\\src\\Illuminate\\Foundation\\resources\\server.php(23): require_once('...')
#33 {main}
"} 
[2025-03-22 12:33:43] local.ERROR: Auth driver [sanctum] for guard [sanctum] is not defined. {"exception":"[object] (InvalidArgumentException(code: 0): Auth driver [sanctum] for guard [sanctum] is not defined. at C:\\Users\\HP\\Documents\\GitHub\\gestion-bibliotheque\\laravel-backend\\vendor\\laravel\\framework\\src\\Illuminate\\Auth\\AuthManager.php:99)
[stacktrace]
#0 C:\\Users\\HP\\Documents\\GitHub\\gestion-bibliotheque\\laravel-backend\\vendor\\laravel\\framework\\src\\Illuminate\\Auth\\AuthManager.php(70): Illuminate\\Auth\\AuthManager->resolve()
#1 C:\\Users\\HP\\Documents\\GitHub\\gestion-bibliotheque\\laravel-backend\\vendor\\laravel\\framework\\src\\Illuminate\\Auth\\Middleware\\Authenticate.php(83): Illuminate\\Auth\\AuthManager->guard()
#2 C:\\Users\\HP\\Documents\\GitHub\\gestion-bibliotheque\\laravel-backend\\vendor\\laravel\\framework\\src\\Illuminate\\Auth\\Middleware\\Authenticate.php(62): Illuminate\\Auth\\Middleware\\Authenticate->authenticate()
#3 C:\\Users\\HP\\Documents\\GitHub\\gestion-bibliotheque\\laravel-backend\\vendor\\laravel\\framework\\src\\Illuminate\\Pipeline\\Pipeline.php(209): Illuminate\\Auth\\Middleware\\Authenticate->handle()
#4 C:\\Users\\HP\\Documents\\GitHub\\gestion-bibliotheque\\laravel-backend\\vendor\\laravel\\framework\\src\\Illuminate\\Pipeline\\Pipeline.php(127): Illuminate\\Pipeline\\Pipeline->Illuminate\\Pipeline\\{closure}()
#5 C:\\Users\\HP\\Documents\\GitHub\\gestion-bibliotheque\\laravel-backend\\vendor\\laravel\\framework\\src\\Illuminate\\Routing\\Router.php(807): Illuminate\\Pipeline\\Pipeline->then()
#6 C:\\Users\\HP\\Documents\\GitHub\\gestion-bibliotheque\\laravel-backend\\vendor\\laravel\\framework\\src\\Illuminate\\Routing\\Router.php(786): Illuminate\\Routing\\Router->runRouteWithinStack()
#7 C:\\Users\\HP\\Documents\\GitHub\\gestion-bibliotheque\\laravel-backend\\vendor\\laravel\\framework\\src\\Illuminate\\Routing\\Router.php(750): Illuminate\\Routing\\Router->runRoute()
#8 C:\\Users\\HP\\Documents\\GitHub\\gestion-bibliotheque\\laravel-backend\\vendor\\laravel\\framework\\src\\Illuminate\\Routing\\Router.php(739): Illuminate\\Routing\\Router->dispatchToRoute()
#9 C:\\Users\\HP\\Documents\\GitHub\\gestion-bibliotheque\\laravel-backend\\vendor\\laravel\\framework\\src\\Illuminate\\Foundation\\Http\\Kernel.php(201): Illuminate\\Routing\\Router->dispatch()
#10 C:\\Users\\HP\\Documents\\GitHub\\gestion-bibliotheque\\laravel-backend\\vendor\\laravel\\framework\\src\\Illuminate\\Pipeline\\Pipeline.php(170): Illuminate\\Foundation\\Http\\Kernel->Illuminate\\Foundation\\Http\\{closure}()
#11 C:\\Users\\HP\\Documents\\GitHub\\gestion-bibliotheque\\laravel-backend\\vendor\\laravel\\framework\\src\\Illuminate\\Foundation\\Http\\Middleware\\TransformsRequest.php(21): Illuminate\\Pipeline\\Pipeline->Illuminate\\Pipeline\\{closure}()
#12 C:\\Users\\HP\\Documents\\GitHub\\gestion-bibliotheque\\laravel-backend\\vendor\\laravel\\framework\\src\\Illuminate\\Foundation\\Http\\Middleware\\ConvertEmptyStringsToNull.php(31): Illuminate\\Foundation\\Http\\Middleware\\TransformsRequest->handle()
#13 C:\\Users\\HP\\Documents\\GitHub\\gestion-bibliotheque\\laravel-backend\\vendor\\laravel\\framework\\src\\Illuminate\\Pipeline\\Pipeline.php(209): Illuminate\\Foundation\\Http\\Middleware\\ConvertEmptyStringsToNull->handle()
#14 C:\\Users\\HP\\Documents\\GitHub\\gestion-bibliotheque\\laravel-backend\\vendor\\laravel\\framework\\src\\Illuminate\\Foundation\\Http\\Middleware\\TransformsRequest.php(21): Illuminate\\Pipeline\\Pipeline->Illuminate\\Pipeline\\{closure}()
#15 C:\\Users\\HP\\Documents\\GitHub\\gestion-bibliotheque\\laravel-backend\\vendor\\laravel\\framework\\src\\Illuminate\\Foundation\\Http\\Middleware\\TrimStrings.php(51): Illuminate\\Foundation\\Http\\Middleware\\TransformsRequest->handle()
#16 C:\\Users\\HP\\Documents\\GitHub\\gestion-bibliotheque\\laravel-backend\\vendor\\laravel\\framework\\src\\Illuminate\\Pipeline\\Pipeline.php(209): Illuminate\\Foundation\\Http\\Middleware\\TrimStrings->handle()
#17 C:\\Users\\HP\\Documents\\GitHub\\gestion-bibliotheque\\laravel-backend\\vendor\\laravel\\framework\\src\\Illuminate\\Http\\Middleware\\ValidatePostSize.php(27): Illuminate\\Pipeline\\Pipeline->Illuminate\\Pipeline\\{closure}()
#18 C:\\Users\\HP\\Documents\\GitHub\\gestion-bibliotheque\\laravel-backend\\vendor\\laravel\\framework\\src\\Illuminate\\Pipeline\\Pipeline.php(209): Illuminate\\Http\\Middleware\\ValidatePostSize->handle()
#19 C:\\Users\\HP\\Documents\\GitHub\\gestion-bibliotheque\\laravel-backend\\vendor\\laravel\\framework\\src\\Illuminate\\Foundation\\Http\\Middleware\\PreventRequestsDuringMaintenance.php(110): Illuminate\\Pipeline\\Pipeline->Illuminate\\Pipeline\\{closure}()
#20 C:\\Users\\HP\\Documents\\GitHub\\gestion-bibliotheque\\laravel-backend\\vendor\\laravel\\framework\\src\\Illuminate\\Pipeline\\Pipeline.php(209): Illuminate\\Foundation\\Http\\Middleware\\PreventRequestsDuringMaintenance->handle()
#21 C:\\Users\\HP\\Documents\\GitHub\\gestion-bibliotheque\\laravel-backend\\vendor\\laravel\\framework\\src\\Illuminate\\Http\\Middleware\\HandleCors.php(62): Illuminate\\Pipeline\\Pipeline->Illuminate\\Pipeline\\{closure}()
#22 C:\\Users\\HP\\Documents\\GitHub\\gestion-bibliotheque\\laravel-backend\\vendor\\laravel\\framework\\src\\Illuminate\\Pipeline\\Pipeline.php(209): Illuminate\\Http\\Middleware\\HandleCors->handle()
#23 C:\\Users\\HP\\Documents\\GitHub\\gestion-bibliotheque\\laravel-backend\\vendor\\laravel\\framework\\src\\Illuminate\\Http\\Middleware\\TrustProxies.php(58): Illuminate\\Pipeline\\Pipeline->Illuminate\\Pipeline\\{closure}()
#24 C:\\Users\\HP\\Documents\\GitHub\\gestion-bibliotheque\\laravel-backend\\vendor\\laravel\\framework\\src\\Illuminate\\Pipeline\\Pipeline.php(209): Illuminate\\Http\\Middleware\\TrustProxies->handle()
#25 C:\\Users\\HP\\Documents\\GitHub\\gestion-bibliotheque\\laravel-backend\\vendor\\laravel\\framework\\src\\Illuminate\\Foundation\\Http\\Middleware\\InvokeDeferredCallbacks.php(22): Illuminate\\Pipeline\\Pipeline->Illuminate\\Pipeline\\{closure}()
#26 C:\\Users\\HP\\Documents\\GitHub\\gestion-bibliotheque\\laravel-backend\\vendor\\laravel\\framework\\src\\Illuminate\\Pipeline\\Pipeline.php(209): Illuminate\\Foundation\\Http\\Middleware\\InvokeDeferredCallbacks->handle()
#27 C:\\Users\\HP\\Documents\\GitHub\\gestion-bibliotheque\\laravel-backend\\vendor\\laravel\\framework\\src\\Illuminate\\Pipeline\\Pipeline.php(127): Illuminate\\Pipeline\\Pipeline->Illuminate\\Pipeline\\{closure}()
#28 C:\\Users\\HP\\Documents\\GitHub\\gestion-bibliotheque\\laravel-backend\\vendor\\laravel\\framework\\src\\Illuminate\\Foundation\\Http\\Kernel.php(176): Illuminate\\Pipeline\\Pipeline->then()
#29 C:\\Users\\HP\\Documents\\GitHub\\gestion-bibliotheque\\laravel-backend\\vendor\\laravel\\framework\\src\\Illuminate\\Foundation\\Http\\Kernel.php(145): Illuminate\\Foundation\\Http\\Kernel->sendRequestThroughRouter()
#30 C:\\Users\\HP\\Documents\\GitHub\\gestion-bibliotheque\\laravel-backend\\vendor\\laravel\\framework\\src\\Illuminate\\Foundation\\Application.php(1216): Illuminate\\Foundation\\Http\\Kernel->handle()
#31 C:\\Users\\HP\\Documents\\GitHub\\gestion-bibliotheque\\laravel-backend\\public\\index.php(17): Illuminate\\Foundation\\Application->handleRequest()
#32 C:\\Users\\HP\\Documents\\GitHub\\gestion-bibliotheque\\laravel-backend\\vendor\\laravel\\framework\\src\\Illuminate\\Foundation\\resources\\server.php(23): require_once('...')
#33 {main}
"} 
[2025-03-22 12:37:18] local.ERROR: Auth driver [sanctum] for guard [sanctum] is not defined. {"exception":"[object] (InvalidArgumentException(code: 0): Auth driver [sanctum] for guard [sanctum] is not defined. at C:\\Users\\HP\\Documents\\GitHub\\gestion-bibliotheque\\laravel-backend\\vendor\\laravel\\framework\\src\\Illuminate\\Auth\\AuthManager.php:99)
[stacktrace]
#0 C:\\Users\\HP\\Documents\\GitHub\\gestion-bibliotheque\\laravel-backend\\vendor\\laravel\\framework\\src\\Illuminate\\Auth\\AuthManager.php(70): Illuminate\\Auth\\AuthManager->resolve()
#1 C:\\Users\\HP\\Documents\\GitHub\\gestion-bibliotheque\\laravel-backend\\vendor\\laravel\\framework\\src\\Illuminate\\Auth\\Middleware\\Authenticate.php(83): Illuminate\\Auth\\AuthManager->guard()
#2 C:\\Users\\HP\\Documents\\GitHub\\gestion-bibliotheque\\laravel-backend\\vendor\\laravel\\framework\\src\\Illuminate\\Auth\\Middleware\\Authenticate.php(62): Illuminate\\Auth\\Middleware\\Authenticate->authenticate()
#3 C:\\Users\\HP\\Documents\\GitHub\\gestion-bibliotheque\\laravel-backend\\vendor\\laravel\\framework\\src\\Illuminate\\Pipeline\\Pipeline.php(209): Illuminate\\Auth\\Middleware\\Authenticate->handle()
#4 C:\\Users\\HP\\Documents\\GitHub\\gestion-bibliotheque\\laravel-backend\\vendor\\laravel\\framework\\src\\Illuminate\\Pipeline\\Pipeline.php(127): Illuminate\\Pipeline\\Pipeline->Illuminate\\Pipeline\\{closure}()
#5 C:\\Users\\HP\\Documents\\GitHub\\gestion-bibliotheque\\laravel-backend\\vendor\\laravel\\framework\\src\\Illuminate\\Routing\\Router.php(807): Illuminate\\Pipeline\\Pipeline->then()
#6 C:\\Users\\HP\\Documents\\GitHub\\gestion-bibliotheque\\laravel-backend\\vendor\\laravel\\framework\\src\\Illuminate\\Routing\\Router.php(786): Illuminate\\Routing\\Router->runRouteWithinStack()
#7 C:\\Users\\HP\\Documents\\GitHub\\gestion-bibliotheque\\laravel-backend\\vendor\\laravel\\framework\\src\\Illuminate\\Routing\\Router.php(750): Illuminate\\Routing\\Router->runRoute()
#8 C:\\Users\\HP\\Documents\\GitHub\\gestion-bibliotheque\\laravel-backend\\vendor\\laravel\\framework\\src\\Illuminate\\Routing\\Router.php(739): Illuminate\\Routing\\Router->dispatchToRoute()
#9 C:\\Users\\HP\\Documents\\GitHub\\gestion-bibliotheque\\laravel-backend\\vendor\\laravel\\framework\\src\\Illuminate\\Foundation\\Http\\Kernel.php(201): Illuminate\\Routing\\Router->dispatch()
#10 C:\\Users\\HP\\Documents\\GitHub\\gestion-bibliotheque\\laravel-backend\\vendor\\laravel\\framework\\src\\Illuminate\\Pipeline\\Pipeline.php(170): Illuminate\\Foundation\\Http\\Kernel->Illuminate\\Foundation\\Http\\{closure}()
#11 C:\\Users\\HP\\Documents\\GitHub\\gestion-bibliotheque\\laravel-backend\\vendor\\laravel\\framework\\src\\Illuminate\\Foundation\\Http\\Middleware\\TransformsRequest.php(21): Illuminate\\Pipeline\\Pipeline->Illuminate\\Pipeline\\{closure}()
#12 C:\\Users\\HP\\Documents\\GitHub\\gestion-bibliotheque\\laravel-backend\\vendor\\laravel\\framework\\src\\Illuminate\\Foundation\\Http\\Middleware\\ConvertEmptyStringsToNull.php(31): Illuminate\\Foundation\\Http\\Middleware\\TransformsRequest->handle()
#13 C:\\Users\\HP\\Documents\\GitHub\\gestion-bibliotheque\\laravel-backend\\vendor\\laravel\\framework\\src\\Illuminate\\Pipeline\\Pipeline.php(209): Illuminate\\Foundation\\Http\\Middleware\\ConvertEmptyStringsToNull->handle()
#14 C:\\Users\\HP\\Documents\\GitHub\\gestion-bibliotheque\\laravel-backend\\vendor\\laravel\\framework\\src\\Illuminate\\Foundation\\Http\\Middleware\\TransformsRequest.php(21): Illuminate\\Pipeline\\Pipeline->Illuminate\\Pipeline\\{closure}()
#15 C:\\Users\\HP\\Documents\\GitHub\\gestion-bibliotheque\\laravel-backend\\vendor\\laravel\\framework\\src\\Illuminate\\Foundation\\Http\\Middleware\\TrimStrings.php(51): Illuminate\\Foundation\\Http\\Middleware\\TransformsRequest->handle()
#16 C:\\Users\\HP\\Documents\\GitHub\\gestion-bibliotheque\\laravel-backend\\vendor\\laravel\\framework\\src\\Illuminate\\Pipeline\\Pipeline.php(209): Illuminate\\Foundation\\Http\\Middleware\\TrimStrings->handle()
#17 C:\\Users\\HP\\Documents\\GitHub\\gestion-bibliotheque\\laravel-backend\\vendor\\laravel\\framework\\src\\Illuminate\\Http\\Middleware\\ValidatePostSize.php(27): Illuminate\\Pipeline\\Pipeline->Illuminate\\Pipeline\\{closure}()
#18 C:\\Users\\HP\\Documents\\GitHub\\gestion-bibliotheque\\laravel-backend\\vendor\\laravel\\framework\\src\\Illuminate\\Pipeline\\Pipeline.php(209): Illuminate\\Http\\Middleware\\ValidatePostSize->handle()
#19 C:\\Users\\HP\\Documents\\GitHub\\gestion-bibliotheque\\laravel-backend\\vendor\\laravel\\framework\\src\\Illuminate\\Foundation\\Http\\Middleware\\PreventRequestsDuringMaintenance.php(110): Illuminate\\Pipeline\\Pipeline->Illuminate\\Pipeline\\{closure}()
#20 C:\\Users\\HP\\Documents\\GitHub\\gestion-bibliotheque\\laravel-backend\\vendor\\laravel\\framework\\src\\Illuminate\\Pipeline\\Pipeline.php(209): Illuminate\\Foundation\\Http\\Middleware\\PreventRequestsDuringMaintenance->handle()
#21 C:\\Users\\HP\\Documents\\GitHub\\gestion-bibliotheque\\laravel-backend\\vendor\\laravel\\framework\\src\\Illuminate\\Http\\Middleware\\HandleCors.php(62): Illuminate\\Pipeline\\Pipeline->Illuminate\\Pipeline\\{closure}()
#22 C:\\Users\\HP\\Documents\\GitHub\\gestion-bibliotheque\\laravel-backend\\vendor\\laravel\\framework\\src\\Illuminate\\Pipeline\\Pipeline.php(209): Illuminate\\Http\\Middleware\\HandleCors->handle()
#23 C:\\Users\\HP\\Documents\\GitHub\\gestion-bibliotheque\\laravel-backend\\vendor\\laravel\\framework\\src\\Illuminate\\Http\\Middleware\\TrustProxies.php(58): Illuminate\\Pipeline\\Pipeline->Illuminate\\Pipeline\\{closure}()
#24 C:\\Users\\HP\\Documents\\GitHub\\gestion-bibliotheque\\laravel-backend\\vendor\\laravel\\framework\\src\\Illuminate\\Pipeline\\Pipeline.php(209): Illuminate\\Http\\Middleware\\TrustProxies->handle()
#25 C:\\Users\\HP\\Documents\\GitHub\\gestion-bibliotheque\\laravel-backend\\vendor\\laravel\\framework\\src\\Illuminate\\Foundation\\Http\\Middleware\\InvokeDeferredCallbacks.php(22): Illuminate\\Pipeline\\Pipeline->Illuminate\\Pipeline\\{closure}()
#26 C:\\Users\\HP\\Documents\\GitHub\\gestion-bibliotheque\\laravel-backend\\vendor\\laravel\\framework\\src\\Illuminate\\Pipeline\\Pipeline.php(209): Illuminate\\Foundation\\Http\\Middleware\\InvokeDeferredCallbacks->handle()
#27 C:\\Users\\HP\\Documents\\GitHub\\gestion-bibliotheque\\laravel-backend\\vendor\\laravel\\framework\\src\\Illuminate\\Pipeline\\Pipeline.php(127): Illuminate\\Pipeline\\Pipeline->Illuminate\\Pipeline\\{closure}()
#28 C:\\Users\\HP\\Documents\\GitHub\\gestion-bibliotheque\\laravel-backend\\vendor\\laravel\\framework\\src\\Illuminate\\Foundation\\Http\\Kernel.php(176): Illuminate\\Pipeline\\Pipeline->then()
#29 C:\\Users\\HP\\Documents\\GitHub\\gestion-bibliotheque\\laravel-backend\\vendor\\laravel\\framework\\src\\Illuminate\\Foundation\\Http\\Kernel.php(145): Illuminate\\Foundation\\Http\\Kernel->sendRequestThroughRouter()
#30 C:\\Users\\HP\\Documents\\GitHub\\gestion-bibliotheque\\laravel-backend\\vendor\\laravel\\framework\\src\\Illuminate\\Foundation\\Application.php(1216): Illuminate\\Foundation\\Http\\Kernel->handle()
#31 C:\\Users\\HP\\Documents\\GitHub\\gestion-bibliotheque\\laravel-backend\\public\\index.php(17): Illuminate\\Foundation\\Application->handleRequest()
#32 C:\\Users\\HP\\Documents\\GitHub\\gestion-bibliotheque\\laravel-backend\\vendor\\laravel\\framework\\src\\Illuminate\\Foundation\\resources\\server.php(23): require_once('...')
#33 {main}
"} 
[2025-03-22 12:42:11] local.ERROR: Auth driver [sanctum] for guard [sanctum] is not defined. {"exception":"[object] (InvalidArgumentException(code: 0): Auth driver [sanctum] for guard [sanctum] is not defined. at C:\\Users\\HP\\Documents\\GitHub\\gestion-bibliotheque\\laravel-backend\\vendor\\laravel\\framework\\src\\Illuminate\\Auth\\AuthManager.php:99)
[stacktrace]
#0 C:\\Users\\HP\\Documents\\GitHub\\gestion-bibliotheque\\laravel-backend\\vendor\\laravel\\framework\\src\\Illuminate\\Auth\\AuthManager.php(70): Illuminate\\Auth\\AuthManager->resolve()
#1 C:\\Users\\HP\\Documents\\GitHub\\gestion-bibliotheque\\laravel-backend\\vendor\\laravel\\framework\\src\\Illuminate\\Auth\\Middleware\\Authenticate.php(83): Illuminate\\Auth\\AuthManager->guard()
#2 C:\\Users\\HP\\Documents\\GitHub\\gestion-bibliotheque\\laravel-backend\\vendor\\laravel\\framework\\src\\Illuminate\\Auth\\Middleware\\Authenticate.php(62): Illuminate\\Auth\\Middleware\\Authenticate->authenticate()
#3 C:\\Users\\HP\\Documents\\GitHub\\gestion-bibliotheque\\laravel-backend\\vendor\\laravel\\framework\\src\\Illuminate\\Pipeline\\Pipeline.php(209): Illuminate\\Auth\\Middleware\\Authenticate->handle()
#4 C:\\Users\\HP\\Documents\\GitHub\\gestion-bibliotheque\\laravel-backend\\vendor\\laravel\\framework\\src\\Illuminate\\Pipeline\\Pipeline.php(127): Illuminate\\Pipeline\\Pipeline->Illuminate\\Pipeline\\{closure}()
#5 C:\\Users\\HP\\Documents\\GitHub\\gestion-bibliotheque\\laravel-backend\\vendor\\laravel\\framework\\src\\Illuminate\\Routing\\Router.php(807): Illuminate\\Pipeline\\Pipeline->then()
#6 C:\\Users\\HP\\Documents\\GitHub\\gestion-bibliotheque\\laravel-backend\\vendor\\laravel\\framework\\src\\Illuminate\\Routing\\Router.php(786): Illuminate\\Routing\\Router->runRouteWithinStack()
#7 C:\\Users\\HP\\Documents\\GitHub\\gestion-bibliotheque\\laravel-backend\\vendor\\laravel\\framework\\src\\Illuminate\\Routing\\Router.php(750): Illuminate\\Routing\\Router->runRoute()
#8 C:\\Users\\HP\\Documents\\GitHub\\gestion-bibliotheque\\laravel-backend\\vendor\\laravel\\framework\\src\\Illuminate\\Routing\\Router.php(739): Illuminate\\Routing\\Router->dispatchToRoute()
#9 C:\\Users\\HP\\Documents\\GitHub\\gestion-bibliotheque\\laravel-backend\\vendor\\laravel\\framework\\src\\Illuminate\\Foundation\\Http\\Kernel.php(201): Illuminate\\Routing\\Router->dispatch()
#10 C:\\Users\\HP\\Documents\\GitHub\\gestion-bibliotheque\\laravel-backend\\vendor\\laravel\\framework\\src\\Illuminate\\Pipeline\\Pipeline.php(170): Illuminate\\Foundation\\Http\\Kernel->Illuminate\\Foundation\\Http\\{closure}()
#11 C:\\Users\\HP\\Documents\\GitHub\\gestion-bibliotheque\\laravel-backend\\vendor\\laravel\\framework\\src\\Illuminate\\Foundation\\Http\\Middleware\\TransformsRequest.php(21): Illuminate\\Pipeline\\Pipeline->Illuminate\\Pipeline\\{closure}()
#12 C:\\Users\\HP\\Documents\\GitHub\\gestion-bibliotheque\\laravel-backend\\vendor\\laravel\\framework\\src\\Illuminate\\Foundation\\Http\\Middleware\\ConvertEmptyStringsToNull.php(31): Illuminate\\Foundation\\Http\\Middleware\\TransformsRequest->handle()
#13 C:\\Users\\HP\\Documents\\GitHub\\gestion-bibliotheque\\laravel-backend\\vendor\\laravel\\framework\\src\\Illuminate\\Pipeline\\Pipeline.php(209): Illuminate\\Foundation\\Http\\Middleware\\ConvertEmptyStringsToNull->handle()
#14 C:\\Users\\HP\\Documents\\GitHub\\gestion-bibliotheque\\laravel-backend\\vendor\\laravel\\framework\\src\\Illuminate\\Foundation\\Http\\Middleware\\TransformsRequest.php(21): Illuminate\\Pipeline\\Pipeline->Illuminate\\Pipeline\\{closure}()
#15 C:\\Users\\HP\\Documents\\GitHub\\gestion-bibliotheque\\laravel-backend\\vendor\\laravel\\framework\\src\\Illuminate\\Foundation\\Http\\Middleware\\TrimStrings.php(51): Illuminate\\Foundation\\Http\\Middleware\\TransformsRequest->handle()
#16 C:\\Users\\HP\\Documents\\GitHub\\gestion-bibliotheque\\laravel-backend\\vendor\\laravel\\framework\\src\\Illuminate\\Pipeline\\Pipeline.php(209): Illuminate\\Foundation\\Http\\Middleware\\TrimStrings->handle()
#17 C:\\Users\\HP\\Documents\\GitHub\\gestion-bibliotheque\\laravel-backend\\vendor\\laravel\\framework\\src\\Illuminate\\Http\\Middleware\\ValidatePostSize.php(27): Illuminate\\Pipeline\\Pipeline->Illuminate\\Pipeline\\{closure}()
#18 C:\\Users\\HP\\Documents\\GitHub\\gestion-bibliotheque\\laravel-backend\\vendor\\laravel\\framework\\src\\Illuminate\\Pipeline\\Pipeline.php(209): Illuminate\\Http\\Middleware\\ValidatePostSize->handle()
#19 C:\\Users\\HP\\Documents\\GitHub\\gestion-bibliotheque\\laravel-backend\\vendor\\laravel\\framework\\src\\Illuminate\\Foundation\\Http\\Middleware\\PreventRequestsDuringMaintenance.php(110): Illuminate\\Pipeline\\Pipeline->Illuminate\\Pipeline\\{closure}()
#20 C:\\Users\\HP\\Documents\\GitHub\\gestion-bibliotheque\\laravel-backend\\vendor\\laravel\\framework\\src\\Illuminate\\Pipeline\\Pipeline.php(209): Illuminate\\Foundation\\Http\\Middleware\\PreventRequestsDuringMaintenance->handle()
#21 C:\\Users\\HP\\Documents\\GitHub\\gestion-bibliotheque\\laravel-backend\\vendor\\laravel\\framework\\src\\Illuminate\\Http\\Middleware\\HandleCors.php(62): Illuminate\\Pipeline\\Pipeline->Illuminate\\Pipeline\\{closure}()
#22 C:\\Users\\HP\\Documents\\GitHub\\gestion-bibliotheque\\laravel-backend\\vendor\\laravel\\framework\\src\\Illuminate\\Pipeline\\Pipeline.php(209): Illuminate\\Http\\Middleware\\HandleCors->handle()
#23 C:\\Users\\HP\\Documents\\GitHub\\gestion-bibliotheque\\laravel-backend\\vendor\\laravel\\framework\\src\\Illuminate\\Http\\Middleware\\TrustProxies.php(58): Illuminate\\Pipeline\\Pipeline->Illuminate\\Pipeline\\{closure}()
#24 C:\\Users\\HP\\Documents\\GitHub\\gestion-bibliotheque\\laravel-backend\\vendor\\laravel\\framework\\src\\Illuminate\\Pipeline\\Pipeline.php(209): Illuminate\\Http\\Middleware\\TrustProxies->handle()
#25 C:\\Users\\HP\\Documents\\GitHub\\gestion-bibliotheque\\laravel-backend\\vendor\\laravel\\framework\\src\\Illuminate\\Foundation\\Http\\Middleware\\InvokeDeferredCallbacks.php(22): Illuminate\\Pipeline\\Pipeline->Illuminate\\Pipeline\\{closure}()
#26 C:\\Users\\HP\\Documents\\GitHub\\gestion-bibliotheque\\laravel-backend\\vendor\\laravel\\framework\\src\\Illuminate\\Pipeline\\Pipeline.php(209): Illuminate\\Foundation\\Http\\Middleware\\InvokeDeferredCallbacks->handle()
#27 C:\\Users\\HP\\Documents\\GitHub\\gestion-bibliotheque\\laravel-backend\\vendor\\laravel\\framework\\src\\Illuminate\\Pipeline\\Pipeline.php(127): Illuminate\\Pipeline\\Pipeline->Illuminate\\Pipeline\\{closure}()
#28 C:\\Users\\HP\\Documents\\GitHub\\gestion-bibliotheque\\laravel-backend\\vendor\\laravel\\framework\\src\\Illuminate\\Foundation\\Http\\Kernel.php(176): Illuminate\\Pipeline\\Pipeline->then()
#29 C:\\Users\\HP\\Documents\\GitHub\\gestion-bibliotheque\\laravel-backend\\vendor\\laravel\\framework\\src\\Illuminate\\Foundation\\Http\\Kernel.php(145): Illuminate\\Foundation\\Http\\Kernel->sendRequestThroughRouter()
#30 C:\\Users\\HP\\Documents\\GitHub\\gestion-bibliotheque\\laravel-backend\\vendor\\laravel\\framework\\src\\Illuminate\\Foundation\\Application.php(1216): Illuminate\\Foundation\\Http\\Kernel->handle()
#31 C:\\Users\\HP\\Documents\\GitHub\\gestion-bibliotheque\\laravel-backend\\public\\index.php(17): Illuminate\\Foundation\\Application->handleRequest()
#32 C:\\Users\\HP\\Documents\\GitHub\\gestion-bibliotheque\\laravel-backend\\vendor\\laravel\\framework\\src\\Illuminate\\Foundation\\resources\\server.php(23): require_once('...')
#33 {main}
"} 
[2025-03-22 12:42:23] local.ERROR: Auth driver [sanctum] for guard [sanctum] is not defined. {"exception":"[object] (InvalidArgumentException(code: 0): Auth driver [sanctum] for guard [sanctum] is not defined. at C:\\Users\\HP\\Documents\\GitHub\\gestion-bibliotheque\\laravel-backend\\vendor\\laravel\\framework\\src\\Illuminate\\Auth\\AuthManager.php:99)
[stacktrace]
#0 C:\\Users\\HP\\Documents\\GitHub\\gestion-bibliotheque\\laravel-backend\\vendor\\laravel\\framework\\src\\Illuminate\\Auth\\AuthManager.php(70): Illuminate\\Auth\\AuthManager->resolve()
#1 C:\\Users\\HP\\Documents\\GitHub\\gestion-bibliotheque\\laravel-backend\\vendor\\laravel\\framework\\src\\Illuminate\\Auth\\Middleware\\Authenticate.php(83): Illuminate\\Auth\\AuthManager->guard()
#2 C:\\Users\\HP\\Documents\\GitHub\\gestion-bibliotheque\\laravel-backend\\vendor\\laravel\\framework\\src\\Illuminate\\Auth\\Middleware\\Authenticate.php(62): Illuminate\\Auth\\Middleware\\Authenticate->authenticate()
#3 C:\\Users\\HP\\Documents\\GitHub\\gestion-bibliotheque\\laravel-backend\\vendor\\laravel\\framework\\src\\Illuminate\\Pipeline\\Pipeline.php(209): Illuminate\\Auth\\Middleware\\Authenticate->handle()
#4 C:\\Users\\HP\\Documents\\GitHub\\gestion-bibliotheque\\laravel-backend\\vendor\\laravel\\framework\\src\\Illuminate\\Pipeline\\Pipeline.php(127): Illuminate\\Pipeline\\Pipeline->Illuminate\\Pipeline\\{closure}()
#5 C:\\Users\\HP\\Documents\\GitHub\\gestion-bibliotheque\\laravel-backend\\vendor\\laravel\\framework\\src\\Illuminate\\Routing\\Router.php(807): Illuminate\\Pipeline\\Pipeline->then()
#6 C:\\Users\\HP\\Documents\\GitHub\\gestion-bibliotheque\\laravel-backend\\vendor\\laravel\\framework\\src\\Illuminate\\Routing\\Router.php(786): Illuminate\\Routing\\Router->runRouteWithinStack()
#7 C:\\Users\\HP\\Documents\\GitHub\\gestion-bibliotheque\\laravel-backend\\vendor\\laravel\\framework\\src\\Illuminate\\Routing\\Router.php(750): Illuminate\\Routing\\Router->runRoute()
#8 C:\\Users\\HP\\Documents\\GitHub\\gestion-bibliotheque\\laravel-backend\\vendor\\laravel\\framework\\src\\Illuminate\\Routing\\Router.php(739): Illuminate\\Routing\\Router->dispatchToRoute()
#9 C:\\Users\\HP\\Documents\\GitHub\\gestion-bibliotheque\\laravel-backend\\vendor\\laravel\\framework\\src\\Illuminate\\Foundation\\Http\\Kernel.php(201): Illuminate\\Routing\\Router->dispatch()
#10 C:\\Users\\HP\\Documents\\GitHub\\gestion-bibliotheque\\laravel-backend\\vendor\\laravel\\framework\\src\\Illuminate\\Pipeline\\Pipeline.php(170): Illuminate\\Foundation\\Http\\Kernel->Illuminate\\Foundation\\Http\\{closure}()
#11 C:\\Users\\HP\\Documents\\GitHub\\gestion-bibliotheque\\laravel-backend\\vendor\\laravel\\framework\\src\\Illuminate\\Foundation\\Http\\Middleware\\TransformsRequest.php(21): Illuminate\\Pipeline\\Pipeline->Illuminate\\Pipeline\\{closure}()
#12 C:\\Users\\HP\\Documents\\GitHub\\gestion-bibliotheque\\laravel-backend\\vendor\\laravel\\framework\\src\\Illuminate\\Foundation\\Http\\Middleware\\ConvertEmptyStringsToNull.php(31): Illuminate\\Foundation\\Http\\Middleware\\TransformsRequest->handle()
#13 C:\\Users\\HP\\Documents\\GitHub\\gestion-bibliotheque\\laravel-backend\\vendor\\laravel\\framework\\src\\Illuminate\\Pipeline\\Pipeline.php(209): Illuminate\\Foundation\\Http\\Middleware\\ConvertEmptyStringsToNull->handle()
#14 C:\\Users\\HP\\Documents\\GitHub\\gestion-bibliotheque\\laravel-backend\\vendor\\laravel\\framework\\src\\Illuminate\\Foundation\\Http\\Middleware\\TransformsRequest.php(21): Illuminate\\Pipeline\\Pipeline->Illuminate\\Pipeline\\{closure}()
#15 C:\\Users\\HP\\Documents\\GitHub\\gestion-bibliotheque\\laravel-backend\\vendor\\laravel\\framework\\src\\Illuminate\\Foundation\\Http\\Middleware\\TrimStrings.php(51): Illuminate\\Foundation\\Http\\Middleware\\TransformsRequest->handle()
#16 C:\\Users\\HP\\Documents\\GitHub\\gestion-bibliotheque\\laravel-backend\\vendor\\laravel\\framework\\src\\Illuminate\\Pipeline\\Pipeline.php(209): Illuminate\\Foundation\\Http\\Middleware\\TrimStrings->handle()
#17 C:\\Users\\HP\\Documents\\GitHub\\gestion-bibliotheque\\laravel-backend\\vendor\\laravel\\framework\\src\\Illuminate\\Http\\Middleware\\ValidatePostSize.php(27): Illuminate\\Pipeline\\Pipeline->Illuminate\\Pipeline\\{closure}()
#18 C:\\Users\\HP\\Documents\\GitHub\\gestion-bibliotheque\\laravel-backend\\vendor\\laravel\\framework\\src\\Illuminate\\Pipeline\\Pipeline.php(209): Illuminate\\Http\\Middleware\\ValidatePostSize->handle()
#19 C:\\Users\\HP\\Documents\\GitHub\\gestion-bibliotheque\\laravel-backend\\vendor\\laravel\\framework\\src\\Illuminate\\Foundation\\Http\\Middleware\\PreventRequestsDuringMaintenance.php(110): Illuminate\\Pipeline\\Pipeline->Illuminate\\Pipeline\\{closure}()
#20 C:\\Users\\HP\\Documents\\GitHub\\gestion-bibliotheque\\laravel-backend\\vendor\\laravel\\framework\\src\\Illuminate\\Pipeline\\Pipeline.php(209): Illuminate\\Foundation\\Http\\Middleware\\PreventRequestsDuringMaintenance->handle()
#21 C:\\Users\\HP\\Documents\\GitHub\\gestion-bibliotheque\\laravel-backend\\vendor\\laravel\\framework\\src\\Illuminate\\Http\\Middleware\\HandleCors.php(62): Illuminate\\Pipeline\\Pipeline->Illuminate\\Pipeline\\{closure}()
#22 C:\\Users\\HP\\Documents\\GitHub\\gestion-bibliotheque\\laravel-backend\\vendor\\laravel\\framework\\src\\Illuminate\\Pipeline\\Pipeline.php(209): Illuminate\\Http\\Middleware\\HandleCors->handle()
#23 C:\\Users\\HP\\Documents\\GitHub\\gestion-bibliotheque\\laravel-backend\\vendor\\laravel\\framework\\src\\Illuminate\\Http\\Middleware\\TrustProxies.php(58): Illuminate\\Pipeline\\Pipeline->Illuminate\\Pipeline\\{closure}()
#24 C:\\Users\\HP\\Documents\\GitHub\\gestion-bibliotheque\\laravel-backend\\vendor\\laravel\\framework\\src\\Illuminate\\Pipeline\\Pipeline.php(209): Illuminate\\Http\\Middleware\\TrustProxies->handle()
#25 C:\\Users\\HP\\Documents\\GitHub\\gestion-bibliotheque\\laravel-backend\\vendor\\laravel\\framework\\src\\Illuminate\\Foundation\\Http\\Middleware\\InvokeDeferredCallbacks.php(22): Illuminate\\Pipeline\\Pipeline->Illuminate\\Pipeline\\{closure}()
#26 C:\\Users\\HP\\Documents\\GitHub\\gestion-bibliotheque\\laravel-backend\\vendor\\laravel\\framework\\src\\Illuminate\\Pipeline\\Pipeline.php(209): Illuminate\\Foundation\\Http\\Middleware\\InvokeDeferredCallbacks->handle()
#27 C:\\Users\\HP\\Documents\\GitHub\\gestion-bibliotheque\\laravel-backend\\vendor\\laravel\\framework\\src\\Illuminate\\Pipeline\\Pipeline.php(127): Illuminate\\Pipeline\\Pipeline->Illuminate\\Pipeline\\{closure}()
#28 C:\\Users\\HP\\Documents\\GitHub\\gestion-bibliotheque\\laravel-backend\\vendor\\laravel\\framework\\src\\Illuminate\\Foundation\\Http\\Kernel.php(176): Illuminate\\Pipeline\\Pipeline->then()
#29 C:\\Users\\HP\\Documents\\GitHub\\gestion-bibliotheque\\laravel-backend\\vendor\\laravel\\framework\\src\\Illuminate\\Foundation\\Http\\Kernel.php(145): Illuminate\\Foundation\\Http\\Kernel->sendRequestThroughRouter()
#30 C:\\Users\\HP\\Documents\\GitHub\\gestion-bibliotheque\\laravel-backend\\vendor\\laravel\\framework\\src\\Illuminate\\Foundation\\Application.php(1216): Illuminate\\Foundation\\Http\\Kernel->handle()
#31 C:\\Users\\HP\\Documents\\GitHub\\gestion-bibliotheque\\laravel-backend\\public\\index.php(17): Illuminate\\Foundation\\Application->handleRequest()
#32 C:\\Users\\HP\\Documents\\GitHub\\gestion-bibliotheque\\laravel-backend\\vendor\\laravel\\framework\\src\\Illuminate\\Foundation\\resources\\server.php(23): require_once('...')
#33 {main}
"} 
[2025-03-22 12:42:34] local.ERROR: Auth driver [sanctum] for guard [sanctum] is not defined. {"exception":"[object] (InvalidArgumentException(code: 0): Auth driver [sanctum] for guard [sanctum] is not defined. at C:\\Users\\HP\\Documents\\GitHub\\gestion-bibliotheque\\laravel-backend\\vendor\\laravel\\framework\\src\\Illuminate\\Auth\\AuthManager.php:99)
[stacktrace]
#0 C:\\Users\\HP\\Documents\\GitHub\\gestion-bibliotheque\\laravel-backend\\vendor\\laravel\\framework\\src\\Illuminate\\Auth\\AuthManager.php(70): Illuminate\\Auth\\AuthManager->resolve()
#1 C:\\Users\\HP\\Documents\\GitHub\\gestion-bibliotheque\\laravel-backend\\vendor\\laravel\\framework\\src\\Illuminate\\Auth\\Middleware\\Authenticate.php(83): Illuminate\\Auth\\AuthManager->guard()
#2 C:\\Users\\HP\\Documents\\GitHub\\gestion-bibliotheque\\laravel-backend\\vendor\\laravel\\framework\\src\\Illuminate\\Auth\\Middleware\\Authenticate.php(62): Illuminate\\Auth\\Middleware\\Authenticate->authenticate()
#3 C:\\Users\\HP\\Documents\\GitHub\\gestion-bibliotheque\\laravel-backend\\vendor\\laravel\\framework\\src\\Illuminate\\Pipeline\\Pipeline.php(209): Illuminate\\Auth\\Middleware\\Authenticate->handle()
#4 C:\\Users\\HP\\Documents\\GitHub\\gestion-bibliotheque\\laravel-backend\\vendor\\laravel\\framework\\src\\Illuminate\\Pipeline\\Pipeline.php(127): Illuminate\\Pipeline\\Pipeline->Illuminate\\Pipeline\\{closure}()
#5 C:\\Users\\HP\\Documents\\GitHub\\gestion-bibliotheque\\laravel-backend\\vendor\\laravel\\framework\\src\\Illuminate\\Routing\\Router.php(807): Illuminate\\Pipeline\\Pipeline->then()
#6 C:\\Users\\HP\\Documents\\GitHub\\gestion-bibliotheque\\laravel-backend\\vendor\\laravel\\framework\\src\\Illuminate\\Routing\\Router.php(786): Illuminate\\Routing\\Router->runRouteWithinStack()
#7 C:\\Users\\HP\\Documents\\GitHub\\gestion-bibliotheque\\laravel-backend\\vendor\\laravel\\framework\\src\\Illuminate\\Routing\\Router.php(750): Illuminate\\Routing\\Router->runRoute()
#8 C:\\Users\\HP\\Documents\\GitHub\\gestion-bibliotheque\\laravel-backend\\vendor\\laravel\\framework\\src\\Illuminate\\Routing\\Router.php(739): Illuminate\\Routing\\Router->dispatchToRoute()
#9 C:\\Users\\HP\\Documents\\GitHub\\gestion-bibliotheque\\laravel-backend\\vendor\\laravel\\framework\\src\\Illuminate\\Foundation\\Http\\Kernel.php(201): Illuminate\\Routing\\Router->dispatch()
#10 C:\\Users\\HP\\Documents\\GitHub\\gestion-bibliotheque\\laravel-backend\\vendor\\laravel\\framework\\src\\Illuminate\\Pipeline\\Pipeline.php(170): Illuminate\\Foundation\\Http\\Kernel->Illuminate\\Foundation\\Http\\{closure}()
#11 C:\\Users\\HP\\Documents\\GitHub\\gestion-bibliotheque\\laravel-backend\\vendor\\laravel\\framework\\src\\Illuminate\\Foundation\\Http\\Middleware\\TransformsRequest.php(21): Illuminate\\Pipeline\\Pipeline->Illuminate\\Pipeline\\{closure}()
#12 C:\\Users\\HP\\Documents\\GitHub\\gestion-bibliotheque\\laravel-backend\\vendor\\laravel\\framework\\src\\Illuminate\\Foundation\\Http\\Middleware\\ConvertEmptyStringsToNull.php(31): Illuminate\\Foundation\\Http\\Middleware\\TransformsRequest->handle()
#13 C:\\Users\\HP\\Documents\\GitHub\\gestion-bibliotheque\\laravel-backend\\vendor\\laravel\\framework\\src\\Illuminate\\Pipeline\\Pipeline.php(209): Illuminate\\Foundation\\Http\\Middleware\\ConvertEmptyStringsToNull->handle()
#14 C:\\Users\\HP\\Documents\\GitHub\\gestion-bibliotheque\\laravel-backend\\vendor\\laravel\\framework\\src\\Illuminate\\Foundation\\Http\\Middleware\\TransformsRequest.php(21): Illuminate\\Pipeline\\Pipeline->Illuminate\\Pipeline\\{closure}()
#15 C:\\Users\\HP\\Documents\\GitHub\\gestion-bibliotheque\\laravel-backend\\vendor\\laravel\\framework\\src\\Illuminate\\Foundation\\Http\\Middleware\\TrimStrings.php(51): Illuminate\\Foundation\\Http\\Middleware\\TransformsRequest->handle()
#16 C:\\Users\\HP\\Documents\\GitHub\\gestion-bibliotheque\\laravel-backend\\vendor\\laravel\\framework\\src\\Illuminate\\Pipeline\\Pipeline.php(209): Illuminate\\Foundation\\Http\\Middleware\\TrimStrings->handle()
#17 C:\\Users\\HP\\Documents\\GitHub\\gestion-bibliotheque\\laravel-backend\\vendor\\laravel\\framework\\src\\Illuminate\\Http\\Middleware\\ValidatePostSize.php(27): Illuminate\\Pipeline\\Pipeline->Illuminate\\Pipeline\\{closure}()
#18 C:\\Users\\HP\\Documents\\GitHub\\gestion-bibliotheque\\laravel-backend\\vendor\\laravel\\framework\\src\\Illuminate\\Pipeline\\Pipeline.php(209): Illuminate\\Http\\Middleware\\ValidatePostSize->handle()
#19 C:\\Users\\HP\\Documents\\GitHub\\gestion-bibliotheque\\laravel-backend\\vendor\\laravel\\framework\\src\\Illuminate\\Foundation\\Http\\Middleware\\PreventRequestsDuringMaintenance.php(110): Illuminate\\Pipeline\\Pipeline->Illuminate\\Pipeline\\{closure}()
#20 C:\\Users\\HP\\Documents\\GitHub\\gestion-bibliotheque\\laravel-backend\\vendor\\laravel\\framework\\src\\Illuminate\\Pipeline\\Pipeline.php(209): Illuminate\\Foundation\\Http\\Middleware\\PreventRequestsDuringMaintenance->handle()
#21 C:\\Users\\HP\\Documents\\GitHub\\gestion-bibliotheque\\laravel-backend\\vendor\\laravel\\framework\\src\\Illuminate\\Http\\Middleware\\HandleCors.php(62): Illuminate\\Pipeline\\Pipeline->Illuminate\\Pipeline\\{closure}()
#22 C:\\Users\\HP\\Documents\\GitHub\\gestion-bibliotheque\\laravel-backend\\vendor\\laravel\\framework\\src\\Illuminate\\Pipeline\\Pipeline.php(209): Illuminate\\Http\\Middleware\\HandleCors->handle()
#23 C:\\Users\\HP\\Documents\\GitHub\\gestion-bibliotheque\\laravel-backend\\vendor\\laravel\\framework\\src\\Illuminate\\Http\\Middleware\\TrustProxies.php(58): Illuminate\\Pipeline\\Pipeline->Illuminate\\Pipeline\\{closure}()
#24 C:\\Users\\HP\\Documents\\GitHub\\gestion-bibliotheque\\laravel-backend\\vendor\\laravel\\framework\\src\\Illuminate\\Pipeline\\Pipeline.php(209): Illuminate\\Http\\Middleware\\TrustProxies->handle()
#25 C:\\Users\\HP\\Documents\\GitHub\\gestion-bibliotheque\\laravel-backend\\vendor\\laravel\\framework\\src\\Illuminate\\Foundation\\Http\\Middleware\\InvokeDeferredCallbacks.php(22): Illuminate\\Pipeline\\Pipeline->Illuminate\\Pipeline\\{closure}()
#26 C:\\Users\\HP\\Documents\\GitHub\\gestion-bibliotheque\\laravel-backend\\vendor\\laravel\\framework\\src\\Illuminate\\Pipeline\\Pipeline.php(209): Illuminate\\Foundation\\Http\\Middleware\\InvokeDeferredCallbacks->handle()
#27 C:\\Users\\HP\\Documents\\GitHub\\gestion-bibliotheque\\laravel-backend\\vendor\\laravel\\framework\\src\\Illuminate\\Pipeline\\Pipeline.php(127): Illuminate\\Pipeline\\Pipeline->Illuminate\\Pipeline\\{closure}()
#28 C:\\Users\\HP\\Documents\\GitHub\\gestion-bibliotheque\\laravel-backend\\vendor\\laravel\\framework\\src\\Illuminate\\Foundation\\Http\\Kernel.php(176): Illuminate\\Pipeline\\Pipeline->then()
#29 C:\\Users\\HP\\Documents\\GitHub\\gestion-bibliotheque\\laravel-backend\\vendor\\laravel\\framework\\src\\Illuminate\\Foundation\\Http\\Kernel.php(145): Illuminate\\Foundation\\Http\\Kernel->sendRequestThroughRouter()
#30 C:\\Users\\HP\\Documents\\GitHub\\gestion-bibliotheque\\laravel-backend\\vendor\\laravel\\framework\\src\\Illuminate\\Foundation\\Application.php(1216): Illuminate\\Foundation\\Http\\Kernel->handle()
#31 C:\\Users\\HP\\Documents\\GitHub\\gestion-bibliotheque\\laravel-backend\\public\\index.php(17): Illuminate\\Foundation\\Application->handleRequest()
#32 C:\\Users\\HP\\Documents\\GitHub\\gestion-bibliotheque\\laravel-backend\\vendor\\laravel\\framework\\src\\Illuminate\\Foundation\\resources\\server.php(23): require_once('...')
#33 {main}
"} 
[2025-03-22 12:42:43] local.ERROR: Auth driver [sanctum] for guard [sanctum] is not defined. {"exception":"[object] (InvalidArgumentException(code: 0): Auth driver [sanctum] for guard [sanctum] is not defined. at C:\\Users\\HP\\Documents\\GitHub\\gestion-bibliotheque\\laravel-backend\\vendor\\laravel\\framework\\src\\Illuminate\\Auth\\AuthManager.php:99)
[stacktrace]
#0 C:\\Users\\HP\\Documents\\GitHub\\gestion-bibliotheque\\laravel-backend\\vendor\\laravel\\framework\\src\\Illuminate\\Auth\\AuthManager.php(70): Illuminate\\Auth\\AuthManager->resolve()
#1 C:\\Users\\HP\\Documents\\GitHub\\gestion-bibliotheque\\laravel-backend\\vendor\\laravel\\framework\\src\\Illuminate\\Auth\\Middleware\\Authenticate.php(83): Illuminate\\Auth\\AuthManager->guard()
#2 C:\\Users\\HP\\Documents\\GitHub\\gestion-bibliotheque\\laravel-backend\\vendor\\laravel\\framework\\src\\Illuminate\\Auth\\Middleware\\Authenticate.php(62): Illuminate\\Auth\\Middleware\\Authenticate->authenticate()
#3 C:\\Users\\HP\\Documents\\GitHub\\gestion-bibliotheque\\laravel-backend\\vendor\\laravel\\framework\\src\\Illuminate\\Pipeline\\Pipeline.php(209): Illuminate\\Auth\\Middleware\\Authenticate->handle()
#4 C:\\Users\\HP\\Documents\\GitHub\\gestion-bibliotheque\\laravel-backend\\vendor\\laravel\\framework\\src\\Illuminate\\Pipeline\\Pipeline.php(127): Illuminate\\Pipeline\\Pipeline->Illuminate\\Pipeline\\{closure}()
#5 C:\\Users\\HP\\Documents\\GitHub\\gestion-bibliotheque\\laravel-backend\\vendor\\laravel\\framework\\src\\Illuminate\\Routing\\Router.php(807): Illuminate\\Pipeline\\Pipeline->then()
#6 C:\\Users\\HP\\Documents\\GitHub\\gestion-bibliotheque\\laravel-backend\\vendor\\laravel\\framework\\src\\Illuminate\\Routing\\Router.php(786): Illuminate\\Routing\\Router->runRouteWithinStack()
#7 C:\\Users\\HP\\Documents\\GitHub\\gestion-bibliotheque\\laravel-backend\\vendor\\laravel\\framework\\src\\Illuminate\\Routing\\Router.php(750): Illuminate\\Routing\\Router->runRoute()
#8 C:\\Users\\HP\\Documents\\GitHub\\gestion-bibliotheque\\laravel-backend\\vendor\\laravel\\framework\\src\\Illuminate\\Routing\\Router.php(739): Illuminate\\Routing\\Router->dispatchToRoute()
#9 C:\\Users\\HP\\Documents\\GitHub\\gestion-bibliotheque\\laravel-backend\\vendor\\laravel\\framework\\src\\Illuminate\\Foundation\\Http\\Kernel.php(201): Illuminate\\Routing\\Router->dispatch()
#10 C:\\Users\\HP\\Documents\\GitHub\\gestion-bibliotheque\\laravel-backend\\vendor\\laravel\\framework\\src\\Illuminate\\Pipeline\\Pipeline.php(170): Illuminate\\Foundation\\Http\\Kernel->Illuminate\\Foundation\\Http\\{closure}()
#11 C:\\Users\\HP\\Documents\\GitHub\\gestion-bibliotheque\\laravel-backend\\vendor\\laravel\\framework\\src\\Illuminate\\Foundation\\Http\\Middleware\\TransformsRequest.php(21): Illuminate\\Pipeline\\Pipeline->Illuminate\\Pipeline\\{closure}()
#12 C:\\Users\\HP\\Documents\\GitHub\\gestion-bibliotheque\\laravel-backend\\vendor\\laravel\\framework\\src\\Illuminate\\Foundation\\Http\\Middleware\\ConvertEmptyStringsToNull.php(31): Illuminate\\Foundation\\Http\\Middleware\\TransformsRequest->handle()
#13 C:\\Users\\HP\\Documents\\GitHub\\gestion-bibliotheque\\laravel-backend\\vendor\\laravel\\framework\\src\\Illuminate\\Pipeline\\Pipeline.php(209): Illuminate\\Foundation\\Http\\Middleware\\ConvertEmptyStringsToNull->handle()
#14 C:\\Users\\HP\\Documents\\GitHub\\gestion-bibliotheque\\laravel-backend\\vendor\\laravel\\framework\\src\\Illuminate\\Foundation\\Http\\Middleware\\TransformsRequest.php(21): Illuminate\\Pipeline\\Pipeline->Illuminate\\Pipeline\\{closure}()
#15 C:\\Users\\HP\\Documents\\GitHub\\gestion-bibliotheque\\laravel-backend\\vendor\\laravel\\framework\\src\\Illuminate\\Foundation\\Http\\Middleware\\TrimStrings.php(51): Illuminate\\Foundation\\Http\\Middleware\\TransformsRequest->handle()
#16 C:\\Users\\HP\\Documents\\GitHub\\gestion-bibliotheque\\laravel-backend\\vendor\\laravel\\framework\\src\\Illuminate\\Pipeline\\Pipeline.php(209): Illuminate\\Foundation\\Http\\Middleware\\TrimStrings->handle()
#17 C:\\Users\\HP\\Documents\\GitHub\\gestion-bibliotheque\\laravel-backend\\vendor\\laravel\\framework\\src\\Illuminate\\Http\\Middleware\\ValidatePostSize.php(27): Illuminate\\Pipeline\\Pipeline->Illuminate\\Pipeline\\{closure}()
#18 C:\\Users\\HP\\Documents\\GitHub\\gestion-bibliotheque\\laravel-backend\\vendor\\laravel\\framework\\src\\Illuminate\\Pipeline\\Pipeline.php(209): Illuminate\\Http\\Middleware\\ValidatePostSize->handle()
#19 C:\\Users\\HP\\Documents\\GitHub\\gestion-bibliotheque\\laravel-backend\\vendor\\laravel\\framework\\src\\Illuminate\\Foundation\\Http\\Middleware\\PreventRequestsDuringMaintenance.php(110): Illuminate\\Pipeline\\Pipeline->Illuminate\\Pipeline\\{closure}()
#20 C:\\Users\\HP\\Documents\\GitHub\\gestion-bibliotheque\\laravel-backend\\vendor\\laravel\\framework\\src\\Illuminate\\Pipeline\\Pipeline.php(209): Illuminate\\Foundation\\Http\\Middleware\\PreventRequestsDuringMaintenance->handle()
#21 C:\\Users\\HP\\Documents\\GitHub\\gestion-bibliotheque\\laravel-backend\\vendor\\laravel\\framework\\src\\Illuminate\\Http\\Middleware\\HandleCors.php(62): Illuminate\\Pipeline\\Pipeline->Illuminate\\Pipeline\\{closure}()
#22 C:\\Users\\HP\\Documents\\GitHub\\gestion-bibliotheque\\laravel-backend\\vendor\\laravel\\framework\\src\\Illuminate\\Pipeline\\Pipeline.php(209): Illuminate\\Http\\Middleware\\HandleCors->handle()
#23 C:\\Users\\HP\\Documents\\GitHub\\gestion-bibliotheque\\laravel-backend\\vendor\\laravel\\framework\\src\\Illuminate\\Http\\Middleware\\TrustProxies.php(58): Illuminate\\Pipeline\\Pipeline->Illuminate\\Pipeline\\{closure}()
#24 C:\\Users\\HP\\Documents\\GitHub\\gestion-bibliotheque\\laravel-backend\\vendor\\laravel\\framework\\src\\Illuminate\\Pipeline\\Pipeline.php(209): Illuminate\\Http\\Middleware\\TrustProxies->handle()
#25 C:\\Users\\HP\\Documents\\GitHub\\gestion-bibliotheque\\laravel-backend\\vendor\\laravel\\framework\\src\\Illuminate\\Foundation\\Http\\Middleware\\InvokeDeferredCallbacks.php(22): Illuminate\\Pipeline\\Pipeline->Illuminate\\Pipeline\\{closure}()
#26 C:\\Users\\HP\\Documents\\GitHub\\gestion-bibliotheque\\laravel-backend\\vendor\\laravel\\framework\\src\\Illuminate\\Pipeline\\Pipeline.php(209): Illuminate\\Foundation\\Http\\Middleware\\InvokeDeferredCallbacks->handle()
#27 C:\\Users\\HP\\Documents\\GitHub\\gestion-bibliotheque\\laravel-backend\\vendor\\laravel\\framework\\src\\Illuminate\\Pipeline\\Pipeline.php(127): Illuminate\\Pipeline\\Pipeline->Illuminate\\Pipeline\\{closure}()
#28 C:\\Users\\HP\\Documents\\GitHub\\gestion-bibliotheque\\laravel-backend\\vendor\\laravel\\framework\\src\\Illuminate\\Foundation\\Http\\Kernel.php(176): Illuminate\\Pipeline\\Pipeline->then()
#29 C:\\Users\\HP\\Documents\\GitHub\\gestion-bibliotheque\\laravel-backend\\vendor\\laravel\\framework\\src\\Illuminate\\Foundation\\Http\\Kernel.php(145): Illuminate\\Foundation\\Http\\Kernel->sendRequestThroughRouter()
#30 C:\\Users\\HP\\Documents\\GitHub\\gestion-bibliotheque\\laravel-backend\\vendor\\laravel\\framework\\src\\Illuminate\\Foundation\\Application.php(1216): Illuminate\\Foundation\\Http\\Kernel->handle()
#31 C:\\Users\\HP\\Documents\\GitHub\\gestion-bibliotheque\\laravel-backend\\public\\index.php(17): Illuminate\\Foundation\\Application->handleRequest()
#32 C:\\Users\\HP\\Documents\\GitHub\\gestion-bibliotheque\\laravel-backend\\vendor\\laravel\\framework\\src\\Illuminate\\Foundation\\resources\\server.php(23): require_once('...')
#33 {main}
"} 
[2025-03-22 12:42:48] local.ERROR: Auth driver [sanctum] for guard [sanctum] is not defined. {"exception":"[object] (InvalidArgumentException(code: 0): Auth driver [sanctum] for guard [sanctum] is not defined. at C:\\Users\\HP\\Documents\\GitHub\\gestion-bibliotheque\\laravel-backend\\vendor\\laravel\\framework\\src\\Illuminate\\Auth\\AuthManager.php:99)
[stacktrace]
#0 C:\\Users\\HP\\Documents\\GitHub\\gestion-bibliotheque\\laravel-backend\\vendor\\laravel\\framework\\src\\Illuminate\\Auth\\AuthManager.php(70): Illuminate\\Auth\\AuthManager->resolve()
#1 C:\\Users\\HP\\Documents\\GitHub\\gestion-bibliotheque\\laravel-backend\\vendor\\laravel\\framework\\src\\Illuminate\\Auth\\Middleware\\Authenticate.php(83): Illuminate\\Auth\\AuthManager->guard()
#2 C:\\Users\\HP\\Documents\\GitHub\\gestion-bibliotheque\\laravel-backend\\vendor\\laravel\\framework\\src\\Illuminate\\Auth\\Middleware\\Authenticate.php(62): Illuminate\\Auth\\Middleware\\Authenticate->authenticate()
#3 C:\\Users\\HP\\Documents\\GitHub\\gestion-bibliotheque\\laravel-backend\\vendor\\laravel\\framework\\src\\Illuminate\\Pipeline\\Pipeline.php(209): Illuminate\\Auth\\Middleware\\Authenticate->handle()
#4 C:\\Users\\HP\\Documents\\GitHub\\gestion-bibliotheque\\laravel-backend\\vendor\\laravel\\framework\\src\\Illuminate\\Pipeline\\Pipeline.php(127): Illuminate\\Pipeline\\Pipeline->Illuminate\\Pipeline\\{closure}()
#5 C:\\Users\\HP\\Documents\\GitHub\\gestion-bibliotheque\\laravel-backend\\vendor\\laravel\\framework\\src\\Illuminate\\Routing\\Router.php(807): Illuminate\\Pipeline\\Pipeline->then()
#6 C:\\Users\\HP\\Documents\\GitHub\\gestion-bibliotheque\\laravel-backend\\vendor\\laravel\\framework\\src\\Illuminate\\Routing\\Router.php(786): Illuminate\\Routing\\Router->runRouteWithinStack()
#7 C:\\Users\\HP\\Documents\\GitHub\\gestion-bibliotheque\\laravel-backend\\vendor\\laravel\\framework\\src\\Illuminate\\Routing\\Router.php(750): Illuminate\\Routing\\Router->runRoute()
#8 C:\\Users\\HP\\Documents\\GitHub\\gestion-bibliotheque\\laravel-backend\\vendor\\laravel\\framework\\src\\Illuminate\\Routing\\Router.php(739): Illuminate\\Routing\\Router->dispatchToRoute()
#9 C:\\Users\\HP\\Documents\\GitHub\\gestion-bibliotheque\\laravel-backend\\vendor\\laravel\\framework\\src\\Illuminate\\Foundation\\Http\\Kernel.php(201): Illuminate\\Routing\\Router->dispatch()
#10 C:\\Users\\HP\\Documents\\GitHub\\gestion-bibliotheque\\laravel-backend\\vendor\\laravel\\framework\\src\\Illuminate\\Pipeline\\Pipeline.php(170): Illuminate\\Foundation\\Http\\Kernel->Illuminate\\Foundation\\Http\\{closure}()
#11 C:\\Users\\HP\\Documents\\GitHub\\gestion-bibliotheque\\laravel-backend\\vendor\\laravel\\framework\\src\\Illuminate\\Foundation\\Http\\Middleware\\TransformsRequest.php(21): Illuminate\\Pipeline\\Pipeline->Illuminate\\Pipeline\\{closure}()
#12 C:\\Users\\HP\\Documents\\GitHub\\gestion-bibliotheque\\laravel-backend\\vendor\\laravel\\framework\\src\\Illuminate\\Foundation\\Http\\Middleware\\ConvertEmptyStringsToNull.php(31): Illuminate\\Foundation\\Http\\Middleware\\TransformsRequest->handle()
#13 C:\\Users\\HP\\Documents\\GitHub\\gestion-bibliotheque\\laravel-backend\\vendor\\laravel\\framework\\src\\Illuminate\\Pipeline\\Pipeline.php(209): Illuminate\\Foundation\\Http\\Middleware\\ConvertEmptyStringsToNull->handle()
#14 C:\\Users\\HP\\Documents\\GitHub\\gestion-bibliotheque\\laravel-backend\\vendor\\laravel\\framework\\src\\Illuminate\\Foundation\\Http\\Middleware\\TransformsRequest.php(21): Illuminate\\Pipeline\\Pipeline->Illuminate\\Pipeline\\{closure}()
#15 C:\\Users\\HP\\Documents\\GitHub\\gestion-bibliotheque\\laravel-backend\\vendor\\laravel\\framework\\src\\Illuminate\\Foundation\\Http\\Middleware\\TrimStrings.php(51): Illuminate\\Foundation\\Http\\Middleware\\TransformsRequest->handle()
#16 C:\\Users\\HP\\Documents\\GitHub\\gestion-bibliotheque\\laravel-backend\\vendor\\laravel\\framework\\src\\Illuminate\\Pipeline\\Pipeline.php(209): Illuminate\\Foundation\\Http\\Middleware\\TrimStrings->handle()
#17 C:\\Users\\HP\\Documents\\GitHub\\gestion-bibliotheque\\laravel-backend\\vendor\\laravel\\framework\\src\\Illuminate\\Http\\Middleware\\ValidatePostSize.php(27): Illuminate\\Pipeline\\Pipeline->Illuminate\\Pipeline\\{closure}()
#18 C:\\Users\\HP\\Documents\\GitHub\\gestion-bibliotheque\\laravel-backend\\vendor\\laravel\\framework\\src\\Illuminate\\Pipeline\\Pipeline.php(209): Illuminate\\Http\\Middleware\\ValidatePostSize->handle()
#19 C:\\Users\\HP\\Documents\\GitHub\\gestion-bibliotheque\\laravel-backend\\vendor\\laravel\\framework\\src\\Illuminate\\Foundation\\Http\\Middleware\\PreventRequestsDuringMaintenance.php(110): Illuminate\\Pipeline\\Pipeline->Illuminate\\Pipeline\\{closure}()
#20 C:\\Users\\HP\\Documents\\GitHub\\gestion-bibliotheque\\laravel-backend\\vendor\\laravel\\framework\\src\\Illuminate\\Pipeline\\Pipeline.php(209): Illuminate\\Foundation\\Http\\Middleware\\PreventRequestsDuringMaintenance->handle()
#21 C:\\Users\\HP\\Documents\\GitHub\\gestion-bibliotheque\\laravel-backend\\vendor\\laravel\\framework\\src\\Illuminate\\Http\\Middleware\\HandleCors.php(62): Illuminate\\Pipeline\\Pipeline->Illuminate\\Pipeline\\{closure}()
#22 C:\\Users\\HP\\Documents\\GitHub\\gestion-bibliotheque\\laravel-backend\\vendor\\laravel\\framework\\src\\Illuminate\\Pipeline\\Pipeline.php(209): Illuminate\\Http\\Middleware\\HandleCors->handle()
#23 C:\\Users\\HP\\Documents\\GitHub\\gestion-bibliotheque\\laravel-backend\\vendor\\laravel\\framework\\src\\Illuminate\\Http\\Middleware\\TrustProxies.php(58): Illuminate\\Pipeline\\Pipeline->Illuminate\\Pipeline\\{closure}()
#24 C:\\Users\\HP\\Documents\\GitHub\\gestion-bibliotheque\\laravel-backend\\vendor\\laravel\\framework\\src\\Illuminate\\Pipeline\\Pipeline.php(209): Illuminate\\Http\\Middleware\\TrustProxies->handle()
#25 C:\\Users\\HP\\Documents\\GitHub\\gestion-bibliotheque\\laravel-backend\\vendor\\laravel\\framework\\src\\Illuminate\\Foundation\\Http\\Middleware\\InvokeDeferredCallbacks.php(22): Illuminate\\Pipeline\\Pipeline->Illuminate\\Pipeline\\{closure}()
#26 C:\\Users\\HP\\Documents\\GitHub\\gestion-bibliotheque\\laravel-backend\\vendor\\laravel\\framework\\src\\Illuminate\\Pipeline\\Pipeline.php(209): Illuminate\\Foundation\\Http\\Middleware\\InvokeDeferredCallbacks->handle()
#27 C:\\Users\\HP\\Documents\\GitHub\\gestion-bibliotheque\\laravel-backend\\vendor\\laravel\\framework\\src\\Illuminate\\Pipeline\\Pipeline.php(127): Illuminate\\Pipeline\\Pipeline->Illuminate\\Pipeline\\{closure}()
#28 C:\\Users\\HP\\Documents\\GitHub\\gestion-bibliotheque\\laravel-backend\\vendor\\laravel\\framework\\src\\Illuminate\\Foundation\\Http\\Kernel.php(176): Illuminate\\Pipeline\\Pipeline->then()
#29 C:\\Users\\HP\\Documents\\GitHub\\gestion-bibliotheque\\laravel-backend\\vendor\\laravel\\framework\\src\\Illuminate\\Foundation\\Http\\Kernel.php(145): Illuminate\\Foundation\\Http\\Kernel->sendRequestThroughRouter()
#30 C:\\Users\\HP\\Documents\\GitHub\\gestion-bibliotheque\\laravel-backend\\vendor\\laravel\\framework\\src\\Illuminate\\Foundation\\Application.php(1216): Illuminate\\Foundation\\Http\\Kernel->handle()
#31 C:\\Users\\HP\\Documents\\GitHub\\gestion-bibliotheque\\laravel-backend\\public\\index.php(17): Illuminate\\Foundation\\Application->handleRequest()
#32 C:\\Users\\HP\\Documents\\GitHub\\gestion-bibliotheque\\laravel-backend\\vendor\\laravel\\framework\\src\\Illuminate\\Foundation\\resources\\server.php(23): require_once('...')
#33 {main}
"} 
[2025-03-22 12:42:51] local.ERROR: Auth driver [sanctum] for guard [sanctum] is not defined. {"exception":"[object] (InvalidArgumentException(code: 0): Auth driver [sanctum] for guard [sanctum] is not defined. at C:\\Users\\HP\\Documents\\GitHub\\gestion-bibliotheque\\laravel-backend\\vendor\\laravel\\framework\\src\\Illuminate\\Auth\\AuthManager.php:99)
[stacktrace]
#0 C:\\Users\\HP\\Documents\\GitHub\\gestion-bibliotheque\\laravel-backend\\vendor\\laravel\\framework\\src\\Illuminate\\Auth\\AuthManager.php(70): Illuminate\\Auth\\AuthManager->resolve()
#1 C:\\Users\\HP\\Documents\\GitHub\\gestion-bibliotheque\\laravel-backend\\vendor\\laravel\\framework\\src\\Illuminate\\Auth\\Middleware\\Authenticate.php(83): Illuminate\\Auth\\AuthManager->guard()
#2 C:\\Users\\HP\\Documents\\GitHub\\gestion-bibliotheque\\laravel-backend\\vendor\\laravel\\framework\\src\\Illuminate\\Auth\\Middleware\\Authenticate.php(62): Illuminate\\Auth\\Middleware\\Authenticate->authenticate()
#3 C:\\Users\\HP\\Documents\\GitHub\\gestion-bibliotheque\\laravel-backend\\vendor\\laravel\\framework\\src\\Illuminate\\Pipeline\\Pipeline.php(209): Illuminate\\Auth\\Middleware\\Authenticate->handle()
#4 C:\\Users\\HP\\Documents\\GitHub\\gestion-bibliotheque\\laravel-backend\\vendor\\laravel\\framework\\src\\Illuminate\\Pipeline\\Pipeline.php(127): Illuminate\\Pipeline\\Pipeline->Illuminate\\Pipeline\\{closure}()
#5 C:\\Users\\HP\\Documents\\GitHub\\gestion-bibliotheque\\laravel-backend\\vendor\\laravel\\framework\\src\\Illuminate\\Routing\\Router.php(807): Illuminate\\Pipeline\\Pipeline->then()
#6 C:\\Users\\HP\\Documents\\GitHub\\gestion-bibliotheque\\laravel-backend\\vendor\\laravel\\framework\\src\\Illuminate\\Routing\\Router.php(786): Illuminate\\Routing\\Router->runRouteWithinStack()
#7 C:\\Users\\HP\\Documents\\GitHub\\gestion-bibliotheque\\laravel-backend\\vendor\\laravel\\framework\\src\\Illuminate\\Routing\\Router.php(750): Illuminate\\Routing\\Router->runRoute()
#8 C:\\Users\\HP\\Documents\\GitHub\\gestion-bibliotheque\\laravel-backend\\vendor\\laravel\\framework\\src\\Illuminate\\Routing\\Router.php(739): Illuminate\\Routing\\Router->dispatchToRoute()
#9 C:\\Users\\HP\\Documents\\GitHub\\gestion-bibliotheque\\laravel-backend\\vendor\\laravel\\framework\\src\\Illuminate\\Foundation\\Http\\Kernel.php(201): Illuminate\\Routing\\Router->dispatch()
#10 C:\\Users\\HP\\Documents\\GitHub\\gestion-bibliotheque\\laravel-backend\\vendor\\laravel\\framework\\src\\Illuminate\\Pipeline\\Pipeline.php(170): Illuminate\\Foundation\\Http\\Kernel->Illuminate\\Foundation\\Http\\{closure}()
#11 C:\\Users\\HP\\Documents\\GitHub\\gestion-bibliotheque\\laravel-backend\\vendor\\laravel\\framework\\src\\Illuminate\\Foundation\\Http\\Middleware\\TransformsRequest.php(21): Illuminate\\Pipeline\\Pipeline->Illuminate\\Pipeline\\{closure}()
#12 C:\\Users\\HP\\Documents\\GitHub\\gestion-bibliotheque\\laravel-backend\\vendor\\laravel\\framework\\src\\Illuminate\\Foundation\\Http\\Middleware\\ConvertEmptyStringsToNull.php(31): Illuminate\\Foundation\\Http\\Middleware\\TransformsRequest->handle()
#13 C:\\Users\\HP\\Documents\\GitHub\\gestion-bibliotheque\\laravel-backend\\vendor\\laravel\\framework\\src\\Illuminate\\Pipeline\\Pipeline.php(209): Illuminate\\Foundation\\Http\\Middleware\\ConvertEmptyStringsToNull->handle()
#14 C:\\Users\\HP\\Documents\\GitHub\\gestion-bibliotheque\\laravel-backend\\vendor\\laravel\\framework\\src\\Illuminate\\Foundation\\Http\\Middleware\\TransformsRequest.php(21): Illuminate\\Pipeline\\Pipeline->Illuminate\\Pipeline\\{closure}()
#15 C:\\Users\\HP\\Documents\\GitHub\\gestion-bibliotheque\\laravel-backend\\vendor\\laravel\\framework\\src\\Illuminate\\Foundation\\Http\\Middleware\\TrimStrings.php(51): Illuminate\\Foundation\\Http\\Middleware\\TransformsRequest->handle()
#16 C:\\Users\\HP\\Documents\\GitHub\\gestion-bibliotheque\\laravel-backend\\vendor\\laravel\\framework\\src\\Illuminate\\Pipeline\\Pipeline.php(209): Illuminate\\Foundation\\Http\\Middleware\\TrimStrings->handle()
#17 C:\\Users\\HP\\Documents\\GitHub\\gestion-bibliotheque\\laravel-backend\\vendor\\laravel\\framework\\src\\Illuminate\\Http\\Middleware\\ValidatePostSize.php(27): Illuminate\\Pipeline\\Pipeline->Illuminate\\Pipeline\\{closure}()
#18 C:\\Users\\HP\\Documents\\GitHub\\gestion-bibliotheque\\laravel-backend\\vendor\\laravel\\framework\\src\\Illuminate\\Pipeline\\Pipeline.php(209): Illuminate\\Http\\Middleware\\ValidatePostSize->handle()
#19 C:\\Users\\HP\\Documents\\GitHub\\gestion-bibliotheque\\laravel-backend\\vendor\\laravel\\framework\\src\\Illuminate\\Foundation\\Http\\Middleware\\PreventRequestsDuringMaintenance.php(110): Illuminate\\Pipeline\\Pipeline->Illuminate\\Pipeline\\{closure}()
#20 C:\\Users\\HP\\Documents\\GitHub\\gestion-bibliotheque\\laravel-backend\\vendor\\laravel\\framework\\src\\Illuminate\\Pipeline\\Pipeline.php(209): Illuminate\\Foundation\\Http\\Middleware\\PreventRequestsDuringMaintenance->handle()
#21 C:\\Users\\HP\\Documents\\GitHub\\gestion-bibliotheque\\laravel-backend\\vendor\\laravel\\framework\\src\\Illuminate\\Http\\Middleware\\HandleCors.php(62): Illuminate\\Pipeline\\Pipeline->Illuminate\\Pipeline\\{closure}()
#22 C:\\Users\\HP\\Documents\\GitHub\\gestion-bibliotheque\\laravel-backend\\vendor\\laravel\\framework\\src\\Illuminate\\Pipeline\\Pipeline.php(209): Illuminate\\Http\\Middleware\\HandleCors->handle()
#23 C:\\Users\\HP\\Documents\\GitHub\\gestion-bibliotheque\\laravel-backend\\vendor\\laravel\\framework\\src\\Illuminate\\Http\\Middleware\\TrustProxies.php(58): Illuminate\\Pipeline\\Pipeline->Illuminate\\Pipeline\\{closure}()
#24 C:\\Users\\HP\\Documents\\GitHub\\gestion-bibliotheque\\laravel-backend\\vendor\\laravel\\framework\\src\\Illuminate\\Pipeline\\Pipeline.php(209): Illuminate\\Http\\Middleware\\TrustProxies->handle()
#25 C:\\Users\\HP\\Documents\\GitHub\\gestion-bibliotheque\\laravel-backend\\vendor\\laravel\\framework\\src\\Illuminate\\Foundation\\Http\\Middleware\\InvokeDeferredCallbacks.php(22): Illuminate\\Pipeline\\Pipeline->Illuminate\\Pipeline\\{closure}()
#26 C:\\Users\\HP\\Documents\\GitHub\\gestion-bibliotheque\\laravel-backend\\vendor\\laravel\\framework\\src\\Illuminate\\Pipeline\\Pipeline.php(209): Illuminate\\Foundation\\Http\\Middleware\\InvokeDeferredCallbacks->handle()
#27 C:\\Users\\HP\\Documents\\GitHub\\gestion-bibliotheque\\laravel-backend\\vendor\\laravel\\framework\\src\\Illuminate\\Pipeline\\Pipeline.php(127): Illuminate\\Pipeline\\Pipeline->Illuminate\\Pipeline\\{closure}()
#28 C:\\Users\\HP\\Documents\\GitHub\\gestion-bibliotheque\\laravel-backend\\vendor\\laravel\\framework\\src\\Illuminate\\Foundation\\Http\\Kernel.php(176): Illuminate\\Pipeline\\Pipeline->then()
#29 C:\\Users\\HP\\Documents\\GitHub\\gestion-bibliotheque\\laravel-backend\\vendor\\laravel\\framework\\src\\Illuminate\\Foundation\\Http\\Kernel.php(145): Illuminate\\Foundation\\Http\\Kernel->sendRequestThroughRouter()
#30 C:\\Users\\HP\\Documents\\GitHub\\gestion-bibliotheque\\laravel-backend\\vendor\\laravel\\framework\\src\\Illuminate\\Foundation\\Application.php(1216): Illuminate\\Foundation\\Http\\Kernel->handle()
#31 C:\\Users\\HP\\Documents\\GitHub\\gestion-bibliotheque\\laravel-backend\\public\\index.php(17): Illuminate\\Foundation\\Application->handleRequest()
#32 C:\\Users\\HP\\Documents\\GitHub\\gestion-bibliotheque\\laravel-backend\\vendor\\laravel\\framework\\src\\Illuminate\\Foundation\\resources\\server.php(23): require_once('...')
#33 {main}
"} 
[2025-03-22 12:47:15] local.ERROR: Auth driver [sanctum] for guard [sanctum] is not defined. {"exception":"[object] (InvalidArgumentException(code: 0): Auth driver [sanctum] for guard [sanctum] is not defined. at C:\\Users\\HP\\Documents\\GitHub\\gestion-bibliotheque\\laravel-backend\\vendor\\laravel\\framework\\src\\Illuminate\\Auth\\AuthManager.php:99)
[stacktrace]
#0 C:\\Users\\HP\\Documents\\GitHub\\gestion-bibliotheque\\laravel-backend\\vendor\\laravel\\framework\\src\\Illuminate\\Auth\\AuthManager.php(70): Illuminate\\Auth\\AuthManager->resolve()
#1 C:\\Users\\HP\\Documents\\GitHub\\gestion-bibliotheque\\laravel-backend\\vendor\\laravel\\framework\\src\\Illuminate\\Auth\\Middleware\\Authenticate.php(83): Illuminate\\Auth\\AuthManager->guard()
#2 C:\\Users\\HP\\Documents\\GitHub\\gestion-bibliotheque\\laravel-backend\\vendor\\laravel\\framework\\src\\Illuminate\\Auth\\Middleware\\Authenticate.php(62): Illuminate\\Auth\\Middleware\\Authenticate->authenticate()
#3 C:\\Users\\HP\\Documents\\GitHub\\gestion-bibliotheque\\laravel-backend\\vendor\\laravel\\framework\\src\\Illuminate\\Pipeline\\Pipeline.php(209): Illuminate\\Auth\\Middleware\\Authenticate->handle()
#4 C:\\Users\\HP\\Documents\\GitHub\\gestion-bibliotheque\\laravel-backend\\vendor\\laravel\\framework\\src\\Illuminate\\Pipeline\\Pipeline.php(127): Illuminate\\Pipeline\\Pipeline->Illuminate\\Pipeline\\{closure}()
#5 C:\\Users\\HP\\Documents\\GitHub\\gestion-bibliotheque\\laravel-backend\\vendor\\laravel\\framework\\src\\Illuminate\\Routing\\Router.php(807): Illuminate\\Pipeline\\Pipeline->then()
#6 C:\\Users\\HP\\Documents\\GitHub\\gestion-bibliotheque\\laravel-backend\\vendor\\laravel\\framework\\src\\Illuminate\\Routing\\Router.php(786): Illuminate\\Routing\\Router->runRouteWithinStack()
#7 C:\\Users\\HP\\Documents\\GitHub\\gestion-bibliotheque\\laravel-backend\\vendor\\laravel\\framework\\src\\Illuminate\\Routing\\Router.php(750): Illuminate\\Routing\\Router->runRoute()
#8 C:\\Users\\HP\\Documents\\GitHub\\gestion-bibliotheque\\laravel-backend\\vendor\\laravel\\framework\\src\\Illuminate\\Routing\\Router.php(739): Illuminate\\Routing\\Router->dispatchToRoute()
#9 C:\\Users\\HP\\Documents\\GitHub\\gestion-bibliotheque\\laravel-backend\\vendor\\laravel\\framework\\src\\Illuminate\\Foundation\\Http\\Kernel.php(201): Illuminate\\Routing\\Router->dispatch()
#10 C:\\Users\\HP\\Documents\\GitHub\\gestion-bibliotheque\\laravel-backend\\vendor\\laravel\\framework\\src\\Illuminate\\Pipeline\\Pipeline.php(170): Illuminate\\Foundation\\Http\\Kernel->Illuminate\\Foundation\\Http\\{closure}()
#11 C:\\Users\\HP\\Documents\\GitHub\\gestion-bibliotheque\\laravel-backend\\vendor\\laravel\\framework\\src\\Illuminate\\Foundation\\Http\\Middleware\\TransformsRequest.php(21): Illuminate\\Pipeline\\Pipeline->Illuminate\\Pipeline\\{closure}()
#12 C:\\Users\\HP\\Documents\\GitHub\\gestion-bibliotheque\\laravel-backend\\vendor\\laravel\\framework\\src\\Illuminate\\Foundation\\Http\\Middleware\\ConvertEmptyStringsToNull.php(31): Illuminate\\Foundation\\Http\\Middleware\\TransformsRequest->handle()
#13 C:\\Users\\HP\\Documents\\GitHub\\gestion-bibliotheque\\laravel-backend\\vendor\\laravel\\framework\\src\\Illuminate\\Pipeline\\Pipeline.php(209): Illuminate\\Foundation\\Http\\Middleware\\ConvertEmptyStringsToNull->handle()
#14 C:\\Users\\HP\\Documents\\GitHub\\gestion-bibliotheque\\laravel-backend\\vendor\\laravel\\framework\\src\\Illuminate\\Foundation\\Http\\Middleware\\TransformsRequest.php(21): Illuminate\\Pipeline\\Pipeline->Illuminate\\Pipeline\\{closure}()
#15 C:\\Users\\HP\\Documents\\GitHub\\gestion-bibliotheque\\laravel-backend\\vendor\\laravel\\framework\\src\\Illuminate\\Foundation\\Http\\Middleware\\TrimStrings.php(51): Illuminate\\Foundation\\Http\\Middleware\\TransformsRequest->handle()
#16 C:\\Users\\HP\\Documents\\GitHub\\gestion-bibliotheque\\laravel-backend\\vendor\\laravel\\framework\\src\\Illuminate\\Pipeline\\Pipeline.php(209): Illuminate\\Foundation\\Http\\Middleware\\TrimStrings->handle()
#17 C:\\Users\\HP\\Documents\\GitHub\\gestion-bibliotheque\\laravel-backend\\vendor\\laravel\\framework\\src\\Illuminate\\Http\\Middleware\\ValidatePostSize.php(27): Illuminate\\Pipeline\\Pipeline->Illuminate\\Pipeline\\{closure}()
#18 C:\\Users\\HP\\Documents\\GitHub\\gestion-bibliotheque\\laravel-backend\\vendor\\laravel\\framework\\src\\Illuminate\\Pipeline\\Pipeline.php(209): Illuminate\\Http\\Middleware\\ValidatePostSize->handle()
#19 C:\\Users\\HP\\Documents\\GitHub\\gestion-bibliotheque\\laravel-backend\\vendor\\laravel\\framework\\src\\Illuminate\\Foundation\\Http\\Middleware\\PreventRequestsDuringMaintenance.php(110): Illuminate\\Pipeline\\Pipeline->Illuminate\\Pipeline\\{closure}()
#20 C:\\Users\\HP\\Documents\\GitHub\\gestion-bibliotheque\\laravel-backend\\vendor\\laravel\\framework\\src\\Illuminate\\Pipeline\\Pipeline.php(209): Illuminate\\Foundation\\Http\\Middleware\\PreventRequestsDuringMaintenance->handle()
#21 C:\\Users\\HP\\Documents\\GitHub\\gestion-bibliotheque\\laravel-backend\\vendor\\laravel\\framework\\src\\Illuminate\\Http\\Middleware\\HandleCors.php(62): Illuminate\\Pipeline\\Pipeline->Illuminate\\Pipeline\\{closure}()
#22 C:\\Users\\HP\\Documents\\GitHub\\gestion-bibliotheque\\laravel-backend\\vendor\\laravel\\framework\\src\\Illuminate\\Pipeline\\Pipeline.php(209): Illuminate\\Http\\Middleware\\HandleCors->handle()
#23 C:\\Users\\HP\\Documents\\GitHub\\gestion-bibliotheque\\laravel-backend\\vendor\\laravel\\framework\\src\\Illuminate\\Http\\Middleware\\TrustProxies.php(58): Illuminate\\Pipeline\\Pipeline->Illuminate\\Pipeline\\{closure}()
#24 C:\\Users\\HP\\Documents\\GitHub\\gestion-bibliotheque\\laravel-backend\\vendor\\laravel\\framework\\src\\Illuminate\\Pipeline\\Pipeline.php(209): Illuminate\\Http\\Middleware\\TrustProxies->handle()
#25 C:\\Users\\HP\\Documents\\GitHub\\gestion-bibliotheque\\laravel-backend\\vendor\\laravel\\framework\\src\\Illuminate\\Foundation\\Http\\Middleware\\InvokeDeferredCallbacks.php(22): Illuminate\\Pipeline\\Pipeline->Illuminate\\Pipeline\\{closure}()
#26 C:\\Users\\HP\\Documents\\GitHub\\gestion-bibliotheque\\laravel-backend\\vendor\\laravel\\framework\\src\\Illuminate\\Pipeline\\Pipeline.php(209): Illuminate\\Foundation\\Http\\Middleware\\InvokeDeferredCallbacks->handle()
#27 C:\\Users\\HP\\Documents\\GitHub\\gestion-bibliotheque\\laravel-backend\\vendor\\laravel\\framework\\src\\Illuminate\\Pipeline\\Pipeline.php(127): Illuminate\\Pipeline\\Pipeline->Illuminate\\Pipeline\\{closure}()
#28 C:\\Users\\HP\\Documents\\GitHub\\gestion-bibliotheque\\laravel-backend\\vendor\\laravel\\framework\\src\\Illuminate\\Foundation\\Http\\Kernel.php(176): Illuminate\\Pipeline\\Pipeline->then()
#29 C:\\Users\\HP\\Documents\\GitHub\\gestion-bibliotheque\\laravel-backend\\vendor\\laravel\\framework\\src\\Illuminate\\Foundation\\Http\\Kernel.php(145): Illuminate\\Foundation\\Http\\Kernel->sendRequestThroughRouter()
#30 C:\\Users\\HP\\Documents\\GitHub\\gestion-bibliotheque\\laravel-backend\\vendor\\laravel\\framework\\src\\Illuminate\\Foundation\\Application.php(1216): Illuminate\\Foundation\\Http\\Kernel->handle()
#31 C:\\Users\\HP\\Documents\\GitHub\\gestion-bibliotheque\\laravel-backend\\public\\index.php(17): Illuminate\\Foundation\\Application->handleRequest()
#32 C:\\Users\\HP\\Documents\\GitHub\\gestion-bibliotheque\\laravel-backend\\vendor\\laravel\\framework\\src\\Illuminate\\Foundation\\resources\\server.php(23): require_once('...')
#33 {main}
"} 
[2025-03-22 13:25:30] local.ERROR: Call to undefined method Illuminate\Foundation\Configuration\Middleware::add() {"exception":"[object] (Error(code: 0): Call to undefined method Illuminate\\Foundation\\Configuration\\Middleware::add() at C:\\Users\\HP\\Documents\\GitHub\\gestion-bibliotheque\\laravel-backend\\bootstrap\\app.php:16)
[stacktrace]
#0 C:\\Users\\HP\\Documents\\GitHub\\gestion-bibliotheque\\laravel-backend\\vendor\\laravel\\framework\\src\\Illuminate\\Foundation\\Configuration\\ApplicationBuilder.php(281): {closure}()
#1 C:\\Users\\HP\\Documents\\GitHub\\gestion-bibliotheque\\laravel-backend\\vendor\\laravel\\framework\\src\\Illuminate\\Container\\Container.php(1417): Illuminate\\Foundation\\Configuration\\ApplicationBuilder->Illuminate\\Foundation\\Configuration\\{closure}()
#2 C:\\Users\\HP\\Documents\\GitHub\\gestion-bibliotheque\\laravel-backend\\vendor\\laravel\\framework\\src\\Illuminate\\Container\\Container.php(1353): Illuminate\\Container\\Container->fireCallbackArray()
#3 C:\\Users\\HP\\Documents\\GitHub\\gestion-bibliotheque\\laravel-backend\\vendor\\laravel\\framework\\src\\Illuminate\\Container\\Container.php(1339): Illuminate\\Container\\Container->fireAfterResolvingCallbacks()
#4 C:\\Users\\HP\\Documents\\GitHub\\gestion-bibliotheque\\laravel-backend\\vendor\\laravel\\framework\\src\\Illuminate\\Container\\Container.php(837): Illuminate\\Container\\Container->fireResolvingCallbacks()
#5 C:\\Users\\HP\\Documents\\GitHub\\gestion-bibliotheque\\laravel-backend\\vendor\\laravel\\framework\\src\\Illuminate\\Foundation\\Application.php(1074): Illuminate\\Container\\Container->resolve()
#6 C:\\Users\\HP\\Documents\\GitHub\\gestion-bibliotheque\\laravel-backend\\vendor\\laravel\\framework\\src\\Illuminate\\Container\\Container.php(755): Illuminate\\Foundation\\Application->resolve()
#7 C:\\Users\\HP\\Documents\\GitHub\\gestion-bibliotheque\\laravel-backend\\vendor\\laravel\\framework\\src\\Illuminate\\Foundation\\Application.php(1056): Illuminate\\Container\\Container->make()
#8 C:\\Users\\HP\\Documents\\GitHub\\gestion-bibliotheque\\laravel-backend\\vendor\\laravel\\sanctum\\src\\SanctumServiceProvider.php(119): Illuminate\\Foundation\\Application->make()
#9 C:\\Users\\HP\\Documents\\GitHub\\gestion-bibliotheque\\laravel-backend\\vendor\\laravel\\sanctum\\src\\SanctumServiceProvider.php(58): Laravel\\Sanctum\\SanctumServiceProvider->configureMiddleware()
#10 C:\\Users\\HP\\Documents\\GitHub\\gestion-bibliotheque\\laravel-backend\\vendor\\laravel\\framework\\src\\Illuminate\\Container\\BoundMethod.php(36): Laravel\\Sanctum\\SanctumServiceProvider->boot()
#11 C:\\Users\\HP\\Documents\\GitHub\\gestion-bibliotheque\\laravel-backend\\vendor\\laravel\\framework\\src\\Illuminate\\Container\\Util.php(43): Illuminate\\Container\\BoundMethod::Illuminate\\Container\\{closure}()
#12 C:\\Users\\HP\\Documents\\GitHub\\gestion-bibliotheque\\laravel-backend\\vendor\\laravel\\framework\\src\\Illuminate\\Container\\BoundMethod.php(95): Illuminate\\Container\\Util::unwrapIfClosure()
#13 C:\\Users\\HP\\Documents\\GitHub\\gestion-bibliotheque\\laravel-backend\\vendor\\laravel\\framework\\src\\Illuminate\\Container\\BoundMethod.php(35): Illuminate\\Container\\BoundMethod::callBoundMethod()
#14 C:\\Users\\HP\\Documents\\GitHub\\gestion-bibliotheque\\laravel-backend\\vendor\\laravel\\framework\\src\\Illuminate\\Container\\Container.php(694): Illuminate\\Container\\BoundMethod::call()
#15 C:\\Users\\HP\\Documents\\GitHub\\gestion-bibliotheque\\laravel-backend\\vendor\\laravel\\framework\\src\\Illuminate\\Foundation\\Application.php(1147): Illuminate\\Container\\Container->call()
#16 C:\\Users\\HP\\Documents\\GitHub\\gestion-bibliotheque\\laravel-backend\\vendor\\laravel\\framework\\src\\Illuminate\\Foundation\\Application.php(1128): Illuminate\\Foundation\\Application->bootProvider()
#17 [internal function]: Illuminate\\Foundation\\Application->Illuminate\\Foundation\\{closure}()
#18 C:\\Users\\HP\\Documents\\GitHub\\gestion-bibliotheque\\laravel-backend\\vendor\\laravel\\framework\\src\\Illuminate\\Foundation\\Application.php(1127): array_walk()
#19 C:\\Users\\HP\\Documents\\GitHub\\gestion-bibliotheque\\laravel-backend\\vendor\\laravel\\framework\\src\\Illuminate\\Foundation\\Bootstrap\\BootProviders.php(17): Illuminate\\Foundation\\Application->boot()
#20 C:\\Users\\HP\\Documents\\GitHub\\gestion-bibliotheque\\laravel-backend\\vendor\\laravel\\framework\\src\\Illuminate\\Foundation\\Application.php(342): Illuminate\\Foundation\\Bootstrap\\BootProviders->bootstrap()
#21 C:\\Users\\HP\\Documents\\GitHub\\gestion-bibliotheque\\laravel-backend\\vendor\\laravel\\framework\\src\\Illuminate\\Foundation\\Console\\Kernel.php(474): Illuminate\\Foundation\\Application->bootstrapWith()
#22 C:\\Users\\HP\\Documents\\GitHub\\gestion-bibliotheque\\laravel-backend\\vendor\\laravel\\framework\\src\\Illuminate\\Foundation\\Console\\Kernel.php(196): Illuminate\\Foundation\\Console\\Kernel->bootstrap()
#23 C:\\Users\\HP\\Documents\\GitHub\\gestion-bibliotheque\\laravel-backend\\vendor\\laravel\\framework\\src\\Illuminate\\Foundation\\Application.php(1231): Illuminate\\Foundation\\Console\\Kernel->handle()
#24 C:\\Users\\HP\\Documents\\GitHub\\gestion-bibliotheque\\laravel-backend\\artisan(13): Illuminate\\Foundation\\Application->handleCommand()
#25 {main}
"} 
